[INFO] Scanning for projects...
[INFO] 
[INFO] --------------------< org.mranked:m-ranked-backend >--------------------
[INFO] Building m-ranked backend 0.1.0-SNAPSHOT
[INFO]   from pom.xml
[INFO] --------------------------------[ jar ]---------------------------------
[INFO] 
[INFO] --- enforcer:3.6.2:enforce (require-java-21) @ m-ranked-backend ---
[INFO] Rule 0: org.apache.maven.enforcer.rules.version.RequireJavaVersion passed
[INFO] 
[INFO] --- spring-boot:4.0.8:build-info (public-representation-build-identity) @ m-ranked-backend ---
[INFO] 
[INFO] --- resources:3.3.1:resources (default-resources) @ m-ranked-backend ---
[INFO] Copying 28 resources from src/main/resources to ../migration/reports/integration-review-20260905-r8/backend-build/classes
[INFO] Copying 1 resource from ../contracts/openapi to ../migration/reports/integration-review-20260905-r8/backend-build/classes/contract
[INFO] 
[INFO] --- compiler:3.14.1:compile (default-compile) @ m-ranked-backend ---
[INFO] Nothing to compile - all classes are up to date.
[INFO] 
[INFO] --- resources:3.3.1:testResources (default-testResources) @ m-ranked-backend ---
[INFO] Copying 1 resource from src/test/resources to ../migration/reports/integration-review-20260905-r8/backend-build/test-classes
[INFO] 
[INFO] --- compiler:3.14.1:testCompile (default-testCompile) @ m-ranked-backend ---
[INFO] Nothing to compile - all classes are up to date.
[INFO] 
[INFO] --- surefire:3.5.6:test (default-test) @ m-ranked-backend ---
[INFO] Using auto detected provider org.apache.maven.surefire.junitplatform.JUnitPlatformProvider
[INFO] 
[INFO] -------------------------------------------------------
[INFO]  T E S T S
[INFO] -------------------------------------------------------
[INFO] Running org.mranked.contract.OpenApiContractTest
[INFO] Tests run: 2, Failures: 0, Errors: 0, Skipped: 0, Time elapsed: 0.217 s -- in org.mranked.contract.OpenApiContractTest
[INFO] Running org.mranked.cache.application.PublicDtoCacheTest
[INFO] Tests run: 5, Failures: 0, Errors: 0, Skipped: 0, Time elapsed: 0.221 s -- in org.mranked.cache.application.PublicDtoCacheTest
[INFO] Running org.mranked.cache.application.PublicCacheKeyFactoryTest
[INFO] Tests run: 3, Failures: 0, Errors: 0, Skipped: 0, Time elapsed: 0.007 s -- in org.mranked.cache.application.PublicCacheKeyFactoryTest
[INFO] Running org.mranked.cache.application.ETagFactoryTest
[INFO] Tests run: 2, Failures: 0, Errors: 0, Skipped: 0, Time elapsed: 0.005 s -- in org.mranked.cache.application.ETagFactoryTest
[INFO] Running org.mranked.cache.infrastructure.JdbcDatasetRevisionProviderTest
[INFO] Tests run: 1, Failures: 0, Errors: 0, Skipped: 0, Time elapsed: 0.001 s -- in org.mranked.cache.infrastructure.JdbcDatasetRevisionProviderTest
[INFO] Running org.mranked.cache.infrastructure.RedisRevisionInvalidationSubscriberTest
[INFO] Tests run: 1, Failures: 0, Errors: 0, Skipped: 0, Time elapsed: 0.005 s -- in org.mranked.cache.infrastructure.RedisRevisionInvalidationSubscriberTest
[INFO] Running org.mranked.cache.infrastructure.RedisPublicCacheIntegrationTest
09:45:15.893 [main] WARN io.netty.resolver.dns.DnsServerAddressStreamProviders -- Can not find io.netty.resolver.dns.macos.MacOSDnsServerAddressStreamProvider in the classpath, fallback to system defaults. This may result in incorrect DNS resolutions on MacOS. Check whether you have a dependency on 'io.netty:netty-resolver-dns-native-macos'
[INFO] Tests run: 1, Failures: 0, Errors: 0, Skipped: 0, Time elapsed: 1.609 s -- in org.mranked.cache.infrastructure.RedisPublicCacheIntegrationTest
[INFO] Running org.mranked.admin.web.LegacyFormExceptionHandlerTest
[INFO] Tests run: 1, Failures: 0, Errors: 0, Skipped: 0, Time elapsed: 0.020 s -- in org.mranked.admin.web.LegacyFormExceptionHandlerTest
[INFO] Running org.mranked.admin.web.AdminControllerTest
09:45:17.392 [main] INFO org.hibernate.validator.internal.util.Version -- HV000001: Hibernate Validator 9.0.1.Final
09:45:17.685 [main] INFO org.springframework.mock.web.MockServletContext -- Initializing Spring TestDispatcherServlet ''
09:45:17.686 [main] INFO org.springframework.test.web.servlet.TestDispatcherServlet -- Initializing Servlet ''
09:45:17.688 [main] INFO org.springframework.test.web.servlet.TestDispatcherServlet -- Completed initialization in 2 ms
09:45:17.817 [main] INFO org.springframework.mock.web.MockServletContext -- Initializing Spring TestDispatcherServlet ''
09:45:17.818 [main] INFO org.springframework.test.web.servlet.TestDispatcherServlet -- Initializing Servlet ''
09:45:17.818 [main] INFO org.springframework.test.web.servlet.TestDispatcherServlet -- Completed initialization in 0 ms
09:45:17.844 [main] INFO org.springframework.mock.web.MockServletContext -- Initializing Spring TestDispatcherServlet ''
09:45:17.844 [main] INFO org.springframework.test.web.servlet.TestDispatcherServlet -- Initializing Servlet ''
09:45:17.845 [main] INFO org.springframework.test.web.servlet.TestDispatcherServlet -- Completed initialization in 0 ms
09:45:17.896 [main] INFO org.springframework.mock.web.MockServletContext -- Initializing Spring TestDispatcherServlet ''
09:45:17.896 [main] INFO org.springframework.test.web.servlet.TestDispatcherServlet -- Initializing Servlet ''
09:45:17.896 [main] INFO org.springframework.test.web.servlet.TestDispatcherServlet -- Completed initialization in 0 ms
[INFO] Tests run: 4, Failures: 0, Errors: 0, Skipped: 0, Time elapsed: 0.542 s -- in org.mranked.admin.web.AdminControllerTest
[INFO] Running org.mranked.admin.application.LegacyCatalogServiceTest
[INFO] Tests run: 5, Failures: 0, Errors: 0, Skipped: 0, Time elapsed: 0.014 s -- in org.mranked.admin.application.LegacyCatalogServiceTest
[INFO] Running org.mranked.admin.application.AccountReferenceTest
[INFO] Tests run: 3, Failures: 0, Errors: 0, Skipped: 0, Time elapsed: 0.006 s -- in org.mranked.admin.application.AccountReferenceTest
[INFO] Running org.mranked.admin.application.AdminServiceTest
[INFO] Tests run: 6, Failures: 0, Errors: 0, Skipped: 0, Time elapsed: 0.009 s -- in org.mranked.admin.application.AdminServiceTest
[INFO] Running org.mranked.admin.infrastructure.CatalogPostgresIntegrationTest
[INFO] Tests run: 6, Failures: 0, Errors: 0, Skipped: 0, Time elapsed: 5.795 s -- in org.mranked.admin.infrastructure.CatalogPostgresIntegrationTest
[INFO] Running org.mranked.admin.infrastructure.JdbcAdminSqlTest
[INFO] Tests run: 3, Failures: 0, Errors: 0, Skipped: 0, Time elapsed: 0.005 s -- in org.mranked.admin.infrastructure.JdbcAdminSqlTest
[INFO] Running org.mranked.admin.infrastructure.AdminPostgresIntegrationTest
[INFO] Tests run: 1, Failures: 0, Errors: 0, Skipped: 0, Time elapsed: 0.813 s -- in org.mranked.admin.infrastructure.AdminPostgresIntegrationTest
[INFO] Running org.mranked.admin.infrastructure.HttpOfficialRatingSourceTest
[INFO] Tests run: 2, Failures: 0, Errors: 0, Skipped: 0, Time elapsed: 0.010 s -- in org.mranked.admin.infrastructure.HttpOfficialRatingSourceTest
[INFO] Running org.mranked.admin.infrastructure.AdminConfigurationTest
[INFO] Tests run: 2, Failures: 0, Errors: 0, Skipped: 0, Time elapsed: 0.027 s -- in org.mranked.admin.infrastructure.AdminConfigurationTest
[INFO] Running org.mranked.admin.infrastructure.LegacyFormPostgresIntegrationTest
[INFO] Tests run: 1, Failures: 0, Errors: 0, Skipped: 0, Time elapsed: 0.641 s -- in org.mranked.admin.infrastructure.LegacyFormPostgresIntegrationTest
[INFO] Running org.mranked.admin.infrastructure.ApiSecurityConfigurationTest
09:45:25.952 [main] INFO org.springframework.security.config.annotation.authentication.configuration.InitializeUserDetailsBeanManagerConfigurer$InitializeUserDetailsManagerConfigurer -- Global AuthenticationManager configured with UserDetailsService bean with name adminUserDetailsService
09:45:26.063 [main] INFO org.springframework.mock.web.MockServletContext -- Initializing Spring TestDispatcherServlet ''
09:45:26.063 [main] INFO org.springframework.test.web.servlet.TestDispatcherServlet -- Initializing Servlet ''
09:45:26.064 [main] INFO org.springframework.test.web.servlet.TestDispatcherServlet -- Completed initialization in 1 ms
09:45:26.362 [main] INFO org.springframework.security.config.annotation.authentication.configuration.InitializeUserDetailsBeanManagerConfigurer$InitializeUserDetailsManagerConfigurer -- Global AuthenticationManager configured with UserDetailsService bean with name adminUserDetailsService
09:45:26.386 [main] INFO org.springframework.mock.web.MockServletContext -- Initializing Spring TestDispatcherServlet ''
09:45:26.386 [main] INFO org.springframework.test.web.servlet.TestDispatcherServlet -- Initializing Servlet ''
09:45:26.386 [main] INFO org.springframework.test.web.servlet.TestDispatcherServlet -- Completed initialization in 0 ms
09:45:26.672 [main] INFO org.springframework.security.config.annotation.authentication.configuration.InitializeUserDetailsBeanManagerConfigurer$InitializeUserDetailsManagerConfigurer -- Global AuthenticationManager configured with UserDetailsService bean with name adminUserDetailsService
09:45:26.700 [main] INFO org.springframework.mock.web.MockServletContext -- Initializing Spring TestDispatcherServlet ''
09:45:26.700 [main] INFO org.springframework.test.web.servlet.TestDispatcherServlet -- Initializing Servlet ''
09:45:26.701 [main] INFO org.springframework.test.web.servlet.TestDispatcherServlet -- Completed initialization in 1 ms
09:45:26.998 [main] INFO org.springframework.security.config.annotation.authentication.configuration.InitializeUserDetailsBeanManagerConfigurer$InitializeUserDetailsManagerConfigurer -- Global AuthenticationManager configured with UserDetailsService bean with name adminUserDetailsService
09:45:27.013 [main] INFO org.springframework.mock.web.MockServletContext -- Initializing Spring TestDispatcherServlet ''
09:45:27.013 [main] INFO org.springframework.test.web.servlet.TestDispatcherServlet -- Initializing Servlet ''
09:45:27.014 [main] INFO org.springframework.test.web.servlet.TestDispatcherServlet -- Completed initialization in 1 ms
09:45:27.939 [main] INFO org.springframework.security.config.annotation.authentication.configuration.InitializeUserDetailsBeanManagerConfigurer$InitializeUserDetailsManagerConfigurer -- Global AuthenticationManager configured with UserDetailsService bean with name adminUserDetailsService
09:45:27.955 [main] INFO org.springframework.mock.web.MockServletContext -- Initializing Spring TestDispatcherServlet ''
09:45:27.955 [main] INFO org.springframework.test.web.servlet.TestDispatcherServlet -- Initializing Servlet ''
09:45:27.956 [main] INFO org.springframework.test.web.servlet.TestDispatcherServlet -- Completed initialization in 1 ms
09:45:28.228 [main] INFO org.springframework.security.config.annotation.authentication.configuration.InitializeUserDetailsBeanManagerConfigurer$InitializeUserDetailsManagerConfigurer -- Global AuthenticationManager configured with UserDetailsService bean with name adminUserDetailsService
09:45:28.241 [main] INFO org.springframework.mock.web.MockServletContext -- Initializing Spring TestDispatcherServlet ''
09:45:28.242 [main] INFO org.springframework.test.web.servlet.TestDispatcherServlet -- Initializing Servlet ''
09:45:28.242 [main] INFO org.springframework.test.web.servlet.TestDispatcherServlet -- Completed initialization in 0 ms
[INFO] Tests run: 6, Failures: 0, Errors: 0, Skipped: 0, Time elapsed: 3.024 s -- in org.mranked.admin.infrastructure.ApiSecurityConfigurationTest
[INFO] Running org.mranked.admin.infrastructure.OfficialRatingParserTest
[INFO] Tests run: 2, Failures: 0, Errors: 0, Skipped: 0, Time elapsed: 0.022 s -- in org.mranked.admin.infrastructure.OfficialRatingParserTest
[INFO] Running org.mranked.admin.infrastructure.LegacyAccountPresentationPostgresIntegrationTest
[INFO] Tests run: 4, Failures: 0, Errors: 0, Skipped: 0, Time elapsed: 0.216 s -- in org.mranked.admin.infrastructure.LegacyAccountPresentationPostgresIntegrationTest
[INFO] Running org.mranked.admin.infrastructure.CatalogHttpPostgresIntegrationTest
09:45:28.558 [main] INFO org.springframework.security.config.annotation.authentication.configuration.InitializeUserDetailsBeanManagerConfigurer$InitializeUserDetailsManagerConfigurer -- Global AuthenticationManager configured with UserDetailsService bean with name adminUserDetailsService
09:45:28.599 [main] INFO org.springframework.mock.web.MockServletContext -- Initializing Spring TestDispatcherServlet ''
09:45:28.599 [main] INFO org.springframework.test.web.servlet.TestDispatcherServlet -- Initializing Servlet ''
09:45:28.600 [main] INFO org.springframework.test.web.servlet.TestDispatcherServlet -- Completed initialization in 1 ms
[INFO] Tests run: 1, Failures: 0, Errors: 0, Skipped: 0, Time elapsed: 1.510 s -- in org.mranked.admin.infrastructure.CatalogHttpPostgresIntegrationTest
[INFO] Running org.mranked.admin.infrastructure.OfficialRatingContextPostgresIntegrationTest
09:45:30.376 [main] INFO org.flywaydb.core.FlywayExecutor -- Database: jdbc:postgresql://127.0.0.1:54849/mranked_official_e9b43548d9a9466cb2b3579a6ccc0d04_it (PostgreSQL 18.6)
09:45:30.421 [main] INFO org.flywaydb.core.internal.database.base.Schema -- Creating schema "flyway" ...
09:45:30.430 [main] INFO org.flywaydb.core.internal.schemahistory.JdbcTableSchemaHistory -- Creating Schema History table "flyway"."flyway_schema_history" ...
09:45:30.496 [main] INFO org.flywaydb.core.internal.command.DbMigrate -- Current version of schema "flyway": null
09:45:30.556 [main] INFO org.flywaydb.core.internal.command.DbMigrate -- Migrating schema "flyway" to version "1 - target baseline"
09:45:31.124 [main] INFO org.flywaydb.core.internal.sqlscript.DefaultSqlScriptExecutor -- +--------------------------------------------+
| ensure_publication_metric_partition        |
+--------------------------------------------+
| ingest.publication_metric_snapshot_2026_06 |
| ingest.publication_metric_snapshot_2026_07 |
| ingest.publication_metric_snapshot_2026_08 |
| ingest.publication_metric_snapshot_2026_09 |
| ingest.publication_metric_snapshot_2026_10 |
| ingest.publication_metric_snapshot_2026_11 |
+--------------------------------------------+

09:45:31.257 [main] INFO org.flywaydb.core.internal.command.DbMigrate -- Migrating schema "flyway" to version "2 - rebuild core projections"
09:45:31.365 [main] INFO org.flywaydb.core.internal.command.DbMigrate -- Migrating schema "flyway" to version "3 - collector observation times and identity grants"
09:45:31.453 [main] INFO org.flywaydb.core.internal.command.DbMigrate -- Migrating schema "flyway" to version "4 - admin collection run status grants"
09:45:31.471 [main] INFO org.flywaydb.core.internal.command.DbMigrate -- Migrating schema "flyway" to version "5 - legacy activity period projection"
09:45:31.497 [main] INFO org.flywaydb.core.internal.command.DbMigrate -- Migrating schema "flyway" to version "6 - comparison valid observation hourly projection"
09:45:31.535 [main] INFO org.flywaydb.core.internal.command.DbMigrate -- Migrating schema "flyway" to version "7 - activity rating read grants"
09:45:31.584 [main] INFO org.flywaydb.core.internal.command.DbMigrate -- Migrating schema "flyway" to version "8 - legacy overview projection"
09:45:31.659 [main] INFO org.flywaydb.core.internal.command.DbMigrate -- Migrating schema "flyway" to version "9 - immutable observations quality archive fence"
09:45:31.802 [main] INFO org.flywaydb.core.internal.command.DbMigrate -- Migrating schema "flyway" to version "10 - consistent public queries and formula guards"
09:45:31.860 [main] INFO org.flywaydb.core.internal.command.DbMigrate -- Migrating schema "flyway" to version "11 - bridge identity lineage and reconciliation"
09:45:31.909 [main] INFO org.flywaydb.core.internal.command.DbMigrate -- Migrating schema "flyway" to version "12 - detail history projection"
09:45:31.960 [main] INFO org.flywaydb.core.internal.command.DbMigrate -- Migrating schema "flyway" to version "13 - immutable account identity history"
09:45:31.996 [main] INFO org.flywaydb.core.internal.command.DbMigrate -- Migrating schema "flyway" to version "14 - public archived publication text"
09:45:32.051 [main] INFO org.flywaydb.core.internal.command.DbMigrate -- Migrating schema "flyway" to version "15 - verified source preservation"
09:45:32.101 [main] INFO org.flywaydb.core.internal.command.DbMigrate -- Migrating schema "flyway" to version "16 - audited catalog commands"
09:45:32.233 [main] INFO org.flywaydb.core.internal.command.DbMigrate -- Migrating schema "flyway" to version "17 - legacy csv compatibility projection"
09:45:32.344 [main] INFO org.flywaydb.core.internal.command.DbMigrate -- Migrating schema "flyway" to version "18 - official rating commands"
09:45:32.465 [main] INFO org.flywaydb.core.internal.command.DbMigrate -- Migrating schema "flyway" to version "19 - safe health operational snapshot"
09:45:32.502 [main] INFO org.flywaydb.core.internal.command.DbMigrate -- Migrating schema "flyway" to version "20 - catalog url and version compatibility"
09:45:32.533 [main] INFO org.flywaydb.core.internal.command.DbMigrate -- Migrating schema "flyway" to version "21 - legacy period first observation policy"
09:45:32.584 [main] INFO org.flywaydb.core.internal.command.DbMigrate -- Migrating schema "flyway" to version "22 - durable legacy csv archive facts"
09:45:32.656 [main] INFO org.flywaydb.core.internal.command.DbMigrate -- Migrating schema "flyway" to version "23 - official rating entity context"
09:45:32.694 [main] INFO org.flywaydb.core.internal.command.DbMigrate -- Migrating schema "flyway" to version "24 - ordered history reaction details"
09:45:32.732 [main] INFO org.flywaydb.core.internal.command.DbMigrate -- Migrating schema "flyway" to version "25 - safe legacy account presentation"
09:45:32.752 [main] INFO org.flywaydb.core.internal.command.DbMigrate -- Migrating schema "flyway" to version "26 - independent projection verifier reads"
09:45:32.776 [main] INFO org.flywaydb.core.internal.command.DbMigrate -- Successfully applied 26 migrations to schema "flyway", now at version v26 (execution time 00:01.619s)
09:45:35.966 [main] INFO org.flywaydb.core.FlywayExecutor -- Database: jdbc:postgresql://127.0.0.1:54849/mranked_official_63955555a4584cb0bd526e85d05d0349_it (PostgreSQL 18.6)
09:45:35.993 [main] INFO org.flywaydb.core.internal.database.base.Schema -- Creating schema "flyway" ...
09:45:35.999 [main] INFO org.flywaydb.core.internal.schemahistory.JdbcTableSchemaHistory -- Creating Schema History table "flyway"."flyway_schema_history" ...
09:45:36.047 [main] INFO org.flywaydb.core.internal.command.DbMigrate -- Current version of schema "flyway": null
09:45:36.098 [main] INFO org.flywaydb.core.internal.command.DbMigrate -- Migrating schema "flyway" to version "1 - target baseline"
09:45:36.757 [main] INFO org.flywaydb.core.internal.sqlscript.DefaultSqlScriptExecutor -- +--------------------------------------------+
| ensure_publication_metric_partition        |
+--------------------------------------------+
| ingest.publication_metric_snapshot_2026_06 |
| ingest.publication_metric_snapshot_2026_07 |
| ingest.publication_metric_snapshot_2026_08 |
| ingest.publication_metric_snapshot_2026_09 |
| ingest.publication_metric_snapshot_2026_10 |
| ingest.publication_metric_snapshot_2026_11 |
+--------------------------------------------+

09:45:36.826 [main] INFO org.flywaydb.core.internal.command.DbMigrate -- Migrating schema "flyway" to version "2 - rebuild core projections"
09:45:36.890 [main] INFO org.flywaydb.core.internal.command.DbMigrate -- Migrating schema "flyway" to version "3 - collector observation times and identity grants"
09:45:36.979 [main] INFO org.flywaydb.core.internal.command.DbMigrate -- Migrating schema "flyway" to version "4 - admin collection run status grants"
09:45:37.017 [main] INFO org.flywaydb.core.internal.command.DbMigrate -- Migrating schema "flyway" to version "5 - legacy activity period projection"
09:45:37.056 [main] INFO org.flywaydb.core.internal.command.DbMigrate -- Migrating schema "flyway" to version "6 - comparison valid observation hourly projection"
09:45:37.108 [main] INFO org.flywaydb.core.internal.command.DbMigrate -- Migrating schema "flyway" to version "7 - activity rating read grants"
09:45:37.135 [main] INFO org.flywaydb.core.internal.command.DbMigrate -- Migrating schema "flyway" to version "8 - legacy overview projection"
09:45:37.251 [main] INFO org.flywaydb.core.internal.command.DbMigrate -- Migrating schema "flyway" to version "9 - immutable observations quality archive fence"
09:45:37.535 [main] INFO org.flywaydb.core.internal.command.DbMigrate -- Migrating schema "flyway" to version "10 - consistent public queries and formula guards"
09:45:37.612 [main] INFO org.flywaydb.core.internal.command.DbMigrate -- Migrating schema "flyway" to version "11 - bridge identity lineage and reconciliation"
09:45:37.673 [main] INFO org.flywaydb.core.internal.command.DbMigrate -- Migrating schema "flyway" to version "12 - detail history projection"
09:45:37.714 [main] INFO org.flywaydb.core.internal.command.DbMigrate -- Migrating schema "flyway" to version "13 - immutable account identity history"
09:45:37.745 [main] INFO org.flywaydb.core.internal.command.DbMigrate -- Migrating schema "flyway" to version "14 - public archived publication text"
09:45:37.848 [main] INFO org.flywaydb.core.internal.command.DbMigrate -- Migrating schema "flyway" to version "15 - verified source preservation"
09:45:37.886 [main] INFO org.flywaydb.core.internal.command.DbMigrate -- Migrating schema "flyway" to version "16 - audited catalog commands"
09:45:37.943 [main] INFO org.flywaydb.core.internal.command.DbMigrate -- Migrating schema "flyway" to version "17 - legacy csv compatibility projection"
09:45:37.989 [main] INFO org.flywaydb.core.internal.command.DbMigrate -- Migrating schema "flyway" to version "18 - official rating commands"
09:45:38.032 [main] INFO org.flywaydb.core.internal.command.DbMigrate -- Migrating schema "flyway" to version "19 - safe health operational snapshot"
09:45:38.065 [main] INFO org.flywaydb.core.internal.command.DbMigrate -- Migrating schema "flyway" to version "20 - catalog url and version compatibility"
09:45:38.115 [main] INFO org.flywaydb.core.internal.command.DbMigrate -- Migrating schema "flyway" to version "21 - legacy period first observation policy"
09:45:38.206 [main] INFO org.flywaydb.core.internal.command.DbMigrate -- Migrating schema "flyway" to version "22 - durable legacy csv archive facts"
09:45:38.368 [main] INFO org.flywaydb.core.internal.command.DbMigrate -- Successfully applied 22 migrations to schema "flyway", now at version v22 (execution time 00:01.663s)
09:45:41.049 [main] INFO org.flywaydb.core.FlywayExecutor -- Database: jdbc:postgresql://127.0.0.1:54849/mranked_official_63955555a4584cb0bd526e85d05d0349_it (PostgreSQL 18.6)
09:45:41.089 [main] INFO org.flywaydb.core.internal.command.DbValidate -- Successfully validated 27 migrations (execution time 00:00.022s)
09:45:41.121 [main] INFO org.flywaydb.core.internal.command.DbMigrate -- Current version of schema "flyway": 22
09:45:41.132 [main] INFO org.flywaydb.core.internal.command.DbMigrate -- Migrating schema "flyway" to version "23 - official rating entity context"
09:45:41.319 [main] INFO org.flywaydb.core.internal.sqlscript.DefaultSqlScriptExecutor -- DB: schema "pg_temp" does not exist, skipping
09:45:41.319 [main] INFO org.flywaydb.core.internal.sqlscript.DefaultSqlScriptExecutor -- DB: table "mranked_csv_lexeme" does not exist, skipping
09:45:41.319 [main] INFO org.flywaydb.core.internal.sqlscript.DefaultSqlScriptExecutor -- DB: table "mranked_csv_publication" does not exist, skipping
09:45:41.319 [main] INFO org.flywaydb.core.internal.sqlscript.DefaultSqlScriptExecutor -- DB: table "mranked_csv_snapshot" does not exist, skipping
09:45:41.338 [main] INFO org.flywaydb.core.internal.command.DbMigrate -- Migrating schema "flyway" to version "24 - ordered history reaction details"
09:45:41.385 [main] INFO org.flywaydb.core.internal.command.DbMigrate -- Migrating schema "flyway" to version "25 - safe legacy account presentation"
09:45:41.412 [main] INFO org.flywaydb.core.internal.command.DbMigrate -- Migrating schema "flyway" to version "26 - independent projection verifier reads"
09:45:41.430 [main] INFO org.flywaydb.core.internal.command.DbMigrate -- Successfully applied 4 migrations to schema "flyway", now at version v26 (execution time 00:00.246s)
[INFO] Tests run: 2, Failures: 0, Errors: 0, Skipped: 0, Time elapsed: 11.95 s -- in org.mranked.admin.infrastructure.OfficialRatingContextPostgresIntegrationTest
[INFO] Running org.mranked.emoji.web.CustomEmojiControllerTest
09:45:41.982 [main] INFO org.springframework.mock.web.MockServletContext -- Initializing Spring TestDispatcherServlet ''
09:45:41.982 [main] INFO org.springframework.test.web.servlet.TestDispatcherServlet -- Initializing Servlet ''
09:45:41.982 [main] INFO org.springframework.test.web.servlet.TestDispatcherServlet -- Completed initialization in 0 ms
09:45:41.992 [main] INFO org.springframework.mock.web.MockServletContext -- Initializing Spring TestDispatcherServlet ''
09:45:41.992 [main] INFO org.springframework.test.web.servlet.TestDispatcherServlet -- Initializing Servlet ''
09:45:41.992 [main] INFO org.springframework.test.web.servlet.TestDispatcherServlet -- Completed initialization in 0 ms
[INFO] Tests run: 2, Failures: 0, Errors: 0, Skipped: 0, Time elapsed: 0.043 s -- in org.mranked.emoji.web.CustomEmojiControllerTest
[INFO] Running org.mranked.emoji.application.CustomEmojiWiringTest
[INFO] Tests run: 1, Failures: 0, Errors: 0, Skipped: 0, Time elapsed: 0.183 s -- in org.mranked.emoji.application.CustomEmojiWiringTest
[INFO] Running org.mranked.emoji.application.CustomEmojiServiceTest
[INFO] Tests run: 4, Failures: 0, Errors: 0, Skipped: 0, Time elapsed: 0.065 s -- in org.mranked.emoji.application.CustomEmojiServiceTest
[INFO] Running org.mranked.emoji.infrastructure.TelegramEmojiHttpGatewayTest
[INFO] Tests run: 9, Failures: 0, Errors: 0, Skipped: 0, Time elapsed: 0.014 s -- in org.mranked.emoji.infrastructure.TelegramEmojiHttpGatewayTest
[INFO] Running org.mranked.operations.web.HealthControllerTest
09:45:42.271 [main] INFO org.springframework.mock.web.MockServletContext -- Initializing Spring TestDispatcherServlet ''
09:45:42.271 [main] INFO org.springframework.test.web.servlet.TestDispatcherServlet -- Initializing Servlet ''
09:45:42.272 [main] INFO org.springframework.test.web.servlet.TestDispatcherServlet -- Completed initialization in 1 ms
09:45:42.278 [main] INFO org.springframework.mock.web.MockServletContext -- Initializing Spring TestDispatcherServlet ''
09:45:42.278 [main] INFO org.springframework.test.web.servlet.TestDispatcherServlet -- Initializing Servlet ''
09:45:42.278 [main] INFO org.springframework.test.web.servlet.TestDispatcherServlet -- Completed initialization in 0 ms
09:45:42.286 [main] INFO org.springframework.mock.web.MockServletContext -- Initializing Spring TestDispatcherServlet ''
09:45:42.286 [main] INFO org.springframework.test.web.servlet.TestDispatcherServlet -- Initializing Servlet ''
09:45:42.286 [main] INFO org.springframework.test.web.servlet.TestDispatcherServlet -- Completed initialization in 0 ms
[INFO] Tests run: 3, Failures: 0, Errors: 0, Skipped: 0, Time elapsed: 0.027 s -- in org.mranked.operations.web.HealthControllerTest
[INFO] Running org.mranked.operations.application.ReadinessServiceTest
[INFO] Tests run: 2, Failures: 0, Errors: 0, Skipped: 0, Time elapsed: 0.002 s -- in org.mranked.operations.application.ReadinessServiceTest
[INFO] Running org.mranked.operations.infrastructure.PinnedHttpsClientNetworkTest
[INFO] Tests run: 2, Failures: 0, Errors: 0, Skipped: 0, Time elapsed: 2.000 s -- in org.mranked.operations.infrastructure.PinnedHttpsClientNetworkTest
[INFO] Running org.mranked.operations.infrastructure.JdbcQueryMetricsConfigurationTest
[INFO] Tests run: 1, Failures: 0, Errors: 0, Skipped: 0, Time elapsed: 0.025 s -- in org.mranked.operations.infrastructure.JdbcQueryMetricsConfigurationTest
[INFO] Running org.mranked.operations.infrastructure.JdbcReadinessProbeTest
[INFO] Tests run: 1, Failures: 0, Errors: 0, Skipped: 0, Time elapsed: 0.001 s -- in org.mranked.operations.infrastructure.JdbcReadinessProbeTest
[INFO] Running org.mranked.operations.infrastructure.ManagementSecurityConfigurationTest
[INFO] Tests run: 1, Failures: 0, Errors: 0, Skipped: 0, Time elapsed: 0.002 s -- in org.mranked.operations.infrastructure.ManagementSecurityConfigurationTest
[INFO] Running org.mranked.operations.infrastructure.LegacyHealthPostgresIntegrationTest
09:45:44.637 [main] INFO org.flywaydb.core.FlywayExecutor -- Database: jdbc:postgresql://127.0.0.1:54849/mranked_health_e559a563534846e49eb4ccc5a2ac717c_it (PostgreSQL 18.6)
09:45:44.692 [main] INFO org.flywaydb.core.internal.database.base.Schema -- Creating schema "flyway" ...
09:45:44.702 [main] INFO org.flywaydb.core.internal.schemahistory.JdbcTableSchemaHistory -- Creating Schema History table "flyway"."flyway_schema_history" ...
09:45:44.779 [main] INFO org.flywaydb.core.internal.command.DbMigrate -- Current version of schema "flyway": null
09:45:44.811 [main] INFO org.flywaydb.core.internal.command.DbMigrate -- Migrating schema "flyway" to version "1 - target baseline"
09:45:45.459 [main] INFO org.flywaydb.core.internal.sqlscript.DefaultSqlScriptExecutor -- +--------------------------------------------+
| ensure_publication_metric_partition        |
+--------------------------------------------+
| ingest.publication_metric_snapshot_2026_06 |
| ingest.publication_metric_snapshot_2026_07 |
| ingest.publication_metric_snapshot_2026_08 |
| ingest.publication_metric_snapshot_2026_09 |
| ingest.publication_metric_snapshot_2026_10 |
| ingest.publication_metric_snapshot_2026_11 |
+--------------------------------------------+

09:45:45.575 [main] INFO org.flywaydb.core.internal.command.DbMigrate -- Migrating schema "flyway" to version "2 - rebuild core projections"
09:45:45.647 [main] INFO org.flywaydb.core.internal.command.DbMigrate -- Migrating schema "flyway" to version "3 - collector observation times and identity grants"
09:45:45.778 [main] INFO org.flywaydb.core.internal.command.DbMigrate -- Migrating schema "flyway" to version "4 - admin collection run status grants"
09:45:45.825 [main] INFO org.flywaydb.core.internal.command.DbMigrate -- Migrating schema "flyway" to version "5 - legacy activity period projection"
09:45:45.875 [main] INFO org.flywaydb.core.internal.command.DbMigrate -- Migrating schema "flyway" to version "6 - comparison valid observation hourly projection"
09:45:45.941 [main] INFO org.flywaydb.core.internal.command.DbMigrate -- Migrating schema "flyway" to version "7 - activity rating read grants"
09:45:45.973 [main] INFO org.flywaydb.core.internal.command.DbMigrate -- Migrating schema "flyway" to version "8 - legacy overview projection"
09:45:46.124 [main] INFO org.flywaydb.core.internal.command.DbMigrate -- Migrating schema "flyway" to version "9 - immutable observations quality archive fence"
09:45:46.350 [main] INFO org.flywaydb.core.internal.command.DbMigrate -- Migrating schema "flyway" to version "10 - consistent public queries and formula guards"
09:45:46.403 [main] INFO org.flywaydb.core.internal.command.DbMigrate -- Migrating schema "flyway" to version "11 - bridge identity lineage and reconciliation"
09:45:46.452 [main] INFO org.flywaydb.core.internal.command.DbMigrate -- Migrating schema "flyway" to version "12 - detail history projection"
09:45:46.507 [main] INFO org.flywaydb.core.internal.command.DbMigrate -- Migrating schema "flyway" to version "13 - immutable account identity history"
09:45:46.545 [main] INFO org.flywaydb.core.internal.command.DbMigrate -- Migrating schema "flyway" to version "14 - public archived publication text"
09:45:46.576 [main] INFO org.flywaydb.core.internal.command.DbMigrate -- Migrating schema "flyway" to version "15 - verified source preservation"
09:45:46.628 [main] INFO org.flywaydb.core.internal.command.DbMigrate -- Migrating schema "flyway" to version "16 - audited catalog commands"
09:45:46.698 [main] INFO org.flywaydb.core.internal.command.DbMigrate -- Migrating schema "flyway" to version "17 - legacy csv compatibility projection"
09:45:46.797 [main] INFO org.flywaydb.core.internal.command.DbMigrate -- Migrating schema "flyway" to version "18 - official rating commands"
09:45:46.897 [main] INFO org.flywaydb.core.internal.command.DbMigrate -- Migrating schema "flyway" to version "19 - safe health operational snapshot"
09:45:46.943 [main] INFO org.flywaydb.core.internal.command.DbMigrate -- Migrating schema "flyway" to version "20 - catalog url and version compatibility"
09:45:46.971 [main] INFO org.flywaydb.core.internal.command.DbMigrate -- Migrating schema "flyway" to version "21 - legacy period first observation policy"
09:45:47.105 [main] INFO org.flywaydb.core.internal.command.DbMigrate -- Migrating schema "flyway" to version "22 - durable legacy csv archive facts"
09:45:47.180 [main] INFO org.flywaydb.core.internal.command.DbMigrate -- Migrating schema "flyway" to version "23 - official rating entity context"
09:45:47.220 [main] INFO org.flywaydb.core.internal.command.DbMigrate -- Migrating schema "flyway" to version "24 - ordered history reaction details"
09:45:47.263 [main] INFO org.flywaydb.core.internal.command.DbMigrate -- Migrating schema "flyway" to version "25 - safe legacy account presentation"
09:45:47.282 [main] INFO org.flywaydb.core.internal.command.DbMigrate -- Migrating schema "flyway" to version "26 - independent projection verifier reads"
09:45:47.294 [main] INFO org.flywaydb.core.internal.command.DbMigrate -- Successfully applied 26 migrations to schema "flyway", now at version v26 (execution time 00:01.708s)
09:45:47.312 [main] INFO org.springframework.mock.web.MockServletContext -- Initializing Spring TestDispatcherServlet ''
09:45:47.312 [main] INFO org.springframework.test.web.servlet.TestDispatcherServlet -- Initializing Servlet ''
09:45:47.312 [main] INFO org.springframework.test.web.servlet.TestDispatcherServlet -- Completed initialization in 0 ms
09:45:47.896 [main] INFO org.springframework.mock.web.MockServletContext -- Initializing Spring TestDispatcherServlet ''
09:45:47.896 [main] INFO org.springframework.test.web.servlet.TestDispatcherServlet -- Initializing Servlet ''
09:45:47.896 [main] INFO org.springframework.test.web.servlet.TestDispatcherServlet -- Completed initialization in 0 ms
[INFO] Tests run: 1, Failures: 0, Errors: 0, Skipped: 0, Time elapsed: 6.906 s -- in org.mranked.operations.infrastructure.LegacyHealthPostgresIntegrationTest
[INFO] Running org.mranked.exportjob.web.ExportJobSecurityTest
09:45:51.529 [main] INFO org.springframework.security.config.annotation.authentication.configuration.InitializeUserDetailsBeanManagerConfigurer$InitializeUserDetailsManagerConfigurer -- Global AuthenticationManager configured with UserDetailsService bean with name adminUserDetailsService
Mockito is currently self-attaching to enable the inline-mock-maker. This will no longer work in future releases of the JDK. Please add Mockito as an agent to your build as described in Mockito's documentation: https://javadoc.io/doc/org.mockito/mockito-core/latest/org.mockito/org/mockito/Mockito.html#0.3
WARNING: A Java agent has been loaded dynamically (/private/tmp/mranked-maven-repository/net/bytebuddy/byte-buddy-agent/1.17.8/byte-buddy-agent-1.17.8.jar)
WARNING: If a serviceability tool is in use, please run with -XX:+EnableDynamicAgentLoading to hide this warning
WARNING: If a serviceability tool is not in use, please run with -Djdk.instrument.traceUsage for more information
WARNING: Dynamic loading of agents will be disallowed by default in a future release
OpenJDK 64-Bit Server VM warning: Sharing is only supported for boot loader classes because bootstrap classpath has been appended
09:45:52.617 [main] INFO org.springframework.mock.web.MockServletContext -- Initializing Spring TestDispatcherServlet ''
09:45:52.618 [main] INFO org.springframework.test.web.servlet.TestDispatcherServlet -- Initializing Servlet ''
09:45:52.620 [main] INFO org.springframework.test.web.servlet.TestDispatcherServlet -- Completed initialization in 2 ms
09:45:52.639 [main] INFO org.springframework.mock.web.MockServletContext -- Initializing Spring TestDispatcherServlet ''
09:45:52.639 [main] INFO org.springframework.test.web.servlet.TestDispatcherServlet -- Initializing Servlet ''
09:45:52.640 [main] INFO org.springframework.test.web.servlet.TestDispatcherServlet -- Completed initialization in 1 ms
09:45:52.705 [main] INFO org.springframework.mock.web.MockServletContext -- Initializing Spring TestDispatcherServlet ''
09:45:52.705 [main] INFO org.springframework.test.web.servlet.TestDispatcherServlet -- Initializing Servlet ''
09:45:52.707 [main] INFO org.springframework.test.web.servlet.TestDispatcherServlet -- Completed initialization in 2 ms
[INFO] Tests run: 3, Failures: 0, Errors: 0, Skipped: 0, Time elapsed: 1.506 s -- in org.mranked.exportjob.web.ExportJobSecurityTest
[INFO] Running org.mranked.exportjob.application.ExportJobServiceTest
[INFO] Tests run: 7, Failures: 0, Errors: 0, Skipped: 0, Time elapsed: 2.636 s -- in org.mranked.exportjob.application.ExportJobServiceTest
[INFO] Running org.mranked.exportjob.application.ExportJobPostgresIntegrationTest
09:45:55.687 [main] INFO org.flywaydb.core.FlywayExecutor -- Database: jdbc:postgresql://127.0.0.1:54849/mranked_export_e7f6110319784685bffe059dd7477450_it (PostgreSQL 18.6)
09:45:55.733 [main] INFO org.flywaydb.core.internal.database.base.Schema -- Creating schema "flyway" ...
09:45:55.741 [main] INFO org.flywaydb.core.internal.schemahistory.JdbcTableSchemaHistory -- Creating Schema History table "flyway"."flyway_schema_history" ...
09:45:55.784 [main] INFO org.flywaydb.core.internal.command.DbMigrate -- Current version of schema "flyway": null
09:45:55.799 [main] INFO org.flywaydb.core.internal.command.DbMigrate -- Migrating schema "flyway" to version "1 - target baseline"
09:45:56.589 [main] INFO org.flywaydb.core.internal.sqlscript.DefaultSqlScriptExecutor -- +--------------------------------------------+
| ensure_publication_metric_partition        |
+--------------------------------------------+
| ingest.publication_metric_snapshot_2026_06 |
| ingest.publication_metric_snapshot_2026_07 |
| ingest.publication_metric_snapshot_2026_08 |
| ingest.publication_metric_snapshot_2026_09 |
| ingest.publication_metric_snapshot_2026_10 |
| ingest.publication_metric_snapshot_2026_11 |
+--------------------------------------------+

09:45:56.681 [main] INFO org.flywaydb.core.internal.command.DbMigrate -- Migrating schema "flyway" to version "2 - rebuild core projections"
09:45:56.712 [main] INFO org.flywaydb.core.internal.command.DbMigrate -- Migrating schema "flyway" to version "3 - collector observation times and identity grants"
09:45:56.810 [main] INFO org.flywaydb.core.internal.command.DbMigrate -- Migrating schema "flyway" to version "4 - admin collection run status grants"
09:45:56.835 [main] INFO org.flywaydb.core.internal.command.DbMigrate -- Migrating schema "flyway" to version "5 - legacy activity period projection"
09:45:56.863 [main] INFO org.flywaydb.core.internal.command.DbMigrate -- Migrating schema "flyway" to version "6 - comparison valid observation hourly projection"
09:45:56.912 [main] INFO org.flywaydb.core.internal.command.DbMigrate -- Migrating schema "flyway" to version "7 - activity rating read grants"
09:45:56.955 [main] INFO org.flywaydb.core.internal.command.DbMigrate -- Migrating schema "flyway" to version "8 - legacy overview projection"
09:45:57.089 [main] INFO org.flywaydb.core.internal.command.DbMigrate -- Migrating schema "flyway" to version "9 - immutable observations quality archive fence"
09:45:57.289 [main] INFO org.flywaydb.core.internal.command.DbMigrate -- Migrating schema "flyway" to version "10 - consistent public queries and formula guards"
09:45:57.332 [main] INFO org.flywaydb.core.internal.command.DbMigrate -- Migrating schema "flyway" to version "11 - bridge identity lineage and reconciliation"
09:45:57.371 [main] INFO org.flywaydb.core.internal.command.DbMigrate -- Migrating schema "flyway" to version "12 - detail history projection"
09:45:57.398 [main] INFO org.flywaydb.core.internal.command.DbMigrate -- Migrating schema "flyway" to version "13 - immutable account identity history"
09:45:57.421 [main] INFO org.flywaydb.core.internal.command.DbMigrate -- Migrating schema "flyway" to version "14 - public archived publication text"
09:45:57.461 [main] INFO org.flywaydb.core.internal.command.DbMigrate -- Migrating schema "flyway" to version "15 - verified source preservation"
09:45:57.513 [main] INFO org.flywaydb.core.internal.command.DbMigrate -- Migrating schema "flyway" to version "16 - audited catalog commands"
09:45:57.601 [main] INFO org.flywaydb.core.internal.command.DbMigrate -- Migrating schema "flyway" to version "17 - legacy csv compatibility projection"
09:45:57.737 [main] INFO org.flywaydb.core.internal.command.DbMigrate -- Migrating schema "flyway" to version "18 - official rating commands"
09:45:57.844 [main] INFO org.flywaydb.core.internal.command.DbMigrate -- Migrating schema "flyway" to version "19 - safe health operational snapshot"
09:45:57.864 [main] INFO org.flywaydb.core.internal.command.DbMigrate -- Migrating schema "flyway" to version "20 - catalog url and version compatibility"
09:45:57.883 [main] INFO org.flywaydb.core.internal.command.DbMigrate -- Migrating schema "flyway" to version "21 - legacy period first observation policy"
09:45:57.919 [main] INFO org.flywaydb.core.internal.command.DbMigrate -- Migrating schema "flyway" to version "22 - durable legacy csv archive facts"
09:45:57.999 [main] INFO org.flywaydb.core.internal.command.DbMigrate -- Migrating schema "flyway" to version "23 - official rating entity context"
09:45:58.110 [main] INFO org.flywaydb.core.internal.command.DbMigrate -- Migrating schema "flyway" to version "24 - ordered history reaction details"
09:45:58.151 [main] INFO org.flywaydb.core.internal.command.DbMigrate -- Migrating schema "flyway" to version "25 - safe legacy account presentation"
09:45:58.178 [main] INFO org.flywaydb.core.internal.command.DbMigrate -- Migrating schema "flyway" to version "26 - independent projection verifier reads"
09:45:58.188 [main] INFO org.flywaydb.core.internal.command.DbMigrate -- Successfully applied 26 migrations to schema "flyway", now at version v26 (execution time 00:01.804s)
[INFO] Tests run: 1, Failures: 0, Errors: 0, Skipped: 0, Time elapsed: 28.93 s -- in org.mranked.exportjob.application.ExportJobPostgresIntegrationTest
[INFO] Running org.mranked.query.web.CsvExportControllerTest
09:46:24.362 [main] INFO org.springframework.mock.web.MockServletContext -- Initializing Spring TestDispatcherServlet ''
09:46:24.363 [main] INFO org.springframework.test.web.servlet.TestDispatcherServlet -- Initializing Servlet ''
09:46:24.364 [main] INFO org.springframework.test.web.servlet.TestDispatcherServlet -- Completed initialization in 1 ms
09:46:24.380 [main] INFO org.springframework.mock.web.MockServletContext -- Initializing Spring TestDispatcherServlet ''
09:46:24.380 [main] INFO org.springframework.test.web.servlet.TestDispatcherServlet -- Initializing Servlet ''
09:46:24.380 [main] INFO org.springframework.test.web.servlet.TestDispatcherServlet -- Completed initialization in 0 ms
09:46:24.401 [main] INFO org.springframework.mock.web.MockServletContext -- Initializing Spring TestDispatcherServlet ''
09:46:24.401 [main] INFO org.springframework.test.web.servlet.TestDispatcherServlet -- Initializing Servlet ''
09:46:24.401 [main] INFO org.springframework.test.web.servlet.TestDispatcherServlet -- Completed initialization in 0 ms
[INFO] Tests run: 3, Failures: 0, Errors: 0, Skipped: 0, Time elapsed: 0.089 s -- in org.mranked.query.web.CsvExportControllerTest
[INFO] Running org.mranked.query.web.PublicQueryControllerTest
09:46:24.431 [main] INFO org.springframework.mock.web.MockServletContext -- Initializing Spring TestDispatcherServlet ''
09:46:24.432 [main] INFO org.springframework.test.web.servlet.TestDispatcherServlet -- Initializing Servlet ''
09:46:24.432 [main] INFO org.springframework.test.web.servlet.TestDispatcherServlet -- Completed initialization in 0 ms
09:46:24.448 [main] INFO org.springframework.mock.web.MockServletContext -- Initializing Spring TestDispatcherServlet ''
09:46:24.448 [main] INFO org.springframework.test.web.servlet.TestDispatcherServlet -- Initializing Servlet ''
09:46:24.448 [main] INFO org.springframework.test.web.servlet.TestDispatcherServlet -- Completed initialization in 0 ms
09:46:24.476 [main] INFO org.springframework.mock.web.MockServletContext -- Initializing Spring TestDispatcherServlet ''
09:46:24.476 [main] INFO org.springframework.test.web.servlet.TestDispatcherServlet -- Initializing Servlet ''
09:46:24.476 [main] INFO org.springframework.test.web.servlet.TestDispatcherServlet -- Completed initialization in 0 ms
09:46:24.506 [main] INFO org.springframework.mock.web.MockServletContext -- Initializing Spring TestDispatcherServlet ''
09:46:24.506 [main] INFO org.springframework.test.web.servlet.TestDispatcherServlet -- Initializing Servlet ''
09:46:24.506 [main] INFO org.springframework.test.web.servlet.TestDispatcherServlet -- Completed initialization in 0 ms
09:46:24.539 [main] INFO org.springframework.mock.web.MockServletContext -- Initializing Spring TestDispatcherServlet ''
09:46:24.539 [main] INFO org.springframework.test.web.servlet.TestDispatcherServlet -- Initializing Servlet ''
09:46:24.539 [main] INFO org.springframework.test.web.servlet.TestDispatcherServlet -- Completed initialization in 0 ms
09:46:24.568 [main] INFO org.springframework.mock.web.MockServletContext -- Initializing Spring TestDispatcherServlet ''
09:46:24.568 [main] INFO org.springframework.test.web.servlet.TestDispatcherServlet -- Initializing Servlet ''
09:46:24.568 [main] INFO org.springframework.test.web.servlet.TestDispatcherServlet -- Completed initialization in 0 ms
09:46:24.577 [main] INFO org.springframework.mock.web.MockServletContext -- Initializing Spring TestDispatcherServlet ''
09:46:24.577 [main] INFO org.springframework.test.web.servlet.TestDispatcherServlet -- Initializing Servlet ''
09:46:24.577 [main] INFO org.springframework.test.web.servlet.TestDispatcherServlet -- Completed initialization in 0 ms
09:46:24.595 [main] INFO org.springframework.mock.web.MockServletContext -- Initializing Spring TestDispatcherServlet ''
09:46:24.595 [main] INFO org.springframework.test.web.servlet.TestDispatcherServlet -- Initializing Servlet ''
09:46:24.595 [main] INFO org.springframework.test.web.servlet.TestDispatcherServlet -- Completed initialization in 0 ms
09:46:24.604 [main] INFO org.springframework.mock.web.MockServletContext -- Initializing Spring TestDispatcherServlet ''
09:46:24.604 [main] INFO org.springframework.test.web.servlet.TestDispatcherServlet -- Initializing Servlet ''
09:46:24.604 [main] INFO org.springframework.test.web.servlet.TestDispatcherServlet -- Completed initialization in 0 ms
09:46:24.612 [main] INFO org.springframework.mock.web.MockServletContext -- Initializing Spring TestDispatcherServlet ''
09:46:24.612 [main] INFO org.springframework.test.web.servlet.TestDispatcherServlet -- Initializing Servlet ''
09:46:24.612 [main] INFO org.springframework.test.web.servlet.TestDispatcherServlet -- Completed initialization in 0 ms
09:46:24.638 [main] INFO org.springframework.mock.web.MockServletContext -- Initializing Spring TestDispatcherServlet ''
09:46:24.638 [main] INFO org.springframework.test.web.servlet.TestDispatcherServlet -- Initializing Servlet ''
09:46:24.638 [main] INFO org.springframework.test.web.servlet.TestDispatcherServlet -- Completed initialization in 0 ms
09:46:24.651 [main] INFO org.springframework.mock.web.MockServletContext -- Initializing Spring TestDispatcherServlet ''
09:46:24.651 [main] INFO org.springframework.test.web.servlet.TestDispatcherServlet -- Initializing Servlet ''
09:46:24.651 [main] INFO org.springframework.test.web.servlet.TestDispatcherServlet -- Completed initialization in 0 ms
09:46:24.730 [main] INFO org.springframework.mock.web.MockServletContext -- Initializing Spring TestDispatcherServlet ''
09:46:24.730 [main] INFO org.springframework.test.web.servlet.TestDispatcherServlet -- Initializing Servlet ''
09:46:24.730 [main] INFO org.springframework.test.web.servlet.TestDispatcherServlet -- Completed initialization in 0 ms
09:46:24.749 [main] INFO org.springframework.mock.web.MockServletContext -- Initializing Spring TestDispatcherServlet ''
09:46:24.749 [main] INFO org.springframework.test.web.servlet.TestDispatcherServlet -- Initializing Servlet ''
09:46:24.749 [main] INFO org.springframework.test.web.servlet.TestDispatcherServlet -- Completed initialization in 0 ms
09:46:24.754 [main] ERROR org.mranked.query.web.Rfc9457ExceptionHandler -- Unhandled API failure for /api/v1/overview errorType=java.lang.IllegalStateException
09:46:24.763 [main] INFO org.springframework.mock.web.MockServletContext -- Initializing Spring TestDispatcherServlet ''
09:46:24.763 [main] INFO org.springframework.test.web.servlet.TestDispatcherServlet -- Initializing Servlet ''
09:46:24.764 [main] INFO org.springframework.test.web.servlet.TestDispatcherServlet -- Completed initialization in 1 ms
09:46:24.815 [main] INFO org.springframework.mock.web.MockServletContext -- Initializing Spring TestDispatcherServlet ''
09:46:24.815 [main] INFO org.springframework.test.web.servlet.TestDispatcherServlet -- Initializing Servlet ''
09:46:24.815 [main] INFO org.springframework.test.web.servlet.TestDispatcherServlet -- Completed initialization in 0 ms
09:46:24.846 [main] INFO org.springframework.mock.web.MockServletContext -- Initializing Spring TestDispatcherServlet ''
09:46:24.846 [main] INFO org.springframework.test.web.servlet.TestDispatcherServlet -- Initializing Servlet ''
09:46:24.846 [main] INFO org.springframework.test.web.servlet.TestDispatcherServlet -- Completed initialization in 0 ms
[INFO] Tests run: 17, Failures: 0, Errors: 0, Skipped: 0, Time elapsed: 0.439 s -- in org.mranked.query.web.PublicQueryControllerTest
[INFO] Running org.mranked.query.application.CsvExportServiceTest
[INFO] Tests run: 6, Failures: 0, Errors: 0, Skipped: 0, Time elapsed: 0.773 s -- in org.mranked.query.application.CsvExportServiceTest
[INFO] Running org.mranked.query.application.CursorCodecTest
[INFO] Tests run: 3, Failures: 0, Errors: 0, Skipped: 0, Time elapsed: 0.002 s -- in org.mranked.query.application.CursorCodecTest
[INFO] Running org.mranked.query.application.PublicQueryServiceTest
[INFO] Tests run: 5, Failures: 0, Errors: 0, Skipped: 0, Time elapsed: 0.011 s -- in org.mranked.query.application.PublicQueryServiceTest
[INFO] Running org.mranked.query.application.ProviderConfigurationTest
[INFO] Tests run: 1, Failures: 0, Errors: 0, Skipped: 0, Time elapsed: 0.003 s -- in org.mranked.query.application.ProviderConfigurationTest
[INFO] Running org.mranked.query.infrastructure.ProjectionSchemaContractTest
[INFO] Tests run: 4, Failures: 0, Errors: 0, Skipped: 0, Time elapsed: 0.008 s -- in org.mranked.query.infrastructure.ProjectionSchemaContractTest
[INFO] Running org.mranked.query.infrastructure.ActivityRatingPostgresIntegrationTest
[INFO] Tests run: 2, Failures: 0, Errors: 0, Skipped: 0, Time elapsed: 0.492 s -- in org.mranked.query.infrastructure.ActivityRatingPostgresIntegrationTest
[INFO] Running org.mranked.query.infrastructure.DetailPostgresIntegrationTest
[INFO] Tests run: 3, Failures: 0, Errors: 0, Skipped: 0, Time elapsed: 0.461 s -- in org.mranked.query.infrastructure.DetailPostgresIntegrationTest
[INFO] Running org.mranked.query.infrastructure.ComparisonPostgresIntegrationTest
[INFO] Tests run: 1, Failures: 0, Errors: 0, Skipped: 0, Time elapsed: 0.043 s -- in org.mranked.query.infrastructure.ComparisonPostgresIntegrationTest
[INFO] Running org.mranked.query.infrastructure.HistoryReactionDetailsPostgresIntegrationTest
[INFO] Tests run: 3, Failures: 0, Errors: 0, Skipped: 0, Time elapsed: 0.211 s -- in org.mranked.query.infrastructure.HistoryReactionDetailsPostgresIntegrationTest
[INFO] Running org.mranked.query.infrastructure.MigrationInstallationTest
[WARNING] Tests run: 4, Failures: 0, Errors: 0, Skipped: 4, Time elapsed: 0 s -- in org.mranked.query.infrastructure.MigrationInstallationTest
[INFO] Running org.mranked.query.infrastructure.ComparisonProjectionMigrationTest
[INFO] Tests run: 3, Failures: 0, Errors: 0, Skipped: 0, Time elapsed: 0.002 s -- in org.mranked.query.infrastructure.ComparisonProjectionMigrationTest
[INFO] Running org.mranked.query.infrastructure.ProjectionReconciliationPostgresIntegrationTest
09:46:27.149 [main] INFO org.flywaydb.core.FlywayExecutor -- Database: jdbc:postgresql://127.0.0.1:54849/mranked_projection_0f805dc7b746497b941e1ee64cf9c165_it (PostgreSQL 18.6)
09:46:27.168 [main] INFO org.flywaydb.core.internal.database.base.Schema -- Creating schema "flyway" ...
09:46:27.172 [main] INFO org.flywaydb.core.internal.schemahistory.JdbcTableSchemaHistory -- Creating Schema History table "flyway"."flyway_schema_history" ...
09:46:27.200 [main] INFO org.flywaydb.core.internal.command.DbMigrate -- Current version of schema "flyway": null
09:46:27.214 [main] INFO org.flywaydb.core.internal.command.DbMigrate -- Migrating schema "flyway" to version "1 - target baseline"
09:46:27.579 [main] INFO org.flywaydb.core.internal.sqlscript.DefaultSqlScriptExecutor -- +--------------------------------------------+
| ensure_publication_metric_partition        |
+--------------------------------------------+
| ingest.publication_metric_snapshot_2026_06 |
| ingest.publication_metric_snapshot_2026_07 |
| ingest.publication_metric_snapshot_2026_08 |
| ingest.publication_metric_snapshot_2026_09 |
| ingest.publication_metric_snapshot_2026_10 |
| ingest.publication_metric_snapshot_2026_11 |
+--------------------------------------------+

09:46:27.650 [main] INFO org.flywaydb.core.internal.command.DbMigrate -- Migrating schema "flyway" to version "2 - rebuild core projections"
09:46:27.677 [main] INFO org.flywaydb.core.internal.command.DbMigrate -- Migrating schema "flyway" to version "3 - collector observation times and identity grants"
09:46:27.751 [main] INFO org.flywaydb.core.internal.command.DbMigrate -- Migrating schema "flyway" to version "4 - admin collection run status grants"
09:46:27.773 [main] INFO org.flywaydb.core.internal.command.DbMigrate -- Migrating schema "flyway" to version "5 - legacy activity period projection"
09:46:27.790 [main] INFO org.flywaydb.core.internal.command.DbMigrate -- Migrating schema "flyway" to version "6 - comparison valid observation hourly projection"
09:46:27.813 [main] INFO org.flywaydb.core.internal.command.DbMigrate -- Migrating schema "flyway" to version "7 - activity rating read grants"
09:46:27.833 [main] INFO org.flywaydb.core.internal.command.DbMigrate -- Migrating schema "flyway" to version "8 - legacy overview projection"
09:46:27.903 [main] INFO org.flywaydb.core.internal.command.DbMigrate -- Migrating schema "flyway" to version "9 - immutable observations quality archive fence"
09:46:28.015 [main] INFO org.flywaydb.core.internal.command.DbMigrate -- Migrating schema "flyway" to version "10 - consistent public queries and formula guards"
09:46:28.049 [main] INFO org.flywaydb.core.internal.command.DbMigrate -- Migrating schema "flyway" to version "11 - bridge identity lineage and reconciliation"
09:46:28.079 [main] INFO org.flywaydb.core.internal.command.DbMigrate -- Migrating schema "flyway" to version "12 - detail history projection"
09:46:28.100 [main] INFO org.flywaydb.core.internal.command.DbMigrate -- Migrating schema "flyway" to version "13 - immutable account identity history"
09:46:28.124 [main] INFO org.flywaydb.core.internal.command.DbMigrate -- Migrating schema "flyway" to version "14 - public archived publication text"
09:46:28.160 [main] INFO org.flywaydb.core.internal.command.DbMigrate -- Migrating schema "flyway" to version "15 - verified source preservation"
09:46:28.197 [main] INFO org.flywaydb.core.internal.command.DbMigrate -- Migrating schema "flyway" to version "16 - audited catalog commands"
09:46:28.241 [main] INFO org.flywaydb.core.internal.command.DbMigrate -- Migrating schema "flyway" to version "17 - legacy csv compatibility projection"
09:46:28.279 [main] INFO org.flywaydb.core.internal.command.DbMigrate -- Migrating schema "flyway" to version "18 - official rating commands"
09:46:28.308 [main] INFO org.flywaydb.core.internal.command.DbMigrate -- Migrating schema "flyway" to version "19 - safe health operational snapshot"
09:46:28.324 [main] INFO org.flywaydb.core.internal.command.DbMigrate -- Migrating schema "flyway" to version "20 - catalog url and version compatibility"
09:46:28.341 [main] INFO org.flywaydb.core.internal.command.DbMigrate -- Migrating schema "flyway" to version "21 - legacy period first observation policy"
09:46:28.406 [main] INFO org.flywaydb.core.internal.command.DbMigrate -- Migrating schema "flyway" to version "22 - durable legacy csv archive facts"
09:46:28.466 [main] INFO org.flywaydb.core.internal.command.DbMigrate -- Migrating schema "flyway" to version "23 - official rating entity context"
09:46:28.493 [main] INFO org.flywaydb.core.internal.command.DbMigrate -- Migrating schema "flyway" to version "24 - ordered history reaction details"
09:46:28.518 [main] INFO org.flywaydb.core.internal.command.DbMigrate -- Migrating schema "flyway" to version "25 - safe legacy account presentation"
09:46:28.532 [main] INFO org.flywaydb.core.internal.command.DbMigrate -- Migrating schema "flyway" to version "26 - independent projection verifier reads"
09:46:28.542 [main] INFO org.flywaydb.core.internal.command.DbMigrate -- Successfully applied 26 migrations to schema "flyway", now at version v26 (execution time 00:00.949s)
[INFO] Tests run: 1, Failures: 0, Errors: 0, Skipped: 0, Time elapsed: 9.047 s -- in org.mranked.query.infrastructure.ProjectionReconciliationPostgresIntegrationTest
[INFO] Running org.mranked.query.infrastructure.LegacyOverviewProjectionMigrationTest
[INFO] Tests run: 3, Failures: 0, Errors: 0, Skipped: 0, Time elapsed: 0.004 s -- in org.mranked.query.infrastructure.LegacyOverviewProjectionMigrationTest
[INFO] Running org.mranked.query.infrastructure.ProjectionSqlTest
[INFO] Tests run: 4, Failures: 0, Errors: 0, Skipped: 0, Time elapsed: 0.006 s -- in org.mranked.query.infrastructure.ProjectionSqlTest
[INFO] Running org.mranked.query.infrastructure.BackendConsistencyPostgresIntegrationTest
[INFO] Tests run: 7, Failures: 0, Errors: 0, Skipped: 0, Time elapsed: 17.82 s -- in org.mranked.query.infrastructure.BackendConsistencyPostgresIntegrationTest
[INFO] Running org.mranked.query.infrastructure.OverviewPostgresIntegrationTest
[INFO] Tests run: 1, Failures: 0, Errors: 0, Skipped: 0, Time elapsed: 0.205 s -- in org.mranked.query.infrastructure.OverviewPostgresIntegrationTest
[INFO] Running org.mranked.query.infrastructure.DetailFallbackPostgresIntegrationTest
[INFO] Tests run: 1, Failures: 0, Errors: 0, Skipped: 0, Time elapsed: 0.042 s -- in org.mranked.query.infrastructure.DetailFallbackPostgresIntegrationTest
[INFO] Running org.mranked.query.infrastructure.ComparisonSqlTest
[INFO] Tests run: 4, Failures: 0, Errors: 0, Skipped: 0, Time elapsed: 0.008 s -- in org.mranked.query.infrastructure.ComparisonSqlTest
[INFO] Running org.mranked.query.infrastructure.LegacyPeriodOraclePostgresIntegrationTest
09:46:54.362 [main] INFO org.flywaydb.core.FlywayExecutor -- Database: jdbc:postgresql://127.0.0.1:54849/mranked_period_0fc289fc25e944febe6d59fbbbdf710c_it (PostgreSQL 18.6)
09:46:54.389 [main] INFO org.flywaydb.core.internal.database.base.Schema -- Creating schema "flyway" ...
09:46:54.393 [main] INFO org.flywaydb.core.internal.schemahistory.JdbcTableSchemaHistory -- Creating Schema History table "flyway"."flyway_schema_history" ...
09:46:54.430 [main] INFO org.flywaydb.core.internal.command.DbMigrate -- Current version of schema "flyway": null
09:46:54.476 [main] INFO org.flywaydb.core.internal.command.DbMigrate -- Migrating schema "flyway" to version "1 - target baseline"
09:46:54.812 [main] INFO org.flywaydb.core.internal.sqlscript.DefaultSqlScriptExecutor -- +--------------------------------------------+
| ensure_publication_metric_partition        |
+--------------------------------------------+
| ingest.publication_metric_snapshot_2026_06 |
| ingest.publication_metric_snapshot_2026_07 |
| ingest.publication_metric_snapshot_2026_08 |
| ingest.publication_metric_snapshot_2026_09 |
| ingest.publication_metric_snapshot_2026_10 |
| ingest.publication_metric_snapshot_2026_11 |
+--------------------------------------------+

09:46:54.894 [main] INFO org.flywaydb.core.internal.command.DbMigrate -- Migrating schema "flyway" to version "2 - rebuild core projections"
09:46:54.937 [main] INFO org.flywaydb.core.internal.command.DbMigrate -- Migrating schema "flyway" to version "3 - collector observation times and identity grants"
09:46:55.009 [main] INFO org.flywaydb.core.internal.command.DbMigrate -- Migrating schema "flyway" to version "4 - admin collection run status grants"
09:46:55.053 [main] INFO org.flywaydb.core.internal.command.DbMigrate -- Migrating schema "flyway" to version "5 - legacy activity period projection"
09:46:55.084 [main] INFO org.flywaydb.core.internal.command.DbMigrate -- Migrating schema "flyway" to version "6 - comparison valid observation hourly projection"
09:46:55.122 [main] INFO org.flywaydb.core.internal.command.DbMigrate -- Migrating schema "flyway" to version "7 - activity rating read grants"
09:46:55.158 [main] INFO org.flywaydb.core.internal.command.DbMigrate -- Migrating schema "flyway" to version "8 - legacy overview projection"
09:46:55.300 [main] INFO org.flywaydb.core.internal.command.DbMigrate -- Migrating schema "flyway" to version "9 - immutable observations quality archive fence"
09:46:55.464 [main] INFO org.flywaydb.core.internal.command.DbMigrate -- Migrating schema "flyway" to version "10 - consistent public queries and formula guards"
09:46:55.499 [main] INFO org.flywaydb.core.internal.command.DbMigrate -- Migrating schema "flyway" to version "11 - bridge identity lineage and reconciliation"
09:46:55.540 [main] INFO org.flywaydb.core.internal.command.DbMigrate -- Migrating schema "flyway" to version "12 - detail history projection"
09:46:55.579 [main] INFO org.flywaydb.core.internal.command.DbMigrate -- Migrating schema "flyway" to version "13 - immutable account identity history"
09:46:55.601 [main] INFO org.flywaydb.core.internal.command.DbMigrate -- Migrating schema "flyway" to version "14 - public archived publication text"
09:46:55.631 [main] INFO org.flywaydb.core.internal.command.DbMigrate -- Migrating schema "flyway" to version "15 - verified source preservation"
09:46:55.671 [main] INFO org.flywaydb.core.internal.command.DbMigrate -- Migrating schema "flyway" to version "16 - audited catalog commands"
09:46:55.737 [main] INFO org.flywaydb.core.internal.command.DbMigrate -- Migrating schema "flyway" to version "17 - legacy csv compatibility projection"
09:46:55.798 [main] INFO org.flywaydb.core.internal.command.DbMigrate -- Migrating schema "flyway" to version "18 - official rating commands"
09:46:55.846 [main] INFO org.flywaydb.core.internal.command.DbMigrate -- Migrating schema "flyway" to version "19 - safe health operational snapshot"
09:46:55.871 [main] INFO org.flywaydb.core.internal.command.DbMigrate -- Migrating schema "flyway" to version "20 - catalog url and version compatibility"
09:46:55.936 [main] INFO org.flywaydb.core.internal.command.DbMigrate -- Migrating schema "flyway" to version "21 - legacy period first observation policy"
09:46:55.996 [main] INFO org.flywaydb.core.internal.command.DbMigrate -- Migrating schema "flyway" to version "22 - durable legacy csv archive facts"
09:46:56.286 [main] INFO org.flywaydb.core.internal.command.DbMigrate -- Migrating schema "flyway" to version "23 - official rating entity context"
09:46:56.369 [main] INFO org.flywaydb.core.internal.command.DbMigrate -- Migrating schema "flyway" to version "24 - ordered history reaction details"
09:46:56.471 [main] INFO org.flywaydb.core.internal.command.DbMigrate -- Migrating schema "flyway" to version "25 - safe legacy account presentation"
09:46:56.516 [main] INFO org.flywaydb.core.internal.command.DbMigrate -- Migrating schema "flyway" to version "26 - independent projection verifier reads"
09:46:56.549 [main] INFO org.flywaydb.core.internal.command.DbMigrate -- Successfully applied 26 migrations to schema "flyway", now at version v26 (execution time 00:01.374s)
09:47:03.601 [main] INFO org.flywaydb.core.FlywayExecutor -- Database: jdbc:postgresql://127.0.0.1:54849/mranked_period_19de3066ccca4f2a8a2e8a3e7d0f502c_it (PostgreSQL 18.6)
09:47:03.648 [main] INFO org.flywaydb.core.internal.database.base.Schema -- Creating schema "flyway" ...
09:47:03.657 [main] INFO org.flywaydb.core.internal.schemahistory.JdbcTableSchemaHistory -- Creating Schema History table "flyway"."flyway_schema_history" ...
09:47:03.714 [main] INFO org.flywaydb.core.internal.command.DbMigrate -- Current version of schema "flyway": null
09:47:03.749 [main] INFO org.flywaydb.core.internal.command.DbMigrate -- Migrating schema "flyway" to version "1 - target baseline"
09:47:04.333 [main] INFO org.flywaydb.core.internal.sqlscript.DefaultSqlScriptExecutor -- +--------------------------------------------+
| ensure_publication_metric_partition        |
+--------------------------------------------+
| ingest.publication_metric_snapshot_2026_06 |
| ingest.publication_metric_snapshot_2026_07 |
| ingest.publication_metric_snapshot_2026_08 |
| ingest.publication_metric_snapshot_2026_09 |
| ingest.publication_metric_snapshot_2026_10 |
| ingest.publication_metric_snapshot_2026_11 |
+--------------------------------------------+

09:47:04.399 [main] INFO org.flywaydb.core.internal.command.DbMigrate -- Migrating schema "flyway" to version "2 - rebuild core projections"
09:47:04.455 [main] INFO org.flywaydb.core.internal.command.DbMigrate -- Migrating schema "flyway" to version "3 - collector observation times and identity grants"
09:47:04.563 [main] INFO org.flywaydb.core.internal.command.DbMigrate -- Migrating schema "flyway" to version "4 - admin collection run status grants"
09:47:04.584 [main] INFO org.flywaydb.core.internal.command.DbMigrate -- Migrating schema "flyway" to version "5 - legacy activity period projection"
09:47:04.606 [main] INFO org.flywaydb.core.internal.command.DbMigrate -- Migrating schema "flyway" to version "6 - comparison valid observation hourly projection"
09:47:04.648 [main] INFO org.flywaydb.core.internal.command.DbMigrate -- Migrating schema "flyway" to version "7 - activity rating read grants"
09:47:04.669 [main] INFO org.flywaydb.core.internal.command.DbMigrate -- Migrating schema "flyway" to version "8 - legacy overview projection"
09:47:04.791 [main] INFO org.flywaydb.core.internal.command.DbMigrate -- Migrating schema "flyway" to version "9 - immutable observations quality archive fence"
09:47:05.059 [main] INFO org.flywaydb.core.internal.command.DbMigrate -- Migrating schema "flyway" to version "10 - consistent public queries and formula guards"
09:47:05.117 [main] INFO org.flywaydb.core.internal.command.DbMigrate -- Migrating schema "flyway" to version "11 - bridge identity lineage and reconciliation"
09:47:05.174 [main] INFO org.flywaydb.core.internal.command.DbMigrate -- Migrating schema "flyway" to version "12 - detail history projection"
09:47:05.199 [main] INFO org.flywaydb.core.internal.command.DbMigrate -- Migrating schema "flyway" to version "13 - immutable account identity history"
09:47:05.231 [main] INFO org.flywaydb.core.internal.command.DbMigrate -- Migrating schema "flyway" to version "14 - public archived publication text"
09:47:05.262 [main] INFO org.flywaydb.core.internal.command.DbMigrate -- Migrating schema "flyway" to version "15 - verified source preservation"
09:47:05.302 [main] INFO org.flywaydb.core.internal.command.DbMigrate -- Migrating schema "flyway" to version "16 - audited catalog commands"
09:47:05.358 [main] INFO org.flywaydb.core.internal.command.DbMigrate -- Migrating schema "flyway" to version "17 - legacy csv compatibility projection"
09:47:05.430 [main] INFO org.flywaydb.core.internal.command.DbMigrate -- Migrating schema "flyway" to version "18 - official rating commands"
09:47:05.484 [main] INFO org.flywaydb.core.internal.command.DbMigrate -- Migrating schema "flyway" to version "19 - safe health operational snapshot"
09:47:05.509 [main] INFO org.flywaydb.core.internal.command.DbMigrate -- Migrating schema "flyway" to version "20 - catalog url and version compatibility"
09:47:05.717 [main] INFO org.flywaydb.core.internal.command.DbMigrate -- Successfully applied 20 migrations to schema "flyway", now at version v20 (execution time 00:01.384s)
09:47:09.684 [main] INFO org.flywaydb.core.FlywayExecutor -- Database: jdbc:postgresql://127.0.0.1:54849/mranked_period_19de3066ccca4f2a8a2e8a3e7d0f502c_it (PostgreSQL 18.6)
09:47:09.735 [main] INFO org.flywaydb.core.internal.command.DbValidate -- Successfully validated 27 migrations (execution time 00:00.018s)
09:47:09.783 [main] INFO org.flywaydb.core.internal.command.DbMigrate -- Current version of schema "flyway": 20
09:47:09.796 [main] INFO org.flywaydb.core.internal.command.DbMigrate -- Migrating schema "flyway" to version "21 - legacy period first observation policy"
09:47:10.429 [main] INFO org.flywaydb.core.internal.sqlscript.DefaultSqlScriptExecutor -- DB: schema "pg_temp" does not exist, skipping
09:47:10.429 [main] INFO org.flywaydb.core.internal.sqlscript.DefaultSqlScriptExecutor -- DB: table "mranked_csv_lexeme" does not exist, skipping
09:47:10.429 [main] INFO org.flywaydb.core.internal.sqlscript.DefaultSqlScriptExecutor -- DB: table "mranked_csv_publication" does not exist, skipping
09:47:10.429 [main] INFO org.flywaydb.core.internal.sqlscript.DefaultSqlScriptExecutor -- DB: table "mranked_csv_snapshot" does not exist, skipping
09:47:10.463 [main] INFO org.flywaydb.core.internal.command.DbMigrate -- Migrating schema "flyway" to version "22 - durable legacy csv archive facts"
09:47:10.578 [main] INFO org.flywaydb.core.internal.sqlscript.DefaultSqlScriptExecutor -- DB: table "mranked_csv_lexeme" does not exist, skipping
09:47:10.579 [main] INFO org.flywaydb.core.internal.sqlscript.DefaultSqlScriptExecutor -- DB: table "mranked_csv_publication" does not exist, skipping
09:47:10.579 [main] INFO org.flywaydb.core.internal.sqlscript.DefaultSqlScriptExecutor -- DB: table "mranked_csv_snapshot" does not exist, skipping
09:47:10.612 [main] INFO org.flywaydb.core.internal.command.DbMigrate -- Migrating schema "flyway" to version "23 - official rating entity context"
09:47:11.100 [main] INFO org.flywaydb.core.internal.sqlscript.DefaultSqlScriptExecutor -- DB: table "mranked_projection_snapshot" does not exist, skipping
09:47:11.101 [main] INFO org.flywaydb.core.internal.sqlscript.DefaultSqlScriptExecutor -- DB: table "mranked_csv_lexeme" does not exist, skipping
09:47:11.101 [main] INFO org.flywaydb.core.internal.sqlscript.DefaultSqlScriptExecutor -- DB: table "mranked_csv_publication" does not exist, skipping
09:47:11.101 [main] INFO org.flywaydb.core.internal.sqlscript.DefaultSqlScriptExecutor -- DB: table "mranked_csv_snapshot" does not exist, skipping
09:47:11.133 [main] INFO org.flywaydb.core.internal.command.DbMigrate -- Migrating schema "flyway" to version "24 - ordered history reaction details"
09:47:11.172 [main] INFO org.flywaydb.core.internal.command.DbMigrate -- Migrating schema "flyway" to version "25 - safe legacy account presentation"
09:47:11.194 [main] INFO org.flywaydb.core.internal.command.DbMigrate -- Migrating schema "flyway" to version "26 - independent projection verifier reads"
09:47:11.208 [main] INFO org.flywaydb.core.internal.command.DbMigrate -- Successfully applied 6 migrations to schema "flyway", now at version v26 (execution time 00:01.294s)
[INFO] Tests run: 2, Failures: 0, Errors: 0, Skipped: 0, Time elapsed: 20.12 s -- in org.mranked.query.infrastructure.LegacyPeriodOraclePostgresIntegrationTest
[INFO] Running org.mranked.query.infrastructure.LegacyGoldenProjectionIntegrationTest
09:47:14.258 [main] INFO org.flywaydb.core.FlywayExecutor -- Database: jdbc:postgresql://127.0.0.1:54849/golden_it (PostgreSQL 18.6)
09:47:14.304 [main] INFO org.flywaydb.core.internal.database.base.Schema -- Creating schema "flyway" ...
09:47:14.315 [main] INFO org.flywaydb.core.internal.schemahistory.JdbcTableSchemaHistory -- Creating Schema History table "flyway"."flyway_schema_history" ...
09:47:14.372 [main] INFO org.flywaydb.core.internal.command.DbMigrate -- Current version of schema "flyway": null
09:47:14.392 [main] INFO org.flywaydb.core.internal.command.DbMigrate -- Migrating schema "flyway" to version "1 - target baseline"
09:47:14.712 [main] INFO org.flywaydb.core.internal.sqlscript.DefaultSqlScriptExecutor -- +--------------------------------------------+
| ensure_publication_metric_partition        |
+--------------------------------------------+
| ingest.publication_metric_snapshot_2026_06 |
| ingest.publication_metric_snapshot_2026_07 |
| ingest.publication_metric_snapshot_2026_08 |
| ingest.publication_metric_snapshot_2026_09 |
| ingest.publication_metric_snapshot_2026_10 |
| ingest.publication_metric_snapshot_2026_11 |
+--------------------------------------------+

09:47:14.862 [main] INFO org.flywaydb.core.internal.command.DbMigrate -- Migrating schema "flyway" to version "2 - rebuild core projections"
09:47:14.901 [main] INFO org.flywaydb.core.internal.command.DbMigrate -- Migrating schema "flyway" to version "3 - collector observation times and identity grants"
09:47:15.006 [main] INFO org.flywaydb.core.internal.command.DbMigrate -- Migrating schema "flyway" to version "4 - admin collection run status grants"
09:47:15.051 [main] INFO org.flywaydb.core.internal.command.DbMigrate -- Migrating schema "flyway" to version "5 - legacy activity period projection"
09:47:15.144 [main] INFO org.flywaydb.core.internal.command.DbMigrate -- Migrating schema "flyway" to version "6 - comparison valid observation hourly projection"
09:47:15.224 [main] INFO org.flywaydb.core.internal.command.DbMigrate -- Migrating schema "flyway" to version "7 - activity rating read grants"
09:47:15.307 [main] INFO org.flywaydb.core.internal.command.DbMigrate -- Migrating schema "flyway" to version "8 - legacy overview projection"
09:47:15.465 [main] INFO org.flywaydb.core.internal.command.DbMigrate -- Migrating schema "flyway" to version "9 - immutable observations quality archive fence"
09:47:15.768 [main] INFO org.flywaydb.core.internal.command.DbMigrate -- Migrating schema "flyway" to version "10 - consistent public queries and formula guards"
09:47:15.843 [main] INFO org.flywaydb.core.internal.command.DbMigrate -- Migrating schema "flyway" to version "11 - bridge identity lineage and reconciliation"
09:47:15.894 [main] INFO org.flywaydb.core.internal.command.DbMigrate -- Migrating schema "flyway" to version "12 - detail history projection"
09:47:15.917 [main] INFO org.flywaydb.core.internal.command.DbMigrate -- Migrating schema "flyway" to version "13 - immutable account identity history"
09:47:15.934 [main] INFO org.flywaydb.core.internal.command.DbMigrate -- Migrating schema "flyway" to version "14 - public archived publication text"
09:47:15.953 [main] INFO org.flywaydb.core.internal.command.DbMigrate -- Migrating schema "flyway" to version "15 - verified source preservation"
09:47:15.993 [main] INFO org.flywaydb.core.internal.command.DbMigrate -- Migrating schema "flyway" to version "16 - audited catalog commands"
09:47:16.059 [main] INFO org.flywaydb.core.internal.command.DbMigrate -- Migrating schema "flyway" to version "17 - legacy csv compatibility projection"
09:47:16.129 [main] INFO org.flywaydb.core.internal.command.DbMigrate -- Migrating schema "flyway" to version "18 - official rating commands"
09:47:16.215 [main] INFO org.flywaydb.core.internal.command.DbMigrate -- Migrating schema "flyway" to version "19 - safe health operational snapshot"
09:47:16.271 [main] INFO org.flywaydb.core.internal.command.DbMigrate -- Migrating schema "flyway" to version "20 - catalog url and version compatibility"
09:47:16.366 [main] INFO org.flywaydb.core.internal.command.DbMigrate -- Migrating schema "flyway" to version "21 - legacy period first observation policy"
09:47:16.492 [main] INFO org.flywaydb.core.internal.command.DbMigrate -- Migrating schema "flyway" to version "22 - durable legacy csv archive facts"
09:47:16.592 [main] INFO org.flywaydb.core.internal.command.DbMigrate -- Migrating schema "flyway" to version "23 - official rating entity context"
09:47:16.713 [main] INFO org.flywaydb.core.internal.command.DbMigrate -- Migrating schema "flyway" to version "24 - ordered history reaction details"
09:47:16.836 [main] INFO org.flywaydb.core.internal.command.DbMigrate -- Migrating schema "flyway" to version "25 - safe legacy account presentation"
09:47:16.883 [main] INFO org.flywaydb.core.internal.command.DbMigrate -- Migrating schema "flyway" to version "26 - independent projection verifier reads"
09:47:16.911 [main] INFO org.flywaydb.core.internal.command.DbMigrate -- Successfully applied 26 migrations to schema "flyway", now at version v26 (execution time 00:01.676s)
[INFO] Tests run: 2, Failures: 0, Errors: 0, Skipped: 0, Time elapsed: 3.922 s -- in org.mranked.query.infrastructure.LegacyGoldenProjectionIntegrationTest
[INFO] Running org.mranked.query.infrastructure.ActivityRatingGrantMigrationTest
[INFO] Tests run: 1, Failures: 0, Errors: 0, Skipped: 0, Time elapsed: 0.010 s -- in org.mranked.query.infrastructure.ActivityRatingGrantMigrationTest
[INFO] Running org.mranked.query.domain.OverviewQueryTest
[INFO] Tests run: 3, Failures: 0, Errors: 0, Skipped: 0, Time elapsed: 0.019 s -- in org.mranked.query.domain.OverviewQueryTest
[INFO] Running org.mranked.query.domain.ComparisonSeriesTest
[INFO] Tests run: 2, Failures: 0, Errors: 0, Skipped: 0, Time elapsed: 0.018 s -- in org.mranked.query.domain.ComparisonSeriesTest
[INFO] Running org.mranked.query.domain.ComparisonSelectionTest
[INFO] Tests run: 3, Failures: 0, Errors: 0, Skipped: 0, Time elapsed: 0.013 s -- in org.mranked.query.domain.ComparisonSelectionTest
[INFO] Running org.mranked.query.domain.ActivityRatingQueryTest
[INFO] Tests run: 3, Failures: 0, Errors: 0, Skipped: 0, Time elapsed: 0.011 s -- in org.mranked.query.domain.ActivityRatingQueryTest
[INFO] Running org.mranked.legacyexport.application.LegacyCsvServiceTest
[INFO] Tests run: 4, Failures: 0, Errors: 0, Skipped: 0, Time elapsed: 3.809 s -- in org.mranked.legacyexport.application.LegacyCsvServiceTest
[INFO] Running org.mranked.legacyexport.infrastructure.LegacyCsvPostgresIntegrationTest
09:47:22.662 [main] INFO org.flywaydb.core.FlywayExecutor -- Database: jdbc:postgresql://127.0.0.1:54849/mranked_csv_d89c77a1ace344c184bb4206c1bed466_it (PostgreSQL 18.6)
09:47:22.703 [main] INFO org.flywaydb.core.internal.database.base.Schema -- Creating schema "flyway" ...
09:47:22.729 [main] INFO org.flywaydb.core.internal.schemahistory.JdbcTableSchemaHistory -- Creating Schema History table "flyway"."flyway_schema_history" ...
09:47:22.842 [main] INFO org.flywaydb.core.internal.command.DbMigrate -- Current version of schema "flyway": null
09:47:22.903 [main] INFO org.flywaydb.core.internal.command.DbMigrate -- Migrating schema "flyway" to version "1 - target baseline"
09:47:23.771 [main] INFO org.flywaydb.core.internal.sqlscript.DefaultSqlScriptExecutor -- +--------------------------------------------+
| ensure_publication_metric_partition        |
+--------------------------------------------+
| ingest.publication_metric_snapshot_2026_06 |
| ingest.publication_metric_snapshot_2026_07 |
| ingest.publication_metric_snapshot_2026_08 |
| ingest.publication_metric_snapshot_2026_09 |
| ingest.publication_metric_snapshot_2026_10 |
| ingest.publication_metric_snapshot_2026_11 |
+--------------------------------------------+

09:47:23.941 [main] INFO org.flywaydb.core.internal.command.DbMigrate -- Migrating schema "flyway" to version "2 - rebuild core projections"
09:47:24.008 [main] INFO org.flywaydb.core.internal.command.DbMigrate -- Migrating schema "flyway" to version "3 - collector observation times and identity grants"
09:47:24.185 [main] INFO org.flywaydb.core.internal.command.DbMigrate -- Migrating schema "flyway" to version "4 - admin collection run status grants"
09:47:24.254 [main] INFO org.flywaydb.core.internal.command.DbMigrate -- Migrating schema "flyway" to version "5 - legacy activity period projection"
09:47:24.374 [main] INFO org.flywaydb.core.internal.command.DbMigrate -- Migrating schema "flyway" to version "6 - comparison valid observation hourly projection"
09:47:24.553 [main] INFO org.flywaydb.core.internal.command.DbMigrate -- Migrating schema "flyway" to version "7 - activity rating read grants"
09:47:24.599 [main] INFO org.flywaydb.core.internal.command.DbMigrate -- Migrating schema "flyway" to version "8 - legacy overview projection"
09:47:24.688 [main] INFO org.flywaydb.core.internal.command.DbMigrate -- Migrating schema "flyway" to version "9 - immutable observations quality archive fence"
09:47:25.000 [main] INFO org.flywaydb.core.internal.command.DbMigrate -- Migrating schema "flyway" to version "10 - consistent public queries and formula guards"
09:47:25.083 [main] INFO org.flywaydb.core.internal.command.DbMigrate -- Migrating schema "flyway" to version "11 - bridge identity lineage and reconciliation"
09:47:25.122 [main] INFO org.flywaydb.core.internal.command.DbMigrate -- Migrating schema "flyway" to version "12 - detail history projection"
09:47:25.163 [main] INFO org.flywaydb.core.internal.command.DbMigrate -- Migrating schema "flyway" to version "13 - immutable account identity history"
09:47:25.184 [main] INFO org.flywaydb.core.internal.command.DbMigrate -- Migrating schema "flyway" to version "14 - public archived publication text"
09:47:25.215 [main] INFO org.flywaydb.core.internal.command.DbMigrate -- Migrating schema "flyway" to version "15 - verified source preservation"
09:47:25.272 [main] INFO org.flywaydb.core.internal.command.DbMigrate -- Migrating schema "flyway" to version "16 - audited catalog commands"
09:47:25.416 [main] INFO org.flywaydb.core.internal.command.DbMigrate -- Migrating schema "flyway" to version "17 - legacy csv compatibility projection"
09:47:25.930 [main] INFO org.flywaydb.core.internal.command.DbMigrate -- Migrating schema "flyway" to version "18 - official rating commands"
09:47:25.980 [main] INFO org.flywaydb.core.internal.command.DbMigrate -- Migrating schema "flyway" to version "19 - safe health operational snapshot"
09:47:26.008 [main] INFO org.flywaydb.core.internal.command.DbMigrate -- Migrating schema "flyway" to version "20 - catalog url and version compatibility"
09:47:26.040 [main] INFO org.flywaydb.core.internal.command.DbMigrate -- Migrating schema "flyway" to version "21 - legacy period first observation policy"
09:47:26.107 [main] INFO org.flywaydb.core.internal.command.DbMigrate -- Migrating schema "flyway" to version "22 - durable legacy csv archive facts"
09:47:26.172 [main] INFO org.flywaydb.core.internal.command.DbMigrate -- Migrating schema "flyway" to version "23 - official rating entity context"
09:47:26.214 [main] INFO org.flywaydb.core.internal.command.DbMigrate -- Migrating schema "flyway" to version "24 - ordered history reaction details"
09:47:26.247 [main] INFO org.flywaydb.core.internal.command.DbMigrate -- Migrating schema "flyway" to version "25 - safe legacy account presentation"
09:47:26.266 [main] INFO org.flywaydb.core.internal.command.DbMigrate -- Migrating schema "flyway" to version "26 - independent projection verifier reads"
09:47:26.280 [main] INFO org.flywaydb.core.internal.command.DbMigrate -- Successfully applied 26 migrations to schema "flyway", now at version v26 (execution time 00:02.356s)
09:47:30.081 [main] INFO org.springframework.mock.web.MockServletContext -- Initializing Spring TestDispatcherServlet ''
09:47:30.082 [main] INFO org.springframework.test.web.servlet.TestDispatcherServlet -- Initializing Servlet ''
09:47:30.082 [main] INFO org.springframework.test.web.servlet.TestDispatcherServlet -- Completed initialization in 0 ms
09:47:38.580 [main] INFO org.springframework.mock.web.MockServletContext -- Initializing Spring TestDispatcherServlet ''
09:47:38.587 [main] INFO org.springframework.test.web.servlet.TestDispatcherServlet -- Initializing Servlet ''
09:47:38.588 [main] INFO org.springframework.test.web.servlet.TestDispatcherServlet -- Completed initialization in 1 ms
[INFO] Tests run: 1, Failures: 0, Errors: 0, Skipped: 0, Time elapsed: 19.27 s -- in org.mranked.legacyexport.infrastructure.LegacyCsvPostgresIntegrationTest
[INFO] Running org.mranked.legacyexport.infrastructure.LegacyCsvArchivePostgresIntegrationTest
09:47:41.825 [main] INFO org.flywaydb.core.FlywayExecutor -- Database: jdbc:postgresql://127.0.0.1:54849/mranked_csv_archive_0cef0c5368ab4dc89e8eb4f4550d9029_it (PostgreSQL 18.6)
09:47:41.850 [main] INFO org.flywaydb.core.internal.database.base.Schema -- Creating schema "flyway" ...
09:47:41.853 [main] INFO org.flywaydb.core.internal.schemahistory.JdbcTableSchemaHistory -- Creating Schema History table "flyway"."flyway_schema_history" ...
09:47:41.901 [main] INFO org.flywaydb.core.internal.command.DbMigrate -- Current version of schema "flyway": null
09:47:41.936 [main] INFO org.flywaydb.core.internal.command.DbMigrate -- Migrating schema "flyway" to version "1 - target baseline"
09:47:42.484 [main] INFO org.flywaydb.core.internal.sqlscript.DefaultSqlScriptExecutor -- +--------------------------------------------+
| ensure_publication_metric_partition        |
+--------------------------------------------+
| ingest.publication_metric_snapshot_2026_06 |
| ingest.publication_metric_snapshot_2026_07 |
| ingest.publication_metric_snapshot_2026_08 |
| ingest.publication_metric_snapshot_2026_09 |
| ingest.publication_metric_snapshot_2026_10 |
| ingest.publication_metric_snapshot_2026_11 |
+--------------------------------------------+

09:47:43.552 [main] INFO org.flywaydb.core.internal.command.DbMigrate -- Migrating schema "flyway" to version "2 - rebuild core projections"
09:47:43.616 [main] INFO org.flywaydb.core.internal.command.DbMigrate -- Migrating schema "flyway" to version "3 - collector observation times and identity grants"
09:47:43.699 [main] INFO org.flywaydb.core.internal.command.DbMigrate -- Migrating schema "flyway" to version "4 - admin collection run status grants"
09:47:43.717 [main] INFO org.flywaydb.core.internal.command.DbMigrate -- Migrating schema "flyway" to version "5 - legacy activity period projection"
09:47:43.745 [main] INFO org.flywaydb.core.internal.command.DbMigrate -- Migrating schema "flyway" to version "6 - comparison valid observation hourly projection"
09:47:43.780 [main] INFO org.flywaydb.core.internal.command.DbMigrate -- Migrating schema "flyway" to version "7 - activity rating read grants"
09:47:43.846 [main] INFO org.flywaydb.core.internal.command.DbMigrate -- Migrating schema "flyway" to version "8 - legacy overview projection"
09:47:43.926 [main] INFO org.flywaydb.core.internal.command.DbMigrate -- Migrating schema "flyway" to version "9 - immutable observations quality archive fence"
09:47:44.155 [main] INFO org.flywaydb.core.internal.command.DbMigrate -- Migrating schema "flyway" to version "10 - consistent public queries and formula guards"
09:47:44.208 [main] INFO org.flywaydb.core.internal.command.DbMigrate -- Migrating schema "flyway" to version "11 - bridge identity lineage and reconciliation"
09:47:44.249 [main] INFO org.flywaydb.core.internal.command.DbMigrate -- Migrating schema "flyway" to version "12 - detail history projection"
09:47:44.280 [main] INFO org.flywaydb.core.internal.command.DbMigrate -- Migrating schema "flyway" to version "13 - immutable account identity history"
09:47:44.301 [main] INFO org.flywaydb.core.internal.command.DbMigrate -- Migrating schema "flyway" to version "14 - public archived publication text"
09:47:44.341 [main] INFO org.flywaydb.core.internal.command.DbMigrate -- Migrating schema "flyway" to version "15 - verified source preservation"
09:47:44.381 [main] INFO org.flywaydb.core.internal.command.DbMigrate -- Migrating schema "flyway" to version "16 - audited catalog commands"
09:47:44.444 [main] INFO org.flywaydb.core.internal.command.DbMigrate -- Migrating schema "flyway" to version "17 - legacy csv compatibility projection"
09:47:44.511 [main] INFO org.flywaydb.core.internal.command.DbMigrate -- Migrating schema "flyway" to version "18 - official rating commands"
09:47:44.571 [main] INFO org.flywaydb.core.internal.command.DbMigrate -- Migrating schema "flyway" to version "19 - safe health operational snapshot"
09:47:44.593 [main] INFO org.flywaydb.core.internal.command.DbMigrate -- Migrating schema "flyway" to version "20 - catalog url and version compatibility"
09:47:44.617 [main] INFO org.flywaydb.core.internal.command.DbMigrate -- Migrating schema "flyway" to version "21 - legacy period first observation policy"
09:47:44.646 [main] INFO org.flywaydb.core.internal.command.DbMigrate -- Migrating schema "flyway" to version "22 - durable legacy csv archive facts"
09:47:44.742 [main] INFO org.flywaydb.core.internal.command.DbMigrate -- Migrating schema "flyway" to version "23 - official rating entity context"
09:47:44.767 [main] INFO org.flywaydb.core.internal.command.DbMigrate -- Migrating schema "flyway" to version "24 - ordered history reaction details"
09:47:44.784 [main] INFO org.flywaydb.core.internal.command.DbMigrate -- Migrating schema "flyway" to version "25 - safe legacy account presentation"
09:47:44.800 [main] INFO org.flywaydb.core.internal.command.DbMigrate -- Migrating schema "flyway" to version "26 - independent projection verifier reads"
09:47:44.815 [main] INFO org.flywaydb.core.internal.command.DbMigrate -- Successfully applied 26 migrations to schema "flyway", now at version v26 (execution time 00:01.477s)
09:47:48.380 [main] INFO org.flywaydb.core.FlywayExecutor -- Database: jdbc:postgresql://127.0.0.1:54849/mranked_csv_archive_af3a4aa5abec4cb6ba6a52a77c10b8f0_it (PostgreSQL 18.6)
09:47:48.392 [main] INFO org.flywaydb.core.internal.database.base.Schema -- Creating schema "flyway" ...
09:47:48.396 [main] INFO org.flywaydb.core.internal.schemahistory.JdbcTableSchemaHistory -- Creating Schema History table "flyway"."flyway_schema_history" ...
09:47:48.424 [main] INFO org.flywaydb.core.internal.command.DbMigrate -- Current version of schema "flyway": null
09:47:48.446 [main] INFO org.flywaydb.core.internal.command.DbMigrate -- Migrating schema "flyway" to version "1 - target baseline"
09:47:48.732 [main] INFO org.flywaydb.core.internal.sqlscript.DefaultSqlScriptExecutor -- +--------------------------------------------+
| ensure_publication_metric_partition        |
+--------------------------------------------+
| ingest.publication_metric_snapshot_2026_06 |
| ingest.publication_metric_snapshot_2026_07 |
| ingest.publication_metric_snapshot_2026_08 |
| ingest.publication_metric_snapshot_2026_09 |
| ingest.publication_metric_snapshot_2026_10 |
| ingest.publication_metric_snapshot_2026_11 |
+--------------------------------------------+

09:47:48.797 [main] INFO org.flywaydb.core.internal.command.DbMigrate -- Migrating schema "flyway" to version "2 - rebuild core projections"
09:47:48.825 [main] INFO org.flywaydb.core.internal.command.DbMigrate -- Migrating schema "flyway" to version "3 - collector observation times and identity grants"
09:47:48.898 [main] INFO org.flywaydb.core.internal.command.DbMigrate -- Migrating schema "flyway" to version "4 - admin collection run status grants"
09:47:48.923 [main] INFO org.flywaydb.core.internal.command.DbMigrate -- Migrating schema "flyway" to version "5 - legacy activity period projection"
09:47:49.010 [main] INFO org.flywaydb.core.internal.command.DbMigrate -- Migrating schema "flyway" to version "6 - comparison valid observation hourly projection"
09:47:49.064 [main] INFO org.flywaydb.core.internal.command.DbMigrate -- Migrating schema "flyway" to version "7 - activity rating read grants"
09:47:49.117 [main] INFO org.flywaydb.core.internal.command.DbMigrate -- Migrating schema "flyway" to version "8 - legacy overview projection"
09:47:49.281 [main] INFO org.flywaydb.core.internal.command.DbMigrate -- Migrating schema "flyway" to version "9 - immutable observations quality archive fence"
09:47:49.461 [main] INFO org.flywaydb.core.internal.command.DbMigrate -- Migrating schema "flyway" to version "10 - consistent public queries and formula guards"
09:47:49.508 [main] INFO org.flywaydb.core.internal.command.DbMigrate -- Migrating schema "flyway" to version "11 - bridge identity lineage and reconciliation"
09:47:49.611 [main] INFO org.flywaydb.core.internal.command.DbMigrate -- Migrating schema "flyway" to version "12 - detail history projection"
09:47:49.632 [main] INFO org.flywaydb.core.internal.command.DbMigrate -- Migrating schema "flyway" to version "13 - immutable account identity history"
09:47:49.645 [main] INFO org.flywaydb.core.internal.command.DbMigrate -- Migrating schema "flyway" to version "14 - public archived publication text"
09:47:49.666 [main] INFO org.flywaydb.core.internal.command.DbMigrate -- Migrating schema "flyway" to version "15 - verified source preservation"
09:47:49.689 [main] INFO org.flywaydb.core.internal.command.DbMigrate -- Migrating schema "flyway" to version "16 - audited catalog commands"
09:47:49.747 [main] INFO org.flywaydb.core.internal.command.DbMigrate -- Migrating schema "flyway" to version "17 - legacy csv compatibility projection"
09:47:49.836 [main] INFO org.flywaydb.core.internal.command.DbMigrate -- Migrating schema "flyway" to version "18 - official rating commands"
09:47:49.875 [main] INFO org.flywaydb.core.internal.command.DbMigrate -- Migrating schema "flyway" to version "19 - safe health operational snapshot"
09:47:49.904 [main] INFO org.flywaydb.core.internal.command.DbMigrate -- Migrating schema "flyway" to version "20 - catalog url and version compatibility"
09:47:49.924 [main] INFO org.flywaydb.core.internal.command.DbMigrate -- Migrating schema "flyway" to version "21 - legacy period first observation policy"
09:47:49.960 [main] INFO org.flywaydb.core.internal.command.DbMigrate -- Migrating schema "flyway" to version "22 - durable legacy csv archive facts"
09:47:50.008 [main] INFO org.flywaydb.core.internal.command.DbMigrate -- Migrating schema "flyway" to version "23 - official rating entity context"
09:47:50.031 [main] INFO org.flywaydb.core.internal.command.DbMigrate -- Migrating schema "flyway" to version "24 - ordered history reaction details"
09:47:50.054 [main] INFO org.flywaydb.core.internal.command.DbMigrate -- Migrating schema "flyway" to version "25 - safe legacy account presentation"
09:47:50.070 [main] INFO org.flywaydb.core.internal.command.DbMigrate -- Migrating schema "flyway" to version "26 - independent projection verifier reads"
09:47:50.084 [main] INFO org.flywaydb.core.internal.command.DbMigrate -- Successfully applied 26 migrations to schema "flyway", now at version v26 (execution time 00:01.131s)
09:47:55.022 [main] INFO org.flywaydb.core.FlywayExecutor -- Database: jdbc:postgresql://127.0.0.1:54849/mranked_csv_archive_78fc32d4ed904a45a42c847741feb0ec_it (PostgreSQL 18.6)
09:47:55.041 [main] INFO org.flywaydb.core.internal.database.base.Schema -- Creating schema "flyway" ...
09:47:55.044 [main] INFO org.flywaydb.core.internal.schemahistory.JdbcTableSchemaHistory -- Creating Schema History table "flyway"."flyway_schema_history" ...
09:47:55.114 [main] INFO org.flywaydb.core.internal.command.DbMigrate -- Current version of schema "flyway": null
09:47:55.156 [main] INFO org.flywaydb.core.internal.command.DbMigrate -- Migrating schema "flyway" to version "1 - target baseline"
09:47:55.608 [main] INFO org.flywaydb.core.internal.sqlscript.DefaultSqlScriptExecutor -- +--------------------------------------------+
| ensure_publication_metric_partition        |
+--------------------------------------------+
| ingest.publication_metric_snapshot_2026_06 |
| ingest.publication_metric_snapshot_2026_07 |
| ingest.publication_metric_snapshot_2026_08 |
| ingest.publication_metric_snapshot_2026_09 |
| ingest.publication_metric_snapshot_2026_10 |
| ingest.publication_metric_snapshot_2026_11 |
+--------------------------------------------+

09:47:55.715 [main] INFO org.flywaydb.core.internal.command.DbMigrate -- Migrating schema "flyway" to version "2 - rebuild core projections"
09:47:55.746 [main] INFO org.flywaydb.core.internal.command.DbMigrate -- Migrating schema "flyway" to version "3 - collector observation times and identity grants"
09:47:55.803 [main] INFO org.flywaydb.core.internal.command.DbMigrate -- Migrating schema "flyway" to version "4 - admin collection run status grants"
09:47:55.845 [main] INFO org.flywaydb.core.internal.command.DbMigrate -- Migrating schema "flyway" to version "5 - legacy activity period projection"
09:47:55.874 [main] INFO org.flywaydb.core.internal.command.DbMigrate -- Migrating schema "flyway" to version "6 - comparison valid observation hourly projection"
09:47:55.913 [main] INFO org.flywaydb.core.internal.command.DbMigrate -- Migrating schema "flyway" to version "7 - activity rating read grants"
09:47:55.964 [main] INFO org.flywaydb.core.internal.command.DbMigrate -- Migrating schema "flyway" to version "8 - legacy overview projection"
09:47:56.071 [main] INFO org.flywaydb.core.internal.command.DbMigrate -- Migrating schema "flyway" to version "9 - immutable observations quality archive fence"
09:47:56.285 [main] INFO org.flywaydb.core.internal.command.DbMigrate -- Migrating schema "flyway" to version "10 - consistent public queries and formula guards"
09:47:56.336 [main] INFO org.flywaydb.core.internal.command.DbMigrate -- Migrating schema "flyway" to version "11 - bridge identity lineage and reconciliation"
09:47:56.378 [main] INFO org.flywaydb.core.internal.command.DbMigrate -- Migrating schema "flyway" to version "12 - detail history projection"
09:47:56.403 [main] INFO org.flywaydb.core.internal.command.DbMigrate -- Migrating schema "flyway" to version "13 - immutable account identity history"
09:47:56.423 [main] INFO org.flywaydb.core.internal.command.DbMigrate -- Migrating schema "flyway" to version "14 - public archived publication text"
09:47:56.463 [main] INFO org.flywaydb.core.internal.command.DbMigrate -- Migrating schema "flyway" to version "15 - verified source preservation"
09:47:56.498 [main] INFO org.flywaydb.core.internal.command.DbMigrate -- Migrating schema "flyway" to version "16 - audited catalog commands"
09:47:56.547 [main] INFO org.flywaydb.core.internal.command.DbMigrate -- Migrating schema "flyway" to version "17 - legacy csv compatibility projection"
09:47:56.590 [main] INFO org.flywaydb.core.internal.command.DbMigrate -- Migrating schema "flyway" to version "18 - official rating commands"
09:47:56.648 [main] INFO org.flywaydb.core.internal.command.DbMigrate -- Migrating schema "flyway" to version "19 - safe health operational snapshot"
09:47:56.680 [main] INFO org.flywaydb.core.internal.command.DbMigrate -- Migrating schema "flyway" to version "20 - catalog url and version compatibility"
09:47:56.724 [main] INFO org.flywaydb.core.internal.command.DbMigrate -- Migrating schema "flyway" to version "21 - legacy period first observation policy"
09:47:56.748 [main] INFO org.flywaydb.core.internal.command.DbMigrate -- Successfully applied 21 migrations to schema "flyway", now at version v21 (execution time 00:01.146s)
[ERROR] Tests run: 3, Failures: 3, Errors: 0, Skipped: 0, Time elapsed: 20.08 s <<< FAILURE! -- in org.mranked.legacyexport.infrastructure.LegacyCsvArchivePostgresIntegrationTest
[ERROR] org.mranked.legacyexport.infrastructure.LegacyCsvArchivePostgresIntegrationTest.wholeHistoryCsvSurvivesActualPartitionRemoval(String)[1] -- Time elapsed: 6.870 s <<< FAILURE!
java.lang.AssertionError: 
Traceback (most recent call last):
  File "<frozen runpy>", line 198, in _run_module_as_main
  File "<frozen runpy>", line 88, in _run_code
  File "/Users/funpin/Documents/ChatGPT/TG-monitoring/migration/integration/legacy_csv_fixture.py", line 106, in <module>
    result = produce(arguments.output,os.environ["MRANKED_LEGACY_CSV_DSN"])
  File "/Users/funpin/Documents/ChatGPT/TG-monitoring/migration/integration/legacy_csv_fixture.py", line 91, in produce
    assert report["gate"]["status"] == "pass", [row["check"] for row in report["mismatches"]]
           ^^^^^^^^^^^^^^^^^^^^^^^^^^^^^^^^^^
AssertionError: ['derived_projection_parity']

	at org.mranked.legacyexport.infrastructure.LegacyCsvArchivePostgresIntegrationTest.run(LegacyCsvArchivePostgresIntegrationTest.java:80)
	at org.mranked.legacyexport.infrastructure.LegacyCsvArchivePostgresIntegrationTest.wholeHistoryCsvSurvivesActualPartitionRemoval(LegacyCsvArchivePostgresIntegrationTest.java:48)

[ERROR] org.mranked.legacyexport.infrastructure.LegacyCsvArchivePostgresIntegrationTest.wholeHistoryCsvSurvivesActualPartitionRemoval(String)[2] -- Time elapsed: 6.563 s <<< FAILURE!
java.lang.AssertionError: 
Traceback (most recent call last):
  File "<frozen runpy>", line 198, in _run_module_as_main
  File "<frozen runpy>", line 88, in _run_code
  File "/Users/funpin/Documents/ChatGPT/TG-monitoring/migration/integration/legacy_csv_fixture.py", line 106, in <module>
    result = produce(arguments.output,os.environ["MRANKED_LEGACY_CSV_DSN"])
  File "/Users/funpin/Documents/ChatGPT/TG-monitoring/migration/integration/legacy_csv_fixture.py", line 91, in produce
    assert report["gate"]["status"] == "pass", [row["check"] for row in report["mismatches"]]
           ^^^^^^^^^^^^^^^^^^^^^^^^^^^^^^^^^^
AssertionError: ['derived_projection_parity']

	at org.mranked.legacyexport.infrastructure.LegacyCsvArchivePostgresIntegrationTest.run(LegacyCsvArchivePostgresIntegrationTest.java:80)
	at org.mranked.legacyexport.infrastructure.LegacyCsvArchivePostgresIntegrationTest.wholeHistoryCsvSurvivesActualPartitionRemoval(LegacyCsvArchivePostgresIntegrationTest.java:48)

[ERROR] org.mranked.legacyexport.infrastructure.LegacyCsvArchivePostgresIntegrationTest.wholeHistoryCsvSurvivesActualPartitionRemoval(String)[3] -- Time elapsed: 6.527 s <<< FAILURE!
java.lang.AssertionError: 
Traceback (most recent call last):
  File "<frozen runpy>", line 198, in _run_module_as_main
  File "<frozen runpy>", line 88, in _run_code
  File "/Users/funpin/Documents/ChatGPT/TG-monitoring/migration/integration/legacy_csv_fixture.py", line 106, in <module>
    result = produce(arguments.output,os.environ["MRANKED_LEGACY_CSV_DSN"])
  File "/Users/funpin/Documents/ChatGPT/TG-monitoring/migration/integration/legacy_csv_fixture.py", line 91, in produce
    assert report["gate"]["status"] == "pass", [row["check"] for row in report["mismatches"]]
           ^^^^^^^^^^^^^^^^^^^^^^^^^^^^^^^^^^
AssertionError: ['derived_projection_parity']

	at org.mranked.legacyexport.infrastructure.LegacyCsvArchivePostgresIntegrationTest.run(LegacyCsvArchivePostgresIntegrationTest.java:80)
	at org.mranked.legacyexport.infrastructure.LegacyCsvArchivePostgresIntegrationTest.wholeHistoryCsvSurvivesActualPartitionRemoval(LegacyCsvArchivePostgresIntegrationTest.java:48)

[INFO] Running org.mranked.ArchitectureTest
09:48:01.519 [main] INFO com.tngtech.archunit.core.PluginLoader -- Detected Java version 21
[INFO] Tests run: 5, Failures: 0, Errors: 0, Skipped: 0, Time elapsed: 3.912 s -- in org.mranked.ArchitectureTest
[INFO] 
[INFO] Results:
[INFO] 
[ERROR] Failures: 
[ERROR]   LegacyCsvArchivePostgresIntegrationTest.wholeHistoryCsvSurvivesActualPartitionRemoval:48->run:80 Traceback (most recent call last):
  File "<frozen runpy>", line 198, in _run_module_as_main
  File "<frozen runpy>", line 88, in _run_code
  File "/Users/funpin/Documents/ChatGPT/TG-monitoring/migration/integration/legacy_csv_fixture.py", line 106, in <module>
    result = produce(arguments.output,os.environ["MRANKED_LEGACY_CSV_DSN"])
  File "/Users/funpin/Documents/ChatGPT/TG-monitoring/migration/integration/legacy_csv_fixture.py", line 91, in produce
    assert report["gate"]["status"] == "pass", [row["check"] for row in report["mismatches"]]
           ^^^^^^^^^^^^^^^^^^^^^^^^^^^^^^^^^^
AssertionError: ['derived_projection_parity']

[ERROR]   LegacyCsvArchivePostgresIntegrationTest.wholeHistoryCsvSurvivesActualPartitionRemoval:48->run:80 Traceback (most recent call last):
  File "<frozen runpy>", line 198, in _run_module_as_main
  File "<frozen runpy>", line 88, in _run_code
  File "/Users/funpin/Documents/ChatGPT/TG-monitoring/migration/integration/legacy_csv_fixture.py", line 106, in <module>
    result = produce(arguments.output,os.environ["MRANKED_LEGACY_CSV_DSN"])
  File "/Users/funpin/Documents/ChatGPT/TG-monitoring/migration/integration/legacy_csv_fixture.py", line 91, in produce
    assert report["gate"]["status"] == "pass", [row["check"] for row in report["mismatches"]]
           ^^^^^^^^^^^^^^^^^^^^^^^^^^^^^^^^^^
AssertionError: ['derived_projection_parity']

[ERROR]   LegacyCsvArchivePostgresIntegrationTest.wholeHistoryCsvSurvivesActualPartitionRemoval:48->run:80 Traceback (most recent call last):
  File "<frozen runpy>", line 198, in _run_module_as_main
  File "<frozen runpy>", line 88, in _run_code
  File "/Users/funpin/Documents/ChatGPT/TG-monitoring/migration/integration/legacy_csv_fixture.py", line 106, in <module>
    result = produce(arguments.output,os.environ["MRANKED_LEGACY_CSV_DSN"])
  File "/Users/funpin/Documents/ChatGPT/TG-monitoring/migration/integration/legacy_csv_fixture.py", line 91, in produce
    assert report["gate"]["status"] == "pass", [row["check"] for row in report["mismatches"]]
           ^^^^^^^^^^^^^^^^^^^^^^^^^^^^^^^^^^
AssertionError: ['derived_projection_parity']

[INFO] 
[ERROR] Tests run: 207, Failures: 3, Errors: 0, Skipped: 4
[INFO] 
[INFO] ------------------------------------------------------------------------
[INFO] BUILD FAILURE
[INFO] ------------------------------------------------------------------------
[INFO] Total time:  02:52 min
[INFO] Finished at: 2026-09-05T09:48:05+03:00
[INFO] ------------------------------------------------------------------------
[ERROR] Failed to execute goal org.apache.maven.plugins:maven-surefire-plugin:3.5.6:test (default-test) on project m-ranked-backend: There are test failures.
[ERROR] 
[ERROR] See /Users/funpin/Documents/ChatGPT/TG-monitoring/migration/reports/integration-review-20260905-r8/backend-build/surefire-reports for the individual test results.
[ERROR] See dump files (if any exist) [date].dump, [date]-jvmRun[N].dump and [date].dumpstream.
[ERROR] -> [Help 1]
[ERROR] 
[ERROR] To see the full stack trace of the errors, re-run Maven with the -e switch.
[ERROR] Re-run Maven using the -X switch to enable full debug logging.
[ERROR] 
[ERROR] For more information about the errors and possible solutions, please read the following articles:
[ERROR] [Help 1] http://cwiki.apache.org/confluence/display/MAVEN/MojoFailureException
