[INFO] Scanning for projects...
[INFO] 
[INFO] --------------------< org.mranked:m-ranked-backend >--------------------
[INFO] Building m-ranked backend 0.1.0-SNAPSHOT
[INFO]   from pom.xml
[INFO] --------------------------------[ jar ]---------------------------------
[INFO] 
[INFO] --- enforcer:3.6.2:enforce (require-java-21) @ m-ranked-backend ---
[INFO] Rule 0: org.apache.maven.enforcer.rules.version.RequireJavaVersion passed
[INFO] 
[INFO] --- spring-boot:4.0.8:build-info (public-representation-build-identity) @ m-ranked-backend ---
[INFO] 
[INFO] --- resources:3.3.1:resources (default-resources) @ m-ranked-backend ---
[INFO] Copying 31 resources from src/main/resources to ../migration/reports/integration-review-20260906-r17/backend-build/classes
[INFO] Copying 1 resource from ../contracts/openapi to ../migration/reports/integration-review-20260906-r17/backend-build/classes/contract
[INFO] 
[INFO] --- compiler:3.14.1:compile (default-compile) @ m-ranked-backend ---
[INFO] Nothing to compile - all classes are up to date.
[INFO] 
[INFO] --- resources:3.3.1:testResources (default-testResources) @ m-ranked-backend ---
[INFO] Copying 1 resource from src/test/resources to ../migration/reports/integration-review-20260906-r17/backend-build/test-classes
[INFO] 
[INFO] --- compiler:3.14.1:testCompile (default-testCompile) @ m-ranked-backend ---
[INFO] Nothing to compile - all classes are up to date.
[INFO] 
[INFO] --- surefire:3.5.6:test (default-test) @ m-ranked-backend ---
[INFO] Using auto detected provider org.apache.maven.surefire.junitplatform.JUnitPlatformProvider
[INFO] 
[INFO] -------------------------------------------------------
[INFO]  T E S T S
[INFO] -------------------------------------------------------
[INFO] Running org.mranked.contract.OpenApiContractTest
[INFO] Tests run: 2, Failures: 0, Errors: 0, Skipped: 0, Time elapsed: 0.222 s -- in org.mranked.contract.OpenApiContractTest
[INFO] Running org.mranked.cache.application.PublicDtoCacheTest
[INFO] Tests run: 5, Failures: 0, Errors: 0, Skipped: 0, Time elapsed: 0.236 s -- in org.mranked.cache.application.PublicDtoCacheTest
[INFO] Running org.mranked.cache.application.PublicCacheKeyFactoryTest
[INFO] Tests run: 3, Failures: 0, Errors: 0, Skipped: 0, Time elapsed: 0.014 s -- in org.mranked.cache.application.PublicCacheKeyFactoryTest
[INFO] Running org.mranked.cache.application.ETagFactoryTest
[INFO] Tests run: 2, Failures: 0, Errors: 0, Skipped: 0, Time elapsed: 0.007 s -- in org.mranked.cache.application.ETagFactoryTest
[INFO] Running org.mranked.cache.infrastructure.JdbcDatasetRevisionProviderTest
[INFO] Tests run: 1, Failures: 0, Errors: 0, Skipped: 0, Time elapsed: 0.001 s -- in org.mranked.cache.infrastructure.JdbcDatasetRevisionProviderTest
[INFO] Running org.mranked.cache.infrastructure.RedisRevisionInvalidationSubscriberTest
[INFO] Tests run: 1, Failures: 0, Errors: 0, Skipped: 0, Time elapsed: 0.008 s -- in org.mranked.cache.infrastructure.RedisRevisionInvalidationSubscriberTest
[INFO] Running org.mranked.cache.infrastructure.RedisPublicCacheIntegrationTest
17:10:50.057 [main] WARN io.netty.resolver.dns.DnsServerAddressStreamProviders -- Can not find io.netty.resolver.dns.macos.MacOSDnsServerAddressStreamProvider in the classpath, fallback to system defaults. This may result in incorrect DNS resolutions on MacOS. Check whether you have a dependency on 'io.netty:netty-resolver-dns-native-macos'
[INFO] Tests run: 1, Failures: 0, Errors: 0, Skipped: 0, Time elapsed: 1.568 s -- in org.mranked.cache.infrastructure.RedisPublicCacheIntegrationTest
[INFO] Running org.mranked.admin.web.LegacyFormExceptionHandlerTest
[INFO] Tests run: 1, Failures: 0, Errors: 0, Skipped: 0, Time elapsed: 0.014 s -- in org.mranked.admin.web.LegacyFormExceptionHandlerTest
[INFO] Running org.mranked.admin.web.AdminControllerTest
17:10:51.502 [main] INFO org.hibernate.validator.internal.util.Version -- HV000001: Hibernate Validator 9.0.1.Final
17:10:51.762 [main] INFO org.springframework.mock.web.MockServletContext -- Initializing Spring TestDispatcherServlet ''
17:10:51.762 [main] INFO org.springframework.test.web.servlet.TestDispatcherServlet -- Initializing Servlet ''
17:10:51.763 [main] INFO org.springframework.test.web.servlet.TestDispatcherServlet -- Completed initialization in 1 ms
17:10:51.892 [main] INFO org.springframework.mock.web.MockServletContext -- Initializing Spring TestDispatcherServlet ''
17:10:51.892 [main] INFO org.springframework.test.web.servlet.TestDispatcherServlet -- Initializing Servlet ''
17:10:51.892 [main] INFO org.springframework.test.web.servlet.TestDispatcherServlet -- Completed initialization in 0 ms
17:10:51.914 [main] INFO org.springframework.mock.web.MockServletContext -- Initializing Spring TestDispatcherServlet ''
17:10:51.915 [main] INFO org.springframework.test.web.servlet.TestDispatcherServlet -- Initializing Servlet ''
17:10:51.915 [main] INFO org.springframework.test.web.servlet.TestDispatcherServlet -- Completed initialization in 0 ms
17:10:51.961 [main] INFO org.springframework.mock.web.MockServletContext -- Initializing Spring TestDispatcherServlet ''
17:10:51.961 [main] INFO org.springframework.test.web.servlet.TestDispatcherServlet -- Initializing Servlet ''
17:10:51.961 [main] INFO org.springframework.test.web.servlet.TestDispatcherServlet -- Completed initialization in 0 ms
[INFO] Tests run: 4, Failures: 0, Errors: 0, Skipped: 0, Time elapsed: 0.495 s -- in org.mranked.admin.web.AdminControllerTest
[INFO] Running org.mranked.admin.application.LegacyCatalogServiceTest
[INFO] Tests run: 5, Failures: 0, Errors: 0, Skipped: 0, Time elapsed: 0.023 s -- in org.mranked.admin.application.LegacyCatalogServiceTest
[INFO] Running org.mranked.admin.application.AccountReferenceTest
[INFO] Tests run: 3, Failures: 0, Errors: 0, Skipped: 0, Time elapsed: 0.007 s -- in org.mranked.admin.application.AccountReferenceTest
[INFO] Running org.mranked.admin.application.AdminServiceTest
[INFO] Tests run: 6, Failures: 0, Errors: 0, Skipped: 0, Time elapsed: 0.010 s -- in org.mranked.admin.application.AdminServiceTest
[INFO] Running org.mranked.admin.infrastructure.CatalogPostgresIntegrationTest
[INFO] Tests run: 6, Failures: 0, Errors: 0, Skipped: 0, Time elapsed: 5.592 s -- in org.mranked.admin.infrastructure.CatalogPostgresIntegrationTest
[INFO] Running org.mranked.admin.infrastructure.JdbcAdminSqlTest
[INFO] Tests run: 3, Failures: 0, Errors: 0, Skipped: 0, Time elapsed: 0.004 s -- in org.mranked.admin.infrastructure.JdbcAdminSqlTest
[INFO] Running org.mranked.admin.infrastructure.AdminPostgresIntegrationTest
[INFO] Tests run: 1, Failures: 0, Errors: 0, Skipped: 0, Time elapsed: 1.316 s -- in org.mranked.admin.infrastructure.AdminPostgresIntegrationTest
[INFO] Running org.mranked.admin.infrastructure.HttpOfficialRatingSourceTest
[INFO] Tests run: 2, Failures: 0, Errors: 0, Skipped: 0, Time elapsed: 0.021 s -- in org.mranked.admin.infrastructure.HttpOfficialRatingSourceTest
[INFO] Running org.mranked.admin.infrastructure.AdminConfigurationTest
[INFO] Tests run: 2, Failures: 0, Errors: 0, Skipped: 0, Time elapsed: 0.034 s -- in org.mranked.admin.infrastructure.AdminConfigurationTest
[INFO] Running org.mranked.admin.infrastructure.LegacyFormPostgresIntegrationTest
[INFO] Tests run: 1, Failures: 0, Errors: 0, Skipped: 0, Time elapsed: 1.043 s -- in org.mranked.admin.infrastructure.LegacyFormPostgresIntegrationTest
[INFO] Running org.mranked.admin.infrastructure.ApiSecurityConfigurationTest
17:11:00.840 [main] INFO org.springframework.security.config.annotation.authentication.configuration.InitializeUserDetailsBeanManagerConfigurer$InitializeUserDetailsManagerConfigurer -- Global AuthenticationManager configured with UserDetailsService bean with name adminUserDetailsService
17:11:00.945 [main] INFO org.springframework.mock.web.MockServletContext -- Initializing Spring TestDispatcherServlet ''
17:11:00.945 [main] INFO org.springframework.test.web.servlet.TestDispatcherServlet -- Initializing Servlet ''
17:11:00.946 [main] INFO org.springframework.test.web.servlet.TestDispatcherServlet -- Completed initialization in 1 ms
17:11:01.307 [main] INFO org.springframework.security.config.annotation.authentication.configuration.InitializeUserDetailsBeanManagerConfigurer$InitializeUserDetailsManagerConfigurer -- Global AuthenticationManager configured with UserDetailsService bean with name adminUserDetailsService
17:11:01.608 [main] INFO org.springframework.mock.web.MockServletContext -- Initializing Spring TestDispatcherServlet ''
17:11:01.608 [main] INFO org.springframework.test.web.servlet.TestDispatcherServlet -- Initializing Servlet ''
17:11:01.610 [main] INFO org.springframework.test.web.servlet.TestDispatcherServlet -- Completed initialization in 2 ms
17:11:02.651 [main] INFO org.springframework.security.config.annotation.authentication.configuration.InitializeUserDetailsBeanManagerConfigurer$InitializeUserDetailsManagerConfigurer -- Global AuthenticationManager configured with UserDetailsService bean with name adminUserDetailsService
17:11:02.682 [main] INFO org.springframework.mock.web.MockServletContext -- Initializing Spring TestDispatcherServlet ''
17:11:02.682 [main] INFO org.springframework.test.web.servlet.TestDispatcherServlet -- Initializing Servlet ''
17:11:02.682 [main] INFO org.springframework.test.web.servlet.TestDispatcherServlet -- Completed initialization in 0 ms
17:11:03.124 [main] INFO org.springframework.security.config.annotation.authentication.configuration.InitializeUserDetailsBeanManagerConfigurer$InitializeUserDetailsManagerConfigurer -- Global AuthenticationManager configured with UserDetailsService bean with name adminUserDetailsService
17:11:03.160 [main] INFO org.springframework.mock.web.MockServletContext -- Initializing Spring TestDispatcherServlet ''
17:11:03.160 [main] INFO org.springframework.test.web.servlet.TestDispatcherServlet -- Initializing Servlet ''
17:11:03.160 [main] INFO org.springframework.test.web.servlet.TestDispatcherServlet -- Completed initialization in 0 ms
17:11:04.544 [main] INFO org.springframework.security.config.annotation.authentication.configuration.InitializeUserDetailsBeanManagerConfigurer$InitializeUserDetailsManagerConfigurer -- Global AuthenticationManager configured with UserDetailsService bean with name adminUserDetailsService
17:11:04.564 [main] INFO org.springframework.mock.web.MockServletContext -- Initializing Spring TestDispatcherServlet ''
17:11:04.564 [main] INFO org.springframework.test.web.servlet.TestDispatcherServlet -- Initializing Servlet ''
17:11:04.564 [main] INFO org.springframework.test.web.servlet.TestDispatcherServlet -- Completed initialization in 0 ms
17:11:04.961 [main] INFO org.springframework.security.config.annotation.authentication.configuration.InitializeUserDetailsBeanManagerConfigurer$InitializeUserDetailsManagerConfigurer -- Global AuthenticationManager configured with UserDetailsService bean with name adminUserDetailsService
17:11:04.982 [main] INFO org.springframework.mock.web.MockServletContext -- Initializing Spring TestDispatcherServlet ''
17:11:04.982 [main] INFO org.springframework.test.web.servlet.TestDispatcherServlet -- Initializing Servlet ''
17:11:04.982 [main] INFO org.springframework.test.web.servlet.TestDispatcherServlet -- Completed initialization in 0 ms
[INFO] Tests run: 6, Failures: 0, Errors: 0, Skipped: 0, Time elapsed: 4.977 s -- in org.mranked.admin.infrastructure.ApiSecurityConfigurationTest
[INFO] Running org.mranked.admin.infrastructure.IdentityCommandEvidenceTest
[INFO] Tests run: 10, Failures: 0, Errors: 0, Skipped: 0, Time elapsed: 0.216 s -- in org.mranked.admin.infrastructure.IdentityCommandEvidenceTest
[INFO] Running org.mranked.admin.infrastructure.OfficialRatingParserTest
[INFO] Tests run: 2, Failures: 0, Errors: 0, Skipped: 0, Time elapsed: 0.032 s -- in org.mranked.admin.infrastructure.OfficialRatingParserTest
[INFO] Running org.mranked.admin.infrastructure.LegacyAccountPresentationPostgresIntegrationTest
[INFO] Tests run: 4, Failures: 0, Errors: 0, Skipped: 0, Time elapsed: 0.265 s -- in org.mranked.admin.infrastructure.LegacyAccountPresentationPostgresIntegrationTest
[INFO] Running org.mranked.admin.infrastructure.IdentityCommandPostgresIntegrationTest
17:11:05.969 [main] INFO org.flywaydb.core.FlywayExecutor -- Database: jdbc:postgresql://127.0.0.1:55443/mranked_identity_command_688de93db7bd4d8da3d99e7f7ea963ef_it (PostgreSQL 18.6)
17:11:06.008 [main] INFO org.flywaydb.core.internal.database.base.Schema -- Creating schema "flyway" ...
17:11:06.013 [main] INFO org.flywaydb.core.internal.schemahistory.JdbcTableSchemaHistory -- Creating Schema History table "flyway"."flyway_schema_history" ...
17:11:06.087 [main] INFO org.flywaydb.core.internal.command.DbMigrate -- Current version of schema "flyway": null
17:11:06.127 [main] INFO org.flywaydb.core.internal.command.DbMigrate -- Migrating schema "flyway" to version "1 - target baseline"
17:11:06.490 [main] INFO org.flywaydb.core.internal.sqlscript.DefaultSqlScriptExecutor -- +--------------------------------------------+
| ensure_publication_metric_partition        |
+--------------------------------------------+
| ingest.publication_metric_snapshot_2026_06 |
| ingest.publication_metric_snapshot_2026_07 |
| ingest.publication_metric_snapshot_2026_08 |
| ingest.publication_metric_snapshot_2026_09 |
| ingest.publication_metric_snapshot_2026_10 |
| ingest.publication_metric_snapshot_2026_11 |
+--------------------------------------------+

17:11:06.561 [main] INFO org.flywaydb.core.internal.command.DbMigrate -- Migrating schema "flyway" to version "2 - rebuild core projections"
17:11:06.590 [main] INFO org.flywaydb.core.internal.command.DbMigrate -- Migrating schema "flyway" to version "3 - collector observation times and identity grants"
17:11:06.637 [main] INFO org.flywaydb.core.internal.command.DbMigrate -- Migrating schema "flyway" to version "4 - admin collection run status grants"
17:11:06.658 [main] INFO org.flywaydb.core.internal.command.DbMigrate -- Migrating schema "flyway" to version "5 - legacy activity period projection"
17:11:06.680 [main] INFO org.flywaydb.core.internal.command.DbMigrate -- Migrating schema "flyway" to version "6 - comparison valid observation hourly projection"
17:11:06.712 [main] INFO org.flywaydb.core.internal.command.DbMigrate -- Migrating schema "flyway" to version "7 - activity rating read grants"
17:11:06.737 [main] INFO org.flywaydb.core.internal.command.DbMigrate -- Migrating schema "flyway" to version "8 - legacy overview projection"
17:11:06.810 [main] INFO org.flywaydb.core.internal.command.DbMigrate -- Migrating schema "flyway" to version "9 - immutable observations quality archive fence"
17:11:06.940 [main] INFO org.flywaydb.core.internal.command.DbMigrate -- Migrating schema "flyway" to version "10 - consistent public queries and formula guards"
17:11:06.989 [main] INFO org.flywaydb.core.internal.command.DbMigrate -- Migrating schema "flyway" to version "11 - bridge identity lineage and reconciliation"
17:11:07.028 [main] INFO org.flywaydb.core.internal.command.DbMigrate -- Migrating schema "flyway" to version "12 - detail history projection"
17:11:07.053 [main] INFO org.flywaydb.core.internal.command.DbMigrate -- Migrating schema "flyway" to version "13 - immutable account identity history"
17:11:07.085 [main] INFO org.flywaydb.core.internal.command.DbMigrate -- Migrating schema "flyway" to version "14 - public archived publication text"
17:11:07.111 [main] INFO org.flywaydb.core.internal.command.DbMigrate -- Migrating schema "flyway" to version "15 - verified source preservation"
17:11:07.139 [main] INFO org.flywaydb.core.internal.command.DbMigrate -- Migrating schema "flyway" to version "16 - audited catalog commands"
17:11:07.187 [main] INFO org.flywaydb.core.internal.command.DbMigrate -- Migrating schema "flyway" to version "17 - legacy csv compatibility projection"
17:11:07.231 [main] INFO org.flywaydb.core.internal.command.DbMigrate -- Migrating schema "flyway" to version "18 - official rating commands"
17:11:07.289 [main] INFO org.flywaydb.core.internal.command.DbMigrate -- Migrating schema "flyway" to version "19 - safe health operational snapshot"
17:11:07.317 [main] INFO org.flywaydb.core.internal.command.DbMigrate -- Migrating schema "flyway" to version "20 - catalog url and version compatibility"
17:11:07.345 [main] INFO org.flywaydb.core.internal.command.DbMigrate -- Migrating schema "flyway" to version "21 - legacy period first observation policy"
17:11:07.387 [main] INFO org.flywaydb.core.internal.command.DbMigrate -- Migrating schema "flyway" to version "22 - durable legacy csv archive facts"
17:11:07.455 [main] INFO org.flywaydb.core.internal.command.DbMigrate -- Migrating schema "flyway" to version "23 - official rating entity context"
17:11:07.492 [main] INFO org.flywaydb.core.internal.command.DbMigrate -- Migrating schema "flyway" to version "24 - ordered history reaction details"
17:11:07.516 [main] INFO org.flywaydb.core.internal.command.DbMigrate -- Migrating schema "flyway" to version "25 - safe legacy account presentation"
17:11:07.537 [main] INFO org.flywaydb.core.internal.command.DbMigrate -- Migrating schema "flyway" to version "26 - independent projection verifier reads"
17:11:07.553 [main] INFO org.flywaydb.core.internal.command.DbMigrate -- Migrating schema "flyway" to version "27 - retained disabled platform period metrics"
17:11:07.579 [main] INFO org.flywaydb.core.internal.command.DbMigrate -- Migrating schema "flyway" to version "28 - identity command receipt verifier acl"
17:11:07.595 [main] INFO org.flywaydb.core.internal.command.DbMigrate -- Migrating schema "flyway" to version "29 - monotonic native identity transitions"
17:11:07.622 [main] INFO org.flywaydb.core.internal.command.DbMigrate -- Successfully applied 29 migrations to schema "flyway", now at version v29 (execution time 00:01.051s)
17:11:17.694 [main] INFO org.flywaydb.core.FlywayExecutor -- Database: jdbc:postgresql://127.0.0.1:55443/mranked_identity_command_3667065243ea45399b7f57b788b4d1e1_it (PostgreSQL 18.6)
17:11:17.715 [main] INFO org.flywaydb.core.internal.database.base.Schema -- Creating schema "flyway" ...
17:11:17.721 [main] INFO org.flywaydb.core.internal.schemahistory.JdbcTableSchemaHistory -- Creating Schema History table "flyway"."flyway_schema_history" ...
17:11:17.788 [main] INFO org.flywaydb.core.internal.command.DbMigrate -- Current version of schema "flyway": null
17:11:17.824 [main] INFO org.flywaydb.core.internal.command.DbMigrate -- Migrating schema "flyway" to version "1 - target baseline"
17:11:18.137 [main] INFO org.flywaydb.core.internal.sqlscript.DefaultSqlScriptExecutor -- +--------------------------------------------+
| ensure_publication_metric_partition        |
+--------------------------------------------+
| ingest.publication_metric_snapshot_2026_06 |
| ingest.publication_metric_snapshot_2026_07 |
| ingest.publication_metric_snapshot_2026_08 |
| ingest.publication_metric_snapshot_2026_09 |
| ingest.publication_metric_snapshot_2026_10 |
| ingest.publication_metric_snapshot_2026_11 |
+--------------------------------------------+

17:11:18.430 [main] INFO org.flywaydb.core.internal.command.DbMigrate -- Migrating schema "flyway" to version "2 - rebuild core projections"
17:11:18.486 [main] INFO org.flywaydb.core.internal.command.DbMigrate -- Migrating schema "flyway" to version "3 - collector observation times and identity grants"
17:11:18.577 [main] INFO org.flywaydb.core.internal.command.DbMigrate -- Migrating schema "flyway" to version "4 - admin collection run status grants"
17:11:18.601 [main] INFO org.flywaydb.core.internal.command.DbMigrate -- Migrating schema "flyway" to version "5 - legacy activity period projection"
17:11:18.631 [main] INFO org.flywaydb.core.internal.command.DbMigrate -- Migrating schema "flyway" to version "6 - comparison valid observation hourly projection"
17:11:18.664 [main] INFO org.flywaydb.core.internal.command.DbMigrate -- Migrating schema "flyway" to version "7 - activity rating read grants"
17:11:18.689 [main] INFO org.flywaydb.core.internal.command.DbMigrate -- Migrating schema "flyway" to version "8 - legacy overview projection"
17:11:18.764 [main] INFO org.flywaydb.core.internal.command.DbMigrate -- Migrating schema "flyway" to version "9 - immutable observations quality archive fence"
17:11:18.889 [main] INFO org.flywaydb.core.internal.command.DbMigrate -- Migrating schema "flyway" to version "10 - consistent public queries and formula guards"
17:11:18.940 [main] INFO org.flywaydb.core.internal.command.DbMigrate -- Migrating schema "flyway" to version "11 - bridge identity lineage and reconciliation"
17:11:18.997 [main] INFO org.flywaydb.core.internal.command.DbMigrate -- Migrating schema "flyway" to version "12 - detail history projection"
17:11:19.033 [main] INFO org.flywaydb.core.internal.command.DbMigrate -- Migrating schema "flyway" to version "13 - immutable account identity history"
17:11:19.052 [main] INFO org.flywaydb.core.internal.command.DbMigrate -- Migrating schema "flyway" to version "14 - public archived publication text"
17:11:19.077 [main] INFO org.flywaydb.core.internal.command.DbMigrate -- Migrating schema "flyway" to version "15 - verified source preservation"
17:11:19.106 [main] INFO org.flywaydb.core.internal.command.DbMigrate -- Migrating schema "flyway" to version "16 - audited catalog commands"
17:11:19.200 [main] INFO org.flywaydb.core.internal.command.DbMigrate -- Migrating schema "flyway" to version "17 - legacy csv compatibility projection"
17:11:19.265 [main] INFO org.flywaydb.core.internal.command.DbMigrate -- Migrating schema "flyway" to version "18 - official rating commands"
17:11:19.318 [main] INFO org.flywaydb.core.internal.command.DbMigrate -- Migrating schema "flyway" to version "19 - safe health operational snapshot"
17:11:19.350 [main] INFO org.flywaydb.core.internal.command.DbMigrate -- Migrating schema "flyway" to version "20 - catalog url and version compatibility"
17:11:19.380 [main] INFO org.flywaydb.core.internal.command.DbMigrate -- Migrating schema "flyway" to version "21 - legacy period first observation policy"
17:11:19.425 [main] INFO org.flywaydb.core.internal.command.DbMigrate -- Migrating schema "flyway" to version "22 - durable legacy csv archive facts"
17:11:19.493 [main] INFO org.flywaydb.core.internal.command.DbMigrate -- Migrating schema "flyway" to version "23 - official rating entity context"
17:11:19.520 [main] INFO org.flywaydb.core.internal.command.DbMigrate -- Migrating schema "flyway" to version "24 - ordered history reaction details"
17:11:19.544 [main] INFO org.flywaydb.core.internal.command.DbMigrate -- Migrating schema "flyway" to version "25 - safe legacy account presentation"
17:11:19.560 [main] INFO org.flywaydb.core.internal.command.DbMigrate -- Migrating schema "flyway" to version "26 - independent projection verifier reads"
17:11:19.579 [main] INFO org.flywaydb.core.internal.command.DbMigrate -- Migrating schema "flyway" to version "27 - retained disabled platform period metrics"
17:11:19.607 [main] INFO org.flywaydb.core.internal.command.DbMigrate -- Migrating schema "flyway" to version "28 - identity command receipt verifier acl"
17:11:19.624 [main] INFO org.flywaydb.core.internal.command.DbMigrate -- Successfully applied 28 migrations to schema "flyway", now at version v28 (execution time 00:01.336s)
17:11:22.395 [main] INFO org.flywaydb.core.FlywayExecutor -- Database: jdbc:postgresql://127.0.0.1:55443/mranked_identity_command_3667065243ea45399b7f57b788b4d1e1_it (PostgreSQL 18.6)
17:11:22.412 [main] INFO org.flywaydb.core.internal.command.DbValidate -- Successfully validated 30 migrations (execution time 00:00.009s)
17:11:22.429 [main] INFO org.flywaydb.core.internal.command.DbMigrate -- Current version of schema "flyway": 28
17:11:22.431 [main] INFO org.flywaydb.core.internal.command.DbMigrate -- Migrating schema "flyway" to version "29 - monotonic native identity transitions"
17:11:22.447 [main] INFO org.flywaydb.core.internal.command.DbMigrate -- Successfully applied 1 migration to schema "flyway", now at version v29 (execution time 00:00.007s)
[INFO] Tests run: 2, Failures: 0, Errors: 0, Skipped: 0, Time elapsed: 22.88 s -- in org.mranked.admin.infrastructure.IdentityCommandPostgresIntegrationTest
[INFO] Running org.mranked.admin.infrastructure.CatalogHttpPostgresIntegrationTest
17:11:28.505 [main] INFO org.springframework.security.config.annotation.authentication.configuration.InitializeUserDetailsBeanManagerConfigurer$InitializeUserDetailsManagerConfigurer -- Global AuthenticationManager configured with UserDetailsService bean with name adminUserDetailsService
17:11:28.567 [main] INFO org.springframework.mock.web.MockServletContext -- Initializing Spring TestDispatcherServlet ''
17:11:28.568 [main] INFO org.springframework.test.web.servlet.TestDispatcherServlet -- Initializing Servlet ''
17:11:28.568 [main] INFO org.springframework.test.web.servlet.TestDispatcherServlet -- Completed initialization in 0 ms
17:11:30.507 [main] INFO org.springframework.security.config.annotation.authentication.configuration.InitializeUserDetailsBeanManagerConfigurer$InitializeUserDetailsManagerConfigurer -- Global AuthenticationManager configured with UserDetailsService bean with name adminUserDetailsService
17:11:30.528 [main] INFO org.springframework.mock.web.MockServletContext -- Initializing Spring TestDispatcherServlet ''
17:11:30.528 [main] INFO org.springframework.test.web.servlet.TestDispatcherServlet -- Initializing Servlet ''
17:11:30.529 [main] INFO org.springframework.test.web.servlet.TestDispatcherServlet -- Completed initialization in 1 ms
[INFO] Tests run: 2, Failures: 0, Errors: 0, Skipped: 0, Time elapsed: 2.561 s -- in org.mranked.admin.infrastructure.CatalogHttpPostgresIntegrationTest
[INFO] Running org.mranked.admin.infrastructure.OfficialRatingContextPostgresIntegrationTest
17:11:31.103 [main] INFO org.flywaydb.core.FlywayExecutor -- Database: jdbc:postgresql://127.0.0.1:55443/mranked_official_c1c694a8405e4434a92b21fd59635cf2_it (PostgreSQL 18.6)
17:11:31.117 [main] INFO org.flywaydb.core.internal.database.base.Schema -- Creating schema "flyway" ...
17:11:31.120 [main] INFO org.flywaydb.core.internal.schemahistory.JdbcTableSchemaHistory -- Creating Schema History table "flyway"."flyway_schema_history" ...
17:11:31.302 [main] INFO org.flywaydb.core.internal.command.DbMigrate -- Current version of schema "flyway": null
17:11:31.357 [main] INFO org.flywaydb.core.internal.command.DbMigrate -- Migrating schema "flyway" to version "1 - target baseline"
17:11:31.709 [main] INFO org.flywaydb.core.internal.sqlscript.DefaultSqlScriptExecutor -- +--------------------------------------------+
| ensure_publication_metric_partition        |
+--------------------------------------------+
| ingest.publication_metric_snapshot_2026_06 |
| ingest.publication_metric_snapshot_2026_07 |
| ingest.publication_metric_snapshot_2026_08 |
| ingest.publication_metric_snapshot_2026_09 |
| ingest.publication_metric_snapshot_2026_10 |
| ingest.publication_metric_snapshot_2026_11 |
+--------------------------------------------+

17:11:31.788 [main] INFO org.flywaydb.core.internal.command.DbMigrate -- Migrating schema "flyway" to version "2 - rebuild core projections"
17:11:31.815 [main] INFO org.flywaydb.core.internal.command.DbMigrate -- Migrating schema "flyway" to version "3 - collector observation times and identity grants"
17:11:31.866 [main] INFO org.flywaydb.core.internal.command.DbMigrate -- Migrating schema "flyway" to version "4 - admin collection run status grants"
17:11:31.883 [main] INFO org.flywaydb.core.internal.command.DbMigrate -- Migrating schema "flyway" to version "5 - legacy activity period projection"
17:11:31.909 [main] INFO org.flywaydb.core.internal.command.DbMigrate -- Migrating schema "flyway" to version "6 - comparison valid observation hourly projection"
17:11:31.944 [main] INFO org.flywaydb.core.internal.command.DbMigrate -- Migrating schema "flyway" to version "7 - activity rating read grants"
17:11:31.963 [main] INFO org.flywaydb.core.internal.command.DbMigrate -- Migrating schema "flyway" to version "8 - legacy overview projection"
17:11:32.021 [main] INFO org.flywaydb.core.internal.command.DbMigrate -- Migrating schema "flyway" to version "9 - immutable observations quality archive fence"
17:11:32.127 [main] INFO org.flywaydb.core.internal.command.DbMigrate -- Migrating schema "flyway" to version "10 - consistent public queries and formula guards"
17:11:32.160 [main] INFO org.flywaydb.core.internal.command.DbMigrate -- Migrating schema "flyway" to version "11 - bridge identity lineage and reconciliation"
17:11:32.186 [main] INFO org.flywaydb.core.internal.command.DbMigrate -- Migrating schema "flyway" to version "12 - detail history projection"
17:11:32.210 [main] INFO org.flywaydb.core.internal.command.DbMigrate -- Migrating schema "flyway" to version "13 - immutable account identity history"
17:11:32.226 [main] INFO org.flywaydb.core.internal.command.DbMigrate -- Migrating schema "flyway" to version "14 - public archived publication text"
17:11:32.246 [main] INFO org.flywaydb.core.internal.command.DbMigrate -- Migrating schema "flyway" to version "15 - verified source preservation"
17:11:32.273 [main] INFO org.flywaydb.core.internal.command.DbMigrate -- Migrating schema "flyway" to version "16 - audited catalog commands"
17:11:32.351 [main] INFO org.flywaydb.core.internal.command.DbMigrate -- Migrating schema "flyway" to version "17 - legacy csv compatibility projection"
17:11:32.451 [main] INFO org.flywaydb.core.internal.command.DbMigrate -- Migrating schema "flyway" to version "18 - official rating commands"
17:11:32.490 [main] INFO org.flywaydb.core.internal.command.DbMigrate -- Migrating schema "flyway" to version "19 - safe health operational snapshot"
17:11:32.506 [main] INFO org.flywaydb.core.internal.command.DbMigrate -- Migrating schema "flyway" to version "20 - catalog url and version compatibility"
17:11:32.527 [main] INFO org.flywaydb.core.internal.command.DbMigrate -- Migrating schema "flyway" to version "21 - legacy period first observation policy"
17:11:32.557 [main] INFO org.flywaydb.core.internal.command.DbMigrate -- Migrating schema "flyway" to version "22 - durable legacy csv archive facts"
17:11:32.601 [main] INFO org.flywaydb.core.internal.command.DbMigrate -- Migrating schema "flyway" to version "23 - official rating entity context"
17:11:32.626 [main] INFO org.flywaydb.core.internal.command.DbMigrate -- Migrating schema "flyway" to version "24 - ordered history reaction details"
17:11:32.644 [main] INFO org.flywaydb.core.internal.command.DbMigrate -- Migrating schema "flyway" to version "25 - safe legacy account presentation"
17:11:32.660 [main] INFO org.flywaydb.core.internal.command.DbMigrate -- Migrating schema "flyway" to version "26 - independent projection verifier reads"
17:11:32.672 [main] INFO org.flywaydb.core.internal.command.DbMigrate -- Migrating schema "flyway" to version "27 - retained disabled platform period metrics"
17:11:32.685 [main] INFO org.flywaydb.core.internal.command.DbMigrate -- Migrating schema "flyway" to version "28 - identity command receipt verifier acl"
17:11:32.703 [main] INFO org.flywaydb.core.internal.command.DbMigrate -- Migrating schema "flyway" to version "29 - monotonic native identity transitions"
17:11:32.719 [main] INFO org.flywaydb.core.internal.command.DbMigrate -- Successfully applied 29 migrations to schema "flyway", now at version v29 (execution time 00:01.005s)
17:11:34.781 [main] INFO org.flywaydb.core.FlywayExecutor -- Database: jdbc:postgresql://127.0.0.1:55443/mranked_official_d0a8393c028e4f15b8623103738fbd12_it (PostgreSQL 18.6)
17:11:34.793 [main] INFO org.flywaydb.core.internal.database.base.Schema -- Creating schema "flyway" ...
17:11:34.796 [main] INFO org.flywaydb.core.internal.schemahistory.JdbcTableSchemaHistory -- Creating Schema History table "flyway"."flyway_schema_history" ...
17:11:34.831 [main] INFO org.flywaydb.core.internal.command.DbMigrate -- Current version of schema "flyway": null
17:11:34.852 [main] INFO org.flywaydb.core.internal.command.DbMigrate -- Migrating schema "flyway" to version "1 - target baseline"
17:11:35.155 [main] INFO org.flywaydb.core.internal.sqlscript.DefaultSqlScriptExecutor -- +--------------------------------------------+
| ensure_publication_metric_partition        |
+--------------------------------------------+
| ingest.publication_metric_snapshot_2026_06 |
| ingest.publication_metric_snapshot_2026_07 |
| ingest.publication_metric_snapshot_2026_08 |
| ingest.publication_metric_snapshot_2026_09 |
| ingest.publication_metric_snapshot_2026_10 |
| ingest.publication_metric_snapshot_2026_11 |
+--------------------------------------------+

17:11:35.214 [main] INFO org.flywaydb.core.internal.command.DbMigrate -- Migrating schema "flyway" to version "2 - rebuild core projections"
17:11:35.240 [main] INFO org.flywaydb.core.internal.command.DbMigrate -- Migrating schema "flyway" to version "3 - collector observation times and identity grants"
17:11:35.287 [main] INFO org.flywaydb.core.internal.command.DbMigrate -- Migrating schema "flyway" to version "4 - admin collection run status grants"
17:11:35.305 [main] INFO org.flywaydb.core.internal.command.DbMigrate -- Migrating schema "flyway" to version "5 - legacy activity period projection"
17:11:35.324 [main] INFO org.flywaydb.core.internal.command.DbMigrate -- Migrating schema "flyway" to version "6 - comparison valid observation hourly projection"
17:11:35.366 [main] INFO org.flywaydb.core.internal.command.DbMigrate -- Migrating schema "flyway" to version "7 - activity rating read grants"
17:11:35.394 [main] INFO org.flywaydb.core.internal.command.DbMigrate -- Migrating schema "flyway" to version "8 - legacy overview projection"
17:11:35.464 [main] INFO org.flywaydb.core.internal.command.DbMigrate -- Migrating schema "flyway" to version "9 - immutable observations quality archive fence"
17:11:35.582 [main] INFO org.flywaydb.core.internal.command.DbMigrate -- Migrating schema "flyway" to version "10 - consistent public queries and formula guards"
17:11:35.611 [main] INFO org.flywaydb.core.internal.command.DbMigrate -- Migrating schema "flyway" to version "11 - bridge identity lineage and reconciliation"
17:11:35.636 [main] INFO org.flywaydb.core.internal.command.DbMigrate -- Migrating schema "flyway" to version "12 - detail history projection"
17:11:35.656 [main] INFO org.flywaydb.core.internal.command.DbMigrate -- Migrating schema "flyway" to version "13 - immutable account identity history"
17:11:35.669 [main] INFO org.flywaydb.core.internal.command.DbMigrate -- Migrating schema "flyway" to version "14 - public archived publication text"
17:11:35.687 [main] INFO org.flywaydb.core.internal.command.DbMigrate -- Migrating schema "flyway" to version "15 - verified source preservation"
17:11:35.708 [main] INFO org.flywaydb.core.internal.command.DbMigrate -- Migrating schema "flyway" to version "16 - audited catalog commands"
17:11:35.747 [main] INFO org.flywaydb.core.internal.command.DbMigrate -- Migrating schema "flyway" to version "17 - legacy csv compatibility projection"
17:11:35.786 [main] INFO org.flywaydb.core.internal.command.DbMigrate -- Migrating schema "flyway" to version "18 - official rating commands"
17:11:35.816 [main] INFO org.flywaydb.core.internal.command.DbMigrate -- Migrating schema "flyway" to version "19 - safe health operational snapshot"
17:11:35.831 [main] INFO org.flywaydb.core.internal.command.DbMigrate -- Migrating schema "flyway" to version "20 - catalog url and version compatibility"
17:11:35.852 [main] INFO org.flywaydb.core.internal.command.DbMigrate -- Migrating schema "flyway" to version "21 - legacy period first observation policy"
17:11:35.880 [main] INFO org.flywaydb.core.internal.command.DbMigrate -- Migrating schema "flyway" to version "22 - durable legacy csv archive facts"
17:11:35.918 [main] INFO org.flywaydb.core.internal.command.DbMigrate -- Successfully applied 22 migrations to schema "flyway", now at version v22 (execution time 00:00.800s)
17:11:37.896 [main] INFO org.flywaydb.core.FlywayExecutor -- Database: jdbc:postgresql://127.0.0.1:55443/mranked_official_d0a8393c028e4f15b8623103738fbd12_it (PostgreSQL 18.6)
17:11:37.913 [main] INFO org.flywaydb.core.internal.command.DbValidate -- Successfully validated 30 migrations (execution time 00:00.007s)
17:11:37.932 [main] INFO org.flywaydb.core.internal.command.DbMigrate -- Current version of schema "flyway": 22
17:11:37.936 [main] INFO org.flywaydb.core.internal.command.DbMigrate -- Migrating schema "flyway" to version "23 - official rating entity context"
17:11:38.068 [main] INFO org.flywaydb.core.internal.sqlscript.DefaultSqlScriptExecutor -- DB: schema "pg_temp" does not exist, skipping
17:11:38.069 [main] INFO org.flywaydb.core.internal.sqlscript.DefaultSqlScriptExecutor -- DB: table "mranked_csv_lexeme" does not exist, skipping
17:11:38.069 [main] INFO org.flywaydb.core.internal.sqlscript.DefaultSqlScriptExecutor -- DB: table "mranked_csv_publication" does not exist, skipping
17:11:38.069 [main] INFO org.flywaydb.core.internal.sqlscript.DefaultSqlScriptExecutor -- DB: table "mranked_csv_snapshot" does not exist, skipping
17:11:38.094 [main] INFO org.flywaydb.core.internal.command.DbMigrate -- Migrating schema "flyway" to version "24 - ordered history reaction details"
17:11:38.119 [main] INFO org.flywaydb.core.internal.command.DbMigrate -- Migrating schema "flyway" to version "25 - safe legacy account presentation"
17:11:38.136 [main] INFO org.flywaydb.core.internal.command.DbMigrate -- Migrating schema "flyway" to version "26 - independent projection verifier reads"
17:11:38.148 [main] INFO org.flywaydb.core.internal.command.DbMigrate -- Migrating schema "flyway" to version "27 - retained disabled platform period metrics"
17:11:38.219 [main] INFO org.flywaydb.core.internal.sqlscript.DefaultSqlScriptExecutor -- DB: table "mranked_projection_snapshot" does not exist, skipping
17:11:38.219 [main] INFO org.flywaydb.core.internal.sqlscript.DefaultSqlScriptExecutor -- DB: table "mranked_csv_lexeme" does not exist, skipping
17:11:38.219 [main] INFO org.flywaydb.core.internal.sqlscript.DefaultSqlScriptExecutor -- DB: table "mranked_csv_publication" does not exist, skipping
17:11:38.219 [main] INFO org.flywaydb.core.internal.sqlscript.DefaultSqlScriptExecutor -- DB: table "mranked_csv_snapshot" does not exist, skipping
17:11:38.232 [main] INFO org.flywaydb.core.internal.command.DbMigrate -- Migrating schema "flyway" to version "28 - identity command receipt verifier acl"
17:11:38.245 [main] INFO org.flywaydb.core.internal.command.DbMigrate -- Migrating schema "flyway" to version "29 - monotonic native identity transitions"
17:11:38.259 [main] INFO org.flywaydb.core.internal.command.DbMigrate -- Successfully applied 7 migrations to schema "flyway", now at version v29 (execution time 00:00.247s)
[INFO] Tests run: 2, Failures: 0, Errors: 0, Skipped: 0, Time elapsed: 7.463 s -- in org.mranked.admin.infrastructure.OfficialRatingContextPostgresIntegrationTest
[INFO] Running org.mranked.emoji.web.CustomEmojiControllerTest
17:11:38.458 [main] INFO org.springframework.mock.web.MockServletContext -- Initializing Spring TestDispatcherServlet ''
17:11:38.459 [main] INFO org.springframework.test.web.servlet.TestDispatcherServlet -- Initializing Servlet ''
17:11:38.459 [main] INFO org.springframework.test.web.servlet.TestDispatcherServlet -- Completed initialization in 0 ms
17:11:38.471 [main] INFO org.springframework.mock.web.MockServletContext -- Initializing Spring TestDispatcherServlet ''
17:11:38.471 [main] INFO org.springframework.test.web.servlet.TestDispatcherServlet -- Initializing Servlet ''
17:11:38.471 [main] INFO org.springframework.test.web.servlet.TestDispatcherServlet -- Completed initialization in 0 ms
[INFO] Tests run: 2, Failures: 0, Errors: 0, Skipped: 0, Time elapsed: 0.038 s -- in org.mranked.emoji.web.CustomEmojiControllerTest
[INFO] Running org.mranked.emoji.application.CustomEmojiWiringTest
[INFO] Tests run: 1, Failures: 0, Errors: 0, Skipped: 0, Time elapsed: 0.148 s -- in org.mranked.emoji.application.CustomEmojiWiringTest
[INFO] Running org.mranked.emoji.application.CustomEmojiServiceTest
[INFO] Tests run: 4, Failures: 0, Errors: 0, Skipped: 0, Time elapsed: 0.070 s -- in org.mranked.emoji.application.CustomEmojiServiceTest
[INFO] Running org.mranked.emoji.infrastructure.TelegramEmojiHttpGatewayTest
[INFO] Tests run: 9, Failures: 0, Errors: 0, Skipped: 0, Time elapsed: 0.028 s -- in org.mranked.emoji.infrastructure.TelegramEmojiHttpGatewayTest
[INFO] Running org.mranked.operations.web.HealthControllerTest
17:11:38.751 [main] INFO org.springframework.mock.web.MockServletContext -- Initializing Spring TestDispatcherServlet ''
17:11:38.751 [main] INFO org.springframework.test.web.servlet.TestDispatcherServlet -- Initializing Servlet ''
17:11:38.751 [main] INFO org.springframework.test.web.servlet.TestDispatcherServlet -- Completed initialization in 0 ms
17:11:38.763 [main] INFO org.springframework.mock.web.MockServletContext -- Initializing Spring TestDispatcherServlet ''
17:11:38.763 [main] INFO org.springframework.test.web.servlet.TestDispatcherServlet -- Initializing Servlet ''
17:11:38.763 [main] INFO org.springframework.test.web.servlet.TestDispatcherServlet -- Completed initialization in 0 ms
17:11:38.771 [main] INFO org.springframework.mock.web.MockServletContext -- Initializing Spring TestDispatcherServlet ''
17:11:38.771 [main] INFO org.springframework.test.web.servlet.TestDispatcherServlet -- Initializing Servlet ''
17:11:38.772 [main] INFO org.springframework.test.web.servlet.TestDispatcherServlet -- Completed initialization in 1 ms
[INFO] Tests run: 3, Failures: 0, Errors: 0, Skipped: 0, Time elapsed: 0.054 s -- in org.mranked.operations.web.HealthControllerTest
[INFO] Running org.mranked.operations.application.ReadinessServiceTest
[INFO] Tests run: 2, Failures: 0, Errors: 0, Skipped: 0, Time elapsed: 0.005 s -- in org.mranked.operations.application.ReadinessServiceTest
[INFO] Running org.mranked.operations.infrastructure.PinnedHttpsClientNetworkTest
[INFO] Tests run: 2, Failures: 0, Errors: 0, Skipped: 0, Time elapsed: 1.181 s -- in org.mranked.operations.infrastructure.PinnedHttpsClientNetworkTest
[INFO] Running org.mranked.operations.infrastructure.JdbcQueryMetricsConfigurationTest
[INFO] Tests run: 1, Failures: 0, Errors: 0, Skipped: 0, Time elapsed: 0.015 s -- in org.mranked.operations.infrastructure.JdbcQueryMetricsConfigurationTest
[INFO] Running org.mranked.operations.infrastructure.JdbcReadinessProbeTest
[INFO] Tests run: 1, Failures: 0, Errors: 0, Skipped: 0, Time elapsed: 0.002 s -- in org.mranked.operations.infrastructure.JdbcReadinessProbeTest
[INFO] Running org.mranked.operations.infrastructure.ManagementSecurityConfigurationTest
[INFO] Tests run: 1, Failures: 0, Errors: 0, Skipped: 0, Time elapsed: 0.003 s -- in org.mranked.operations.infrastructure.ManagementSecurityConfigurationTest
[INFO] Running org.mranked.operations.infrastructure.LegacyHealthPostgresIntegrationTest
17:11:40.173 [main] INFO org.flywaydb.core.FlywayExecutor -- Database: jdbc:postgresql://127.0.0.1:55443/mranked_health_714d1f7866794f72b58484d604cf8f0b_it (PostgreSQL 18.6)
17:11:40.240 [main] INFO org.flywaydb.core.internal.database.base.Schema -- Creating schema "flyway" ...
17:11:40.244 [main] INFO org.flywaydb.core.internal.schemahistory.JdbcTableSchemaHistory -- Creating Schema History table "flyway"."flyway_schema_history" ...
17:11:40.279 [main] INFO org.flywaydb.core.internal.command.DbMigrate -- Current version of schema "flyway": null
17:11:40.299 [main] INFO org.flywaydb.core.internal.command.DbMigrate -- Migrating schema "flyway" to version "1 - target baseline"
17:11:40.570 [main] INFO org.flywaydb.core.internal.sqlscript.DefaultSqlScriptExecutor -- +--------------------------------------------+
| ensure_publication_metric_partition        |
+--------------------------------------------+
| ingest.publication_metric_snapshot_2026_06 |
| ingest.publication_metric_snapshot_2026_07 |
| ingest.publication_metric_snapshot_2026_08 |
| ingest.publication_metric_snapshot_2026_09 |
| ingest.publication_metric_snapshot_2026_10 |
| ingest.publication_metric_snapshot_2026_11 |
+--------------------------------------------+

17:11:40.634 [main] INFO org.flywaydb.core.internal.command.DbMigrate -- Migrating schema "flyway" to version "2 - rebuild core projections"
17:11:40.665 [main] INFO org.flywaydb.core.internal.command.DbMigrate -- Migrating schema "flyway" to version "3 - collector observation times and identity grants"
17:11:40.711 [main] INFO org.flywaydb.core.internal.command.DbMigrate -- Migrating schema "flyway" to version "4 - admin collection run status grants"
17:11:40.728 [main] INFO org.flywaydb.core.internal.command.DbMigrate -- Migrating schema "flyway" to version "5 - legacy activity period projection"
17:11:40.749 [main] INFO org.flywaydb.core.internal.command.DbMigrate -- Migrating schema "flyway" to version "6 - comparison valid observation hourly projection"
17:11:40.776 [main] INFO org.flywaydb.core.internal.command.DbMigrate -- Migrating schema "flyway" to version "7 - activity rating read grants"
17:11:40.803 [main] INFO org.flywaydb.core.internal.command.DbMigrate -- Migrating schema "flyway" to version "8 - legacy overview projection"
17:11:40.866 [main] INFO org.flywaydb.core.internal.command.DbMigrate -- Migrating schema "flyway" to version "9 - immutable observations quality archive fence"
17:11:40.970 [main] INFO org.flywaydb.core.internal.command.DbMigrate -- Migrating schema "flyway" to version "10 - consistent public queries and formula guards"
17:11:41.005 [main] INFO org.flywaydb.core.internal.command.DbMigrate -- Migrating schema "flyway" to version "11 - bridge identity lineage and reconciliation"
17:11:41.032 [main] INFO org.flywaydb.core.internal.command.DbMigrate -- Migrating schema "flyway" to version "12 - detail history projection"
17:11:41.056 [main] INFO org.flywaydb.core.internal.command.DbMigrate -- Migrating schema "flyway" to version "13 - immutable account identity history"
17:11:41.070 [main] INFO org.flywaydb.core.internal.command.DbMigrate -- Migrating schema "flyway" to version "14 - public archived publication text"
17:11:41.094 [main] INFO org.flywaydb.core.internal.command.DbMigrate -- Migrating schema "flyway" to version "15 - verified source preservation"
17:11:41.119 [main] INFO org.flywaydb.core.internal.command.DbMigrate -- Migrating schema "flyway" to version "16 - audited catalog commands"
17:11:41.163 [main] INFO org.flywaydb.core.internal.command.DbMigrate -- Migrating schema "flyway" to version "17 - legacy csv compatibility projection"
17:11:41.210 [main] INFO org.flywaydb.core.internal.command.DbMigrate -- Migrating schema "flyway" to version "18 - official rating commands"
17:11:41.261 [main] INFO org.flywaydb.core.internal.command.DbMigrate -- Migrating schema "flyway" to version "19 - safe health operational snapshot"
17:11:41.284 [main] INFO org.flywaydb.core.internal.command.DbMigrate -- Migrating schema "flyway" to version "20 - catalog url and version compatibility"
17:11:41.316 [main] INFO org.flywaydb.core.internal.command.DbMigrate -- Migrating schema "flyway" to version "21 - legacy period first observation policy"
17:11:41.347 [main] INFO org.flywaydb.core.internal.command.DbMigrate -- Migrating schema "flyway" to version "22 - durable legacy csv archive facts"
17:11:41.410 [main] INFO org.flywaydb.core.internal.command.DbMigrate -- Migrating schema "flyway" to version "23 - official rating entity context"
17:11:41.438 [main] INFO org.flywaydb.core.internal.command.DbMigrate -- Migrating schema "flyway" to version "24 - ordered history reaction details"
17:11:41.461 [main] INFO org.flywaydb.core.internal.command.DbMigrate -- Migrating schema "flyway" to version "25 - safe legacy account presentation"
17:11:41.477 [main] INFO org.flywaydb.core.internal.command.DbMigrate -- Migrating schema "flyway" to version "26 - independent projection verifier reads"
17:11:41.491 [main] INFO org.flywaydb.core.internal.command.DbMigrate -- Migrating schema "flyway" to version "27 - retained disabled platform period metrics"
17:11:41.506 [main] INFO org.flywaydb.core.internal.command.DbMigrate -- Migrating schema "flyway" to version "28 - identity command receipt verifier acl"
17:11:41.519 [main] INFO org.flywaydb.core.internal.command.DbMigrate -- Migrating schema "flyway" to version "29 - monotonic native identity transitions"
17:11:41.533 [main] INFO org.flywaydb.core.internal.command.DbMigrate -- Successfully applied 29 migrations to schema "flyway", now at version v29 (execution time 00:00.871s)
17:11:41.542 [main] INFO org.springframework.mock.web.MockServletContext -- Initializing Spring TestDispatcherServlet ''
17:11:41.542 [main] INFO org.springframework.test.web.servlet.TestDispatcherServlet -- Initializing Servlet ''
17:11:41.542 [main] INFO org.springframework.test.web.servlet.TestDispatcherServlet -- Completed initialization in 0 ms
17:11:41.903 [main] INFO org.springframework.mock.web.MockServletContext -- Initializing Spring TestDispatcherServlet ''
17:11:41.903 [main] INFO org.springframework.test.web.servlet.TestDispatcherServlet -- Initializing Servlet ''
17:11:41.903 [main] INFO org.springframework.test.web.servlet.TestDispatcherServlet -- Completed initialization in 0 ms
[INFO] Tests run: 1, Failures: 0, Errors: 0, Skipped: 0, Time elapsed: 5.006 s -- in org.mranked.operations.infrastructure.LegacyHealthPostgresIntegrationTest
[INFO] Running org.mranked.exportjob.web.ExportJobSecurityTest
17:11:45.119 [main] INFO org.springframework.security.config.annotation.authentication.configuration.InitializeUserDetailsBeanManagerConfigurer$InitializeUserDetailsManagerConfigurer -- Global AuthenticationManager configured with UserDetailsService bean with name adminUserDetailsService
Mockito is currently self-attaching to enable the inline-mock-maker. This will no longer work in future releases of the JDK. Please add Mockito as an agent to your build as described in Mockito's documentation: https://javadoc.io/doc/org.mockito/mockito-core/latest/org.mockito/org/mockito/Mockito.html#0.3
OpenJDK 64-Bit Server VM warning: Sharing is only supported for boot loader classes because bootstrap classpath has been appended
WARNING: A Java agent has been loaded dynamically (/private/tmp/mranked-maven-repository/net/bytebuddy/byte-buddy-agent/1.17.8/byte-buddy-agent-1.17.8.jar)
WARNING: If a serviceability tool is in use, please run with -XX:+EnableDynamicAgentLoading to hide this warning
WARNING: If a serviceability tool is not in use, please run with -Djdk.instrument.traceUsage for more information
WARNING: Dynamic loading of agents will be disallowed by default in a future release
17:11:45.732 [main] INFO org.springframework.mock.web.MockServletContext -- Initializing Spring TestDispatcherServlet ''
17:11:45.732 [main] INFO org.springframework.test.web.servlet.TestDispatcherServlet -- Initializing Servlet ''
17:11:45.732 [main] INFO org.springframework.test.web.servlet.TestDispatcherServlet -- Completed initialization in 0 ms
17:11:45.740 [main] INFO org.springframework.mock.web.MockServletContext -- Initializing Spring TestDispatcherServlet ''
17:11:45.740 [main] INFO org.springframework.test.web.servlet.TestDispatcherServlet -- Initializing Servlet ''
17:11:45.741 [main] INFO org.springframework.test.web.servlet.TestDispatcherServlet -- Completed initialization in 1 ms
17:11:45.773 [main] INFO org.springframework.mock.web.MockServletContext -- Initializing Spring TestDispatcherServlet ''
17:11:45.773 [main] INFO org.springframework.test.web.servlet.TestDispatcherServlet -- Initializing Servlet ''
17:11:45.774 [main] INFO org.springframework.test.web.servlet.TestDispatcherServlet -- Completed initialization in 1 ms
[INFO] Tests run: 3, Failures: 0, Errors: 0, Skipped: 0, Time elapsed: 0.801 s -- in org.mranked.exportjob.web.ExportJobSecurityTest
[INFO] Running org.mranked.exportjob.application.ExportJobServiceTest
[INFO] Tests run: 7, Failures: 0, Errors: 0, Skipped: 0, Time elapsed: 1.697 s -- in org.mranked.exportjob.application.ExportJobServiceTest
[INFO] Running org.mranked.exportjob.application.ExportJobPostgresIntegrationTest
17:11:47.572 [main] INFO org.flywaydb.core.FlywayExecutor -- Database: jdbc:postgresql://127.0.0.1:55443/mranked_export_f6b08bef1e544f44931e97146851e8a0_it (PostgreSQL 18.6)
17:11:47.585 [main] INFO org.flywaydb.core.internal.database.base.Schema -- Creating schema "flyway" ...
17:11:47.588 [main] INFO org.flywaydb.core.internal.schemahistory.JdbcTableSchemaHistory -- Creating Schema History table "flyway"."flyway_schema_history" ...
17:11:47.614 [main] INFO org.flywaydb.core.internal.command.DbMigrate -- Current version of schema "flyway": null
17:11:47.625 [main] INFO org.flywaydb.core.internal.command.DbMigrate -- Migrating schema "flyway" to version "1 - target baseline"
17:11:47.867 [main] INFO org.flywaydb.core.internal.sqlscript.DefaultSqlScriptExecutor -- +--------------------------------------------+
| ensure_publication_metric_partition        |
+--------------------------------------------+
| ingest.publication_metric_snapshot_2026_06 |
| ingest.publication_metric_snapshot_2026_07 |
| ingest.publication_metric_snapshot_2026_08 |
| ingest.publication_metric_snapshot_2026_09 |
| ingest.publication_metric_snapshot_2026_10 |
| ingest.publication_metric_snapshot_2026_11 |
+--------------------------------------------+

17:11:47.918 [main] INFO org.flywaydb.core.internal.command.DbMigrate -- Migrating schema "flyway" to version "2 - rebuild core projections"
17:11:47.937 [main] INFO org.flywaydb.core.internal.command.DbMigrate -- Migrating schema "flyway" to version "3 - collector observation times and identity grants"
17:11:47.971 [main] INFO org.flywaydb.core.internal.command.DbMigrate -- Migrating schema "flyway" to version "4 - admin collection run status grants"
17:11:47.985 [main] INFO org.flywaydb.core.internal.command.DbMigrate -- Migrating schema "flyway" to version "5 - legacy activity period projection"
17:11:48.003 [main] INFO org.flywaydb.core.internal.command.DbMigrate -- Migrating schema "flyway" to version "6 - comparison valid observation hourly projection"
17:11:48.026 [main] INFO org.flywaydb.core.internal.command.DbMigrate -- Migrating schema "flyway" to version "7 - activity rating read grants"
17:11:48.043 [main] INFO org.flywaydb.core.internal.command.DbMigrate -- Migrating schema "flyway" to version "8 - legacy overview projection"
17:11:48.095 [main] INFO org.flywaydb.core.internal.command.DbMigrate -- Migrating schema "flyway" to version "9 - immutable observations quality archive fence"
17:11:48.178 [main] INFO org.flywaydb.core.internal.command.DbMigrate -- Migrating schema "flyway" to version "10 - consistent public queries and formula guards"
17:11:48.208 [main] INFO org.flywaydb.core.internal.command.DbMigrate -- Migrating schema "flyway" to version "11 - bridge identity lineage and reconciliation"
17:11:48.234 [main] INFO org.flywaydb.core.internal.command.DbMigrate -- Migrating schema "flyway" to version "12 - detail history projection"
17:11:48.249 [main] INFO org.flywaydb.core.internal.command.DbMigrate -- Migrating schema "flyway" to version "13 - immutable account identity history"
17:11:48.263 [main] INFO org.flywaydb.core.internal.command.DbMigrate -- Migrating schema "flyway" to version "14 - public archived publication text"
17:11:48.282 [main] INFO org.flywaydb.core.internal.command.DbMigrate -- Migrating schema "flyway" to version "15 - verified source preservation"
17:11:48.303 [main] INFO org.flywaydb.core.internal.command.DbMigrate -- Migrating schema "flyway" to version "16 - audited catalog commands"
17:11:48.340 [main] INFO org.flywaydb.core.internal.command.DbMigrate -- Migrating schema "flyway" to version "17 - legacy csv compatibility projection"
17:11:48.375 [main] INFO org.flywaydb.core.internal.command.DbMigrate -- Migrating schema "flyway" to version "18 - official rating commands"
17:11:48.401 [main] INFO org.flywaydb.core.internal.command.DbMigrate -- Migrating schema "flyway" to version "19 - safe health operational snapshot"
17:11:48.415 [main] INFO org.flywaydb.core.internal.command.DbMigrate -- Migrating schema "flyway" to version "20 - catalog url and version compatibility"
17:11:48.432 [main] INFO org.flywaydb.core.internal.command.DbMigrate -- Migrating schema "flyway" to version "21 - legacy period first observation policy"
17:11:48.457 [main] INFO org.flywaydb.core.internal.command.DbMigrate -- Migrating schema "flyway" to version "22 - durable legacy csv archive facts"
17:11:48.495 [main] INFO org.flywaydb.core.internal.command.DbMigrate -- Migrating schema "flyway" to version "23 - official rating entity context"
17:11:48.514 [main] INFO org.flywaydb.core.internal.command.DbMigrate -- Migrating schema "flyway" to version "24 - ordered history reaction details"
17:11:48.531 [main] INFO org.flywaydb.core.internal.command.DbMigrate -- Migrating schema "flyway" to version "25 - safe legacy account presentation"
17:11:48.542 [main] INFO org.flywaydb.core.internal.command.DbMigrate -- Migrating schema "flyway" to version "26 - independent projection verifier reads"
17:11:48.550 [main] INFO org.flywaydb.core.internal.command.DbMigrate -- Migrating schema "flyway" to version "27 - retained disabled platform period metrics"
17:11:48.561 [main] INFO org.flywaydb.core.internal.command.DbMigrate -- Migrating schema "flyway" to version "28 - identity command receipt verifier acl"
17:11:48.571 [main] INFO org.flywaydb.core.internal.command.DbMigrate -- Migrating schema "flyway" to version "29 - monotonic native identity transitions"
17:11:48.580 [main] INFO org.flywaydb.core.internal.command.DbMigrate -- Successfully applied 29 migrations to schema "flyway", now at version v29 (execution time 00:00.681s)
[INFO] Tests run: 1, Failures: 0, Errors: 0, Skipped: 0, Time elapsed: 10.73 s -- in org.mranked.exportjob.application.ExportJobPostgresIntegrationTest
[INFO] Running org.mranked.query.web.CsvExportControllerTest
17:11:58.225 [main] INFO org.springframework.mock.web.MockServletContext -- Initializing Spring TestDispatcherServlet ''
17:11:58.225 [main] INFO org.springframework.test.web.servlet.TestDispatcherServlet -- Initializing Servlet ''
17:11:58.225 [main] INFO org.springframework.test.web.servlet.TestDispatcherServlet -- Completed initialization in 0 ms
17:11:58.233 [main] INFO org.springframework.mock.web.MockServletContext -- Initializing Spring TestDispatcherServlet ''
17:11:58.233 [main] INFO org.springframework.test.web.servlet.TestDispatcherServlet -- Initializing Servlet ''
17:11:58.233 [main] INFO org.springframework.test.web.servlet.TestDispatcherServlet -- Completed initialization in 0 ms
17:11:58.238 [main] INFO org.springframework.mock.web.MockServletContext -- Initializing Spring TestDispatcherServlet ''
17:11:58.238 [main] INFO org.springframework.test.web.servlet.TestDispatcherServlet -- Initializing Servlet ''
17:11:58.238 [main] INFO org.springframework.test.web.servlet.TestDispatcherServlet -- Completed initialization in 0 ms
[INFO] Tests run: 3, Failures: 0, Errors: 0, Skipped: 0, Time elapsed: 0.023 s -- in org.mranked.query.web.CsvExportControllerTest
[INFO] Running org.mranked.query.web.PublicQueryControllerTest
17:11:58.256 [main] INFO org.springframework.mock.web.MockServletContext -- Initializing Spring TestDispatcherServlet ''
17:11:58.256 [main] INFO org.springframework.test.web.servlet.TestDispatcherServlet -- Initializing Servlet ''
17:11:58.256 [main] INFO org.springframework.test.web.servlet.TestDispatcherServlet -- Completed initialization in 0 ms
17:11:58.269 [main] INFO org.springframework.mock.web.MockServletContext -- Initializing Spring TestDispatcherServlet ''
17:11:58.269 [main] INFO org.springframework.test.web.servlet.TestDispatcherServlet -- Initializing Servlet ''
17:11:58.269 [main] INFO org.springframework.test.web.servlet.TestDispatcherServlet -- Completed initialization in 0 ms
17:11:58.287 [main] INFO org.springframework.mock.web.MockServletContext -- Initializing Spring TestDispatcherServlet ''
17:11:58.287 [main] INFO org.springframework.test.web.servlet.TestDispatcherServlet -- Initializing Servlet ''
17:11:58.287 [main] INFO org.springframework.test.web.servlet.TestDispatcherServlet -- Completed initialization in 0 ms
17:11:58.304 [main] INFO org.springframework.mock.web.MockServletContext -- Initializing Spring TestDispatcherServlet ''
17:11:58.304 [main] INFO org.springframework.test.web.servlet.TestDispatcherServlet -- Initializing Servlet ''
17:11:58.304 [main] INFO org.springframework.test.web.servlet.TestDispatcherServlet -- Completed initialization in 0 ms
17:11:58.325 [main] INFO org.springframework.mock.web.MockServletContext -- Initializing Spring TestDispatcherServlet ''
17:11:58.326 [main] INFO org.springframework.test.web.servlet.TestDispatcherServlet -- Initializing Servlet ''
17:11:58.326 [main] INFO org.springframework.test.web.servlet.TestDispatcherServlet -- Completed initialization in 0 ms
17:11:58.347 [main] INFO org.springframework.mock.web.MockServletContext -- Initializing Spring TestDispatcherServlet ''
17:11:58.347 [main] INFO org.springframework.test.web.servlet.TestDispatcherServlet -- Initializing Servlet ''
17:11:58.347 [main] INFO org.springframework.test.web.servlet.TestDispatcherServlet -- Completed initialization in 0 ms
17:11:58.356 [main] INFO org.springframework.mock.web.MockServletContext -- Initializing Spring TestDispatcherServlet ''
17:11:58.356 [main] INFO org.springframework.test.web.servlet.TestDispatcherServlet -- Initializing Servlet ''
17:11:58.356 [main] INFO org.springframework.test.web.servlet.TestDispatcherServlet -- Completed initialization in 0 ms
17:11:58.360 [main] INFO org.springframework.mock.web.MockServletContext -- Initializing Spring TestDispatcherServlet ''
17:11:58.360 [main] INFO org.springframework.test.web.servlet.TestDispatcherServlet -- Initializing Servlet ''
17:11:58.360 [main] INFO org.springframework.test.web.servlet.TestDispatcherServlet -- Completed initialization in 0 ms
17:11:58.362 [main] INFO org.springframework.mock.web.MockServletContext -- Initializing Spring TestDispatcherServlet ''
17:11:58.362 [main] INFO org.springframework.test.web.servlet.TestDispatcherServlet -- Initializing Servlet ''
17:11:58.362 [main] INFO org.springframework.test.web.servlet.TestDispatcherServlet -- Completed initialization in 0 ms
17:11:58.384 [main] INFO org.springframework.mock.web.MockServletContext -- Initializing Spring TestDispatcherServlet ''
17:11:58.385 [main] INFO org.springframework.test.web.servlet.TestDispatcherServlet -- Initializing Servlet ''
17:11:58.385 [main] INFO org.springframework.test.web.servlet.TestDispatcherServlet -- Completed initialization in 0 ms
17:11:58.398 [main] INFO org.springframework.mock.web.MockServletContext -- Initializing Spring TestDispatcherServlet ''
17:11:58.398 [main] INFO org.springframework.test.web.servlet.TestDispatcherServlet -- Initializing Servlet ''
17:11:58.398 [main] INFO org.springframework.test.web.servlet.TestDispatcherServlet -- Completed initialization in 0 ms
17:11:58.405 [main] INFO org.springframework.mock.web.MockServletContext -- Initializing Spring TestDispatcherServlet ''
17:11:58.406 [main] INFO org.springframework.test.web.servlet.TestDispatcherServlet -- Initializing Servlet ''
17:11:58.406 [main] INFO org.springframework.test.web.servlet.TestDispatcherServlet -- Completed initialization in 0 ms
17:11:58.414 [main] INFO org.springframework.mock.web.MockServletContext -- Initializing Spring TestDispatcherServlet ''
17:11:58.414 [main] INFO org.springframework.test.web.servlet.TestDispatcherServlet -- Initializing Servlet ''
17:11:58.414 [main] INFO org.springframework.test.web.servlet.TestDispatcherServlet -- Completed initialization in 0 ms
17:11:58.432 [main] INFO org.springframework.mock.web.MockServletContext -- Initializing Spring TestDispatcherServlet ''
17:11:58.432 [main] INFO org.springframework.test.web.servlet.TestDispatcherServlet -- Initializing Servlet ''
17:11:58.432 [main] INFO org.springframework.test.web.servlet.TestDispatcherServlet -- Completed initialization in 0 ms
17:11:58.442 [main] INFO org.springframework.mock.web.MockServletContext -- Initializing Spring TestDispatcherServlet ''
17:11:58.442 [main] INFO org.springframework.test.web.servlet.TestDispatcherServlet -- Initializing Servlet ''
17:11:58.442 [main] INFO org.springframework.test.web.servlet.TestDispatcherServlet -- Completed initialization in 0 ms
17:11:58.456 [main] INFO org.springframework.mock.web.MockServletContext -- Initializing Spring TestDispatcherServlet ''
17:11:58.456 [main] INFO org.springframework.test.web.servlet.TestDispatcherServlet -- Initializing Servlet ''
17:11:58.456 [main] INFO org.springframework.test.web.servlet.TestDispatcherServlet -- Completed initialization in 0 ms
17:11:58.468 [main] INFO org.springframework.mock.web.MockServletContext -- Initializing Spring TestDispatcherServlet ''
17:11:58.469 [main] INFO org.springframework.test.web.servlet.TestDispatcherServlet -- Initializing Servlet ''
17:11:58.469 [main] INFO org.springframework.test.web.servlet.TestDispatcherServlet -- Completed initialization in 0 ms
17:11:58.473 [main] ERROR org.mranked.query.web.Rfc9457ExceptionHandler -- Unhandled API failure for /api/v1/overview errorType=java.lang.IllegalStateException
17:11:58.480 [main] INFO org.springframework.mock.web.MockServletContext -- Initializing Spring TestDispatcherServlet ''
17:11:58.480 [main] INFO org.springframework.test.web.servlet.TestDispatcherServlet -- Initializing Servlet ''
17:11:58.480 [main] INFO org.springframework.test.web.servlet.TestDispatcherServlet -- Completed initialization in 0 ms
17:11:58.501 [main] INFO org.springframework.mock.web.MockServletContext -- Initializing Spring TestDispatcherServlet ''
17:11:58.501 [main] INFO org.springframework.test.web.servlet.TestDispatcherServlet -- Initializing Servlet ''
17:11:58.501 [main] INFO org.springframework.test.web.servlet.TestDispatcherServlet -- Completed initialization in 0 ms
17:11:58.512 [main] INFO org.springframework.mock.web.MockServletContext -- Initializing Spring TestDispatcherServlet ''
17:11:58.512 [main] INFO org.springframework.test.web.servlet.TestDispatcherServlet -- Initializing Servlet ''
17:11:58.512 [main] INFO org.springframework.test.web.servlet.TestDispatcherServlet -- Completed initialization in 0 ms
[INFO] Tests run: 18, Failures: 0, Errors: 0, Skipped: 0, Time elapsed: 0.275 s -- in org.mranked.query.web.PublicQueryControllerTest
[INFO] Running org.mranked.query.application.CsvExportServiceTest
[INFO] Tests run: 6, Failures: 0, Errors: 0, Skipped: 0, Time elapsed: 0.604 s -- in org.mranked.query.application.CsvExportServiceTest
[INFO] Running org.mranked.query.application.CursorCodecTest
[INFO] Tests run: 3, Failures: 0, Errors: 0, Skipped: 0, Time elapsed: 0.001 s -- in org.mranked.query.application.CursorCodecTest
[INFO] Running org.mranked.query.application.PublicQueryServiceTest
[INFO] Tests run: 5, Failures: 0, Errors: 0, Skipped: 0, Time elapsed: 0.007 s -- in org.mranked.query.application.PublicQueryServiceTest
[INFO] Running org.mranked.query.application.ProviderConfigurationTest
[INFO] Tests run: 2, Failures: 0, Errors: 0, Skipped: 0, Time elapsed: 0.001 s -- in org.mranked.query.application.ProviderConfigurationTest
[INFO] Running org.mranked.query.infrastructure.ProjectionSchemaContractTest
[INFO] Tests run: 4, Failures: 0, Errors: 0, Skipped: 0, Time elapsed: 0.005 s -- in org.mranked.query.infrastructure.ProjectionSchemaContractTest
[INFO] Running org.mranked.query.infrastructure.ActivityRatingPostgresIntegrationTest
[INFO] Tests run: 2, Failures: 0, Errors: 0, Skipped: 0, Time elapsed: 0.203 s -- in org.mranked.query.infrastructure.ActivityRatingPostgresIntegrationTest
[INFO] Running org.mranked.query.infrastructure.DetailPostgresIntegrationTest
[INFO] Tests run: 3, Failures: 0, Errors: 0, Skipped: 0, Time elapsed: 0.216 s -- in org.mranked.query.infrastructure.DetailPostgresIntegrationTest
[INFO] Running org.mranked.query.infrastructure.ComparisonPostgresIntegrationTest
[INFO] Tests run: 1, Failures: 0, Errors: 0, Skipped: 0, Time elapsed: 0.038 s -- in org.mranked.query.infrastructure.ComparisonPostgresIntegrationTest
[INFO] Running org.mranked.query.infrastructure.HistoryReactionDetailsPostgresIntegrationTest
[INFO] Tests run: 3, Failures: 0, Errors: 0, Skipped: 0, Time elapsed: 0.149 s -- in org.mranked.query.infrastructure.HistoryReactionDetailsPostgresIntegrationTest
[INFO] Running org.mranked.query.infrastructure.MigrationInstallationTest
[WARNING] Tests run: 4, Failures: 0, Errors: 0, Skipped: 4, Time elapsed: 0 s -- in org.mranked.query.infrastructure.MigrationInstallationTest
[INFO] Running org.mranked.query.infrastructure.ComparisonProjectionMigrationTest
[INFO] Tests run: 3, Failures: 0, Errors: 0, Skipped: 0, Time elapsed: 0.002 s -- in org.mranked.query.infrastructure.ComparisonProjectionMigrationTest
[INFO] Running org.mranked.query.infrastructure.ProjectionReconciliationPostgresIntegrationTest
17:11:59.825 [main] INFO org.flywaydb.core.FlywayExecutor -- Database: jdbc:postgresql://127.0.0.1:55443/mranked_projection_fcacdff127414bb58b5f2672c42fa018_it (PostgreSQL 18.6)
17:11:59.836 [main] INFO org.flywaydb.core.internal.database.base.Schema -- Creating schema "flyway" ...
17:11:59.839 [main] INFO org.flywaydb.core.internal.schemahistory.JdbcTableSchemaHistory -- Creating Schema History table "flyway"."flyway_schema_history" ...
17:11:59.866 [main] INFO org.flywaydb.core.internal.command.DbMigrate -- Current version of schema "flyway": null
17:11:59.877 [main] INFO org.flywaydb.core.internal.command.DbMigrate -- Migrating schema "flyway" to version "1 - target baseline"
17:12:00.083 [main] INFO org.flywaydb.core.internal.sqlscript.DefaultSqlScriptExecutor -- +--------------------------------------------+
| ensure_publication_metric_partition        |
+--------------------------------------------+
| ingest.publication_metric_snapshot_2026_06 |
| ingest.publication_metric_snapshot_2026_07 |
| ingest.publication_metric_snapshot_2026_08 |
| ingest.publication_metric_snapshot_2026_09 |
| ingest.publication_metric_snapshot_2026_10 |
| ingest.publication_metric_snapshot_2026_11 |
+--------------------------------------------+

17:12:00.129 [main] INFO org.flywaydb.core.internal.command.DbMigrate -- Migrating schema "flyway" to version "2 - rebuild core projections"
17:12:00.148 [main] INFO org.flywaydb.core.internal.command.DbMigrate -- Migrating schema "flyway" to version "3 - collector observation times and identity grants"
17:12:00.180 [main] INFO org.flywaydb.core.internal.command.DbMigrate -- Migrating schema "flyway" to version "4 - admin collection run status grants"
17:12:00.190 [main] INFO org.flywaydb.core.internal.command.DbMigrate -- Migrating schema "flyway" to version "5 - legacy activity period projection"
17:12:00.206 [main] INFO org.flywaydb.core.internal.command.DbMigrate -- Migrating schema "flyway" to version "6 - comparison valid observation hourly projection"
17:12:00.226 [main] INFO org.flywaydb.core.internal.command.DbMigrate -- Migrating schema "flyway" to version "7 - activity rating read grants"
17:12:00.244 [main] INFO org.flywaydb.core.internal.command.DbMigrate -- Migrating schema "flyway" to version "8 - legacy overview projection"
17:12:00.289 [main] INFO org.flywaydb.core.internal.command.DbMigrate -- Migrating schema "flyway" to version "9 - immutable observations quality archive fence"
17:12:00.374 [main] INFO org.flywaydb.core.internal.command.DbMigrate -- Migrating schema "flyway" to version "10 - consistent public queries and formula guards"
17:12:00.403 [main] INFO org.flywaydb.core.internal.command.DbMigrate -- Migrating schema "flyway" to version "11 - bridge identity lineage and reconciliation"
17:12:00.426 [main] INFO org.flywaydb.core.internal.command.DbMigrate -- Migrating schema "flyway" to version "12 - detail history projection"
17:12:00.442 [main] INFO org.flywaydb.core.internal.command.DbMigrate -- Migrating schema "flyway" to version "13 - immutable account identity history"
17:12:00.454 [main] INFO org.flywaydb.core.internal.command.DbMigrate -- Migrating schema "flyway" to version "14 - public archived publication text"
17:12:00.470 [main] INFO org.flywaydb.core.internal.command.DbMigrate -- Migrating schema "flyway" to version "15 - verified source preservation"
17:12:00.487 [main] INFO org.flywaydb.core.internal.command.DbMigrate -- Migrating schema "flyway" to version "16 - audited catalog commands"
17:12:00.524 [main] INFO org.flywaydb.core.internal.command.DbMigrate -- Migrating schema "flyway" to version "17 - legacy csv compatibility projection"
17:12:00.559 [main] INFO org.flywaydb.core.internal.command.DbMigrate -- Migrating schema "flyway" to version "18 - official rating commands"
17:12:00.586 [main] INFO org.flywaydb.core.internal.command.DbMigrate -- Migrating schema "flyway" to version "19 - safe health operational snapshot"
17:12:00.599 [main] INFO org.flywaydb.core.internal.command.DbMigrate -- Migrating schema "flyway" to version "20 - catalog url and version compatibility"
17:12:00.619 [main] INFO org.flywaydb.core.internal.command.DbMigrate -- Migrating schema "flyway" to version "21 - legacy period first observation policy"
17:12:00.650 [main] INFO org.flywaydb.core.internal.command.DbMigrate -- Migrating schema "flyway" to version "22 - durable legacy csv archive facts"
17:12:00.697 [main] INFO org.flywaydb.core.internal.command.DbMigrate -- Migrating schema "flyway" to version "23 - official rating entity context"
17:12:00.724 [main] INFO org.flywaydb.core.internal.command.DbMigrate -- Migrating schema "flyway" to version "24 - ordered history reaction details"
17:12:00.747 [main] INFO org.flywaydb.core.internal.command.DbMigrate -- Migrating schema "flyway" to version "25 - safe legacy account presentation"
17:12:00.761 [main] INFO org.flywaydb.core.internal.command.DbMigrate -- Migrating schema "flyway" to version "26 - independent projection verifier reads"
17:12:00.775 [main] INFO org.flywaydb.core.internal.command.DbMigrate -- Migrating schema "flyway" to version "27 - retained disabled platform period metrics"
17:12:00.794 [main] INFO org.flywaydb.core.internal.command.DbMigrate -- Migrating schema "flyway" to version "28 - identity command receipt verifier acl"
17:12:00.813 [main] INFO org.flywaydb.core.internal.command.DbMigrate -- Migrating schema "flyway" to version "29 - monotonic native identity transitions"
17:12:00.826 [main] INFO org.flywaydb.core.internal.command.DbMigrate -- Successfully applied 29 migrations to schema "flyway", now at version v29 (execution time 00:00.649s)
[INFO] Tests run: 1, Failures: 0, Errors: 0, Skipped: 0, Time elapsed: 11.11 s -- in org.mranked.query.infrastructure.ProjectionReconciliationPostgresIntegrationTest
[INFO] Running org.mranked.query.infrastructure.LegacyOverviewProjectionMigrationTest
[INFO] Tests run: 3, Failures: 0, Errors: 0, Skipped: 0, Time elapsed: 0.001 s -- in org.mranked.query.infrastructure.LegacyOverviewProjectionMigrationTest
[INFO] Running org.mranked.query.infrastructure.ProjectionSqlTest
[INFO] Tests run: 4, Failures: 0, Errors: 0, Skipped: 0, Time elapsed: 0.001 s -- in org.mranked.query.infrastructure.ProjectionSqlTest
[INFO] Running org.mranked.query.infrastructure.BackendConsistencyPostgresIntegrationTest
[INFO] Tests run: 7, Failures: 0, Errors: 0, Skipped: 0, Time elapsed: 12.04 s -- in org.mranked.query.infrastructure.BackendConsistencyPostgresIntegrationTest
[INFO] Running org.mranked.query.infrastructure.OverviewPostgresIntegrationTest
[INFO] Tests run: 1, Failures: 0, Errors: 0, Skipped: 0, Time elapsed: 0.163 s -- in org.mranked.query.infrastructure.OverviewPostgresIntegrationTest
[INFO] Running org.mranked.query.infrastructure.DisabledPeriodPostgresIntegrationTest
17:12:23.225 [main] INFO org.flywaydb.core.FlywayExecutor -- Database: jdbc:postgresql://127.0.0.1:55443/mranked_disabled_ff1cd109abb54af59e3b81c23b069c51_it (PostgreSQL 18.6)
17:12:23.258 [main] INFO org.flywaydb.core.internal.database.base.Schema -- Creating schema "flyway" ...
17:12:23.264 [main] INFO org.flywaydb.core.internal.schemahistory.JdbcTableSchemaHistory -- Creating Schema History table "flyway"."flyway_schema_history" ...
17:12:23.327 [main] INFO org.flywaydb.core.internal.command.DbMigrate -- Current version of schema "flyway": null
17:12:23.373 [main] INFO org.flywaydb.core.internal.command.DbMigrate -- Migrating schema "flyway" to version "1 - target baseline"
17:12:23.658 [main] INFO org.flywaydb.core.internal.sqlscript.DefaultSqlScriptExecutor -- +--------------------------------------------+
| ensure_publication_metric_partition        |
+--------------------------------------------+
| ingest.publication_metric_snapshot_2026_06 |
| ingest.publication_metric_snapshot_2026_07 |
| ingest.publication_metric_snapshot_2026_08 |
| ingest.publication_metric_snapshot_2026_09 |
| ingest.publication_metric_snapshot_2026_10 |
| ingest.publication_metric_snapshot_2026_11 |
+--------------------------------------------+

17:12:23.707 [main] INFO org.flywaydb.core.internal.command.DbMigrate -- Migrating schema "flyway" to version "2 - rebuild core projections"
17:12:23.727 [main] INFO org.flywaydb.core.internal.command.DbMigrate -- Migrating schema "flyway" to version "3 - collector observation times and identity grants"
17:12:23.763 [main] INFO org.flywaydb.core.internal.command.DbMigrate -- Migrating schema "flyway" to version "4 - admin collection run status grants"
17:12:23.776 [main] INFO org.flywaydb.core.internal.command.DbMigrate -- Migrating schema "flyway" to version "5 - legacy activity period projection"
17:12:23.794 [main] INFO org.flywaydb.core.internal.command.DbMigrate -- Migrating schema "flyway" to version "6 - comparison valid observation hourly projection"
17:12:23.820 [main] INFO org.flywaydb.core.internal.command.DbMigrate -- Migrating schema "flyway" to version "7 - activity rating read grants"
17:12:23.857 [main] INFO org.flywaydb.core.internal.command.DbMigrate -- Migrating schema "flyway" to version "8 - legacy overview projection"
17:12:24.072 [main] INFO org.flywaydb.core.internal.command.DbMigrate -- Migrating schema "flyway" to version "9 - immutable observations quality archive fence"
17:12:24.256 [main] INFO org.flywaydb.core.internal.command.DbMigrate -- Migrating schema "flyway" to version "10 - consistent public queries and formula guards"
17:12:24.354 [main] INFO org.flywaydb.core.internal.command.DbMigrate -- Migrating schema "flyway" to version "11 - bridge identity lineage and reconciliation"
17:12:24.429 [main] INFO org.flywaydb.core.internal.command.DbMigrate -- Migrating schema "flyway" to version "12 - detail history projection"
17:12:24.474 [main] INFO org.flywaydb.core.internal.command.DbMigrate -- Migrating schema "flyway" to version "13 - immutable account identity history"
17:12:24.503 [main] INFO org.flywaydb.core.internal.command.DbMigrate -- Migrating schema "flyway" to version "14 - public archived publication text"
17:12:24.531 [main] INFO org.flywaydb.core.internal.command.DbMigrate -- Migrating schema "flyway" to version "15 - verified source preservation"
17:12:24.559 [main] INFO org.flywaydb.core.internal.command.DbMigrate -- Migrating schema "flyway" to version "16 - audited catalog commands"
17:12:24.614 [main] INFO org.flywaydb.core.internal.command.DbMigrate -- Migrating schema "flyway" to version "17 - legacy csv compatibility projection"
17:12:24.673 [main] INFO org.flywaydb.core.internal.command.DbMigrate -- Migrating schema "flyway" to version "18 - official rating commands"
17:12:24.706 [main] INFO org.flywaydb.core.internal.command.DbMigrate -- Migrating schema "flyway" to version "19 - safe health operational snapshot"
17:12:24.731 [main] INFO org.flywaydb.core.internal.command.DbMigrate -- Migrating schema "flyway" to version "20 - catalog url and version compatibility"
17:12:24.751 [main] INFO org.flywaydb.core.internal.command.DbMigrate -- Migrating schema "flyway" to version "21 - legacy period first observation policy"
17:12:24.777 [main] INFO org.flywaydb.core.internal.command.DbMigrate -- Migrating schema "flyway" to version "22 - durable legacy csv archive facts"
17:12:24.819 [main] INFO org.flywaydb.core.internal.command.DbMigrate -- Migrating schema "flyway" to version "23 - official rating entity context"
17:12:24.848 [main] INFO org.flywaydb.core.internal.command.DbMigrate -- Migrating schema "flyway" to version "24 - ordered history reaction details"
17:12:24.893 [main] INFO org.flywaydb.core.internal.command.DbMigrate -- Migrating schema "flyway" to version "25 - safe legacy account presentation"
17:12:24.918 [main] INFO org.flywaydb.core.internal.command.DbMigrate -- Migrating schema "flyway" to version "26 - independent projection verifier reads"
17:12:24.932 [main] INFO org.flywaydb.core.internal.command.DbMigrate -- Migrating schema "flyway" to version "27 - retained disabled platform period metrics"
17:12:24.949 [main] INFO org.flywaydb.core.internal.command.DbMigrate -- Migrating schema "flyway" to version "28 - identity command receipt verifier acl"
17:12:24.958 [main] INFO org.flywaydb.core.internal.command.DbMigrate -- Migrating schema "flyway" to version "29 - monotonic native identity transitions"
17:12:24.973 [main] INFO org.flywaydb.core.internal.command.DbMigrate -- Successfully applied 29 migrations to schema "flyway", now at version v29 (execution time 00:01.066s)
17:12:28.997 [main] INFO org.springframework.mock.web.MockServletContext -- Initializing Spring TestDispatcherServlet ''
17:12:28.997 [main] INFO org.springframework.test.web.servlet.TestDispatcherServlet -- Initializing Servlet ''
17:12:28.997 [main] INFO org.springframework.test.web.servlet.TestDispatcherServlet -- Completed initialization in 0 ms
17:12:32.076 [main] INFO org.flywaydb.core.FlywayExecutor -- Database: jdbc:postgresql://127.0.0.1:55443/mranked_disabled_6a8f545b3fb545f9afa7801bccaedb59_it (PostgreSQL 18.6)
17:12:32.098 [main] INFO org.flywaydb.core.internal.database.base.Schema -- Creating schema "flyway" ...
17:12:32.102 [main] INFO org.flywaydb.core.internal.schemahistory.JdbcTableSchemaHistory -- Creating Schema History table "flyway"."flyway_schema_history" ...
17:12:32.138 [main] INFO org.flywaydb.core.internal.command.DbMigrate -- Current version of schema "flyway": null
17:12:32.152 [main] INFO org.flywaydb.core.internal.command.DbMigrate -- Migrating schema "flyway" to version "1 - target baseline"
17:12:32.454 [main] INFO org.flywaydb.core.internal.sqlscript.DefaultSqlScriptExecutor -- +--------------------------------------------+
| ensure_publication_metric_partition        |
+--------------------------------------------+
| ingest.publication_metric_snapshot_2026_06 |
| ingest.publication_metric_snapshot_2026_07 |
| ingest.publication_metric_snapshot_2026_08 |
| ingest.publication_metric_snapshot_2026_09 |
| ingest.publication_metric_snapshot_2026_10 |
| ingest.publication_metric_snapshot_2026_11 |
+--------------------------------------------+

17:12:32.519 [main] INFO org.flywaydb.core.internal.command.DbMigrate -- Migrating schema "flyway" to version "2 - rebuild core projections"
17:12:32.548 [main] INFO org.flywaydb.core.internal.command.DbMigrate -- Migrating schema "flyway" to version "3 - collector observation times and identity grants"
17:12:32.587 [main] INFO org.flywaydb.core.internal.command.DbMigrate -- Migrating schema "flyway" to version "4 - admin collection run status grants"
17:12:32.613 [main] INFO org.flywaydb.core.internal.command.DbMigrate -- Migrating schema "flyway" to version "5 - legacy activity period projection"
17:12:32.635 [main] INFO org.flywaydb.core.internal.command.DbMigrate -- Migrating schema "flyway" to version "6 - comparison valid observation hourly projection"
17:12:32.675 [main] INFO org.flywaydb.core.internal.command.DbMigrate -- Migrating schema "flyway" to version "7 - activity rating read grants"
17:12:32.730 [main] INFO org.flywaydb.core.internal.command.DbMigrate -- Migrating schema "flyway" to version "8 - legacy overview projection"
17:12:32.839 [main] INFO org.flywaydb.core.internal.command.DbMigrate -- Migrating schema "flyway" to version "9 - immutable observations quality archive fence"
17:12:32.976 [main] INFO org.flywaydb.core.internal.command.DbMigrate -- Migrating schema "flyway" to version "10 - consistent public queries and formula guards"
17:12:33.024 [main] INFO org.flywaydb.core.internal.command.DbMigrate -- Migrating schema "flyway" to version "11 - bridge identity lineage and reconciliation"
17:12:33.064 [main] INFO org.flywaydb.core.internal.command.DbMigrate -- Migrating schema "flyway" to version "12 - detail history projection"
17:12:33.091 [main] INFO org.flywaydb.core.internal.command.DbMigrate -- Migrating schema "flyway" to version "13 - immutable account identity history"
17:12:33.108 [main] INFO org.flywaydb.core.internal.command.DbMigrate -- Migrating schema "flyway" to version "14 - public archived publication text"
17:12:33.131 [main] INFO org.flywaydb.core.internal.command.DbMigrate -- Migrating schema "flyway" to version "15 - verified source preservation"
17:12:33.161 [main] INFO org.flywaydb.core.internal.command.DbMigrate -- Migrating schema "flyway" to version "16 - audited catalog commands"
17:12:33.204 [main] INFO org.flywaydb.core.internal.command.DbMigrate -- Migrating schema "flyway" to version "17 - legacy csv compatibility projection"
17:12:33.244 [main] INFO org.flywaydb.core.internal.command.DbMigrate -- Migrating schema "flyway" to version "18 - official rating commands"
17:12:33.273 [main] INFO org.flywaydb.core.internal.command.DbMigrate -- Migrating schema "flyway" to version "19 - safe health operational snapshot"
17:12:33.291 [main] INFO org.flywaydb.core.internal.command.DbMigrate -- Migrating schema "flyway" to version "20 - catalog url and version compatibility"
17:12:33.307 [main] INFO org.flywaydb.core.internal.command.DbMigrate -- Migrating schema "flyway" to version "21 - legacy period first observation policy"
17:12:33.349 [main] INFO org.flywaydb.core.internal.command.DbMigrate -- Migrating schema "flyway" to version "22 - durable legacy csv archive facts"
17:12:33.396 [main] INFO org.flywaydb.core.internal.command.DbMigrate -- Migrating schema "flyway" to version "23 - official rating entity context"
17:12:33.416 [main] INFO org.flywaydb.core.internal.command.DbMigrate -- Migrating schema "flyway" to version "24 - ordered history reaction details"
17:12:33.430 [main] INFO org.flywaydb.core.internal.command.DbMigrate -- Migrating schema "flyway" to version "25 - safe legacy account presentation"
17:12:33.441 [main] INFO org.flywaydb.core.internal.command.DbMigrate -- Migrating schema "flyway" to version "26 - independent projection verifier reads"
17:12:33.447 [main] INFO org.flywaydb.core.internal.command.DbMigrate -- Successfully applied 26 migrations to schema "flyway", now at version v26 (execution time 00:00.915s)
17:12:36.476 [main] INFO org.flywaydb.core.FlywayExecutor -- Database: jdbc:postgresql://127.0.0.1:55443/mranked_disabled_6a8f545b3fb545f9afa7801bccaedb59_it (PostgreSQL 18.6)
17:12:36.500 [main] INFO org.flywaydb.core.internal.command.DbValidate -- Successfully validated 30 migrations (execution time 00:00.015s)
17:12:36.518 [main] INFO org.flywaydb.core.internal.command.DbMigrate -- Current version of schema "flyway": 26
17:12:36.521 [main] INFO org.flywaydb.core.internal.command.DbMigrate -- Migrating schema "flyway" to version "27 - retained disabled platform period metrics"
17:12:36.831 [main] INFO org.flywaydb.core.internal.sqlscript.DefaultSqlScriptExecutor -- DB: schema "pg_temp" does not exist, skipping
17:12:36.831 [main] INFO org.flywaydb.core.internal.sqlscript.DefaultSqlScriptExecutor -- DB: table "mranked_csv_lexeme" does not exist, skipping
17:12:36.831 [main] INFO org.flywaydb.core.internal.sqlscript.DefaultSqlScriptExecutor -- DB: table "mranked_csv_publication" does not exist, skipping
17:12:36.831 [main] INFO org.flywaydb.core.internal.sqlscript.DefaultSqlScriptExecutor -- DB: table "mranked_csv_snapshot" does not exist, skipping
17:12:36.845 [main] INFO org.flywaydb.core.internal.command.DbMigrate -- Migrating schema "flyway" to version "28 - identity command receipt verifier acl"
17:12:36.856 [main] INFO org.flywaydb.core.internal.command.DbMigrate -- Migrating schema "flyway" to version "29 - monotonic native identity transitions"
17:12:36.867 [main] INFO org.flywaydb.core.internal.command.DbMigrate -- Successfully applied 3 migrations to schema "flyway", now at version v29 (execution time 00:00.321s)
17:12:37.431 [main] INFO org.springframework.mock.web.MockServletContext -- Initializing Spring TestDispatcherServlet ''
17:12:37.431 [main] INFO org.springframework.test.web.servlet.TestDispatcherServlet -- Initializing Servlet ''
17:12:37.431 [main] INFO org.springframework.test.web.servlet.TestDispatcherServlet -- Completed initialization in 0 ms
[INFO] Tests run: 2, Failures: 0, Errors: 0, Skipped: 0, Time elapsed: 16.52 s -- in org.mranked.query.infrastructure.DisabledPeriodPostgresIntegrationTest
[INFO] Running org.mranked.query.infrastructure.DetailFallbackPostgresIntegrationTest
[INFO] Tests run: 1, Failures: 0, Errors: 0, Skipped: 0, Time elapsed: 0.023 s -- in org.mranked.query.infrastructure.DetailFallbackPostgresIntegrationTest
[INFO] Running org.mranked.query.infrastructure.ComparisonSqlTest
[INFO] Tests run: 4, Failures: 0, Errors: 0, Skipped: 0, Time elapsed: 0.002 s -- in org.mranked.query.infrastructure.ComparisonSqlTest
[INFO] Running org.mranked.query.infrastructure.LegacyPeriodOraclePostgresIntegrationTest
17:12:39.696 [main] INFO org.flywaydb.core.FlywayExecutor -- Database: jdbc:postgresql://127.0.0.1:55443/mranked_period_b5f75529a9084ab5b230fa5a23fabdc7_it (PostgreSQL 18.6)
17:12:39.704 [main] INFO org.flywaydb.core.internal.database.base.Schema -- Creating schema "flyway" ...
17:12:39.706 [main] INFO org.flywaydb.core.internal.schemahistory.JdbcTableSchemaHistory -- Creating Schema History table "flyway"."flyway_schema_history" ...
17:12:39.730 [main] INFO org.flywaydb.core.internal.command.DbMigrate -- Current version of schema "flyway": null
17:12:39.744 [main] INFO org.flywaydb.core.internal.command.DbMigrate -- Migrating schema "flyway" to version "1 - target baseline"
17:12:39.950 [main] INFO org.flywaydb.core.internal.sqlscript.DefaultSqlScriptExecutor -- +--------------------------------------------+
| ensure_publication_metric_partition        |
+--------------------------------------------+
| ingest.publication_metric_snapshot_2026_06 |
| ingest.publication_metric_snapshot_2026_07 |
| ingest.publication_metric_snapshot_2026_08 |
| ingest.publication_metric_snapshot_2026_09 |
| ingest.publication_metric_snapshot_2026_10 |
| ingest.publication_metric_snapshot_2026_11 |
+--------------------------------------------+

17:12:40.009 [main] INFO org.flywaydb.core.internal.command.DbMigrate -- Migrating schema "flyway" to version "2 - rebuild core projections"
17:12:40.034 [main] INFO org.flywaydb.core.internal.command.DbMigrate -- Migrating schema "flyway" to version "3 - collector observation times and identity grants"
17:12:40.064 [main] INFO org.flywaydb.core.internal.command.DbMigrate -- Migrating schema "flyway" to version "4 - admin collection run status grants"
17:12:40.079 [main] INFO org.flywaydb.core.internal.command.DbMigrate -- Migrating schema "flyway" to version "5 - legacy activity period projection"
17:12:40.096 [main] INFO org.flywaydb.core.internal.command.DbMigrate -- Migrating schema "flyway" to version "6 - comparison valid observation hourly projection"
17:12:40.117 [main] INFO org.flywaydb.core.internal.command.DbMigrate -- Migrating schema "flyway" to version "7 - activity rating read grants"
17:12:40.135 [main] INFO org.flywaydb.core.internal.command.DbMigrate -- Migrating schema "flyway" to version "8 - legacy overview projection"
17:12:40.185 [main] INFO org.flywaydb.core.internal.command.DbMigrate -- Migrating schema "flyway" to version "9 - immutable observations quality archive fence"
17:12:40.275 [main] INFO org.flywaydb.core.internal.command.DbMigrate -- Migrating schema "flyway" to version "10 - consistent public queries and formula guards"
17:12:40.306 [main] INFO org.flywaydb.core.internal.command.DbMigrate -- Migrating schema "flyway" to version "11 - bridge identity lineage and reconciliation"
17:12:40.341 [main] INFO org.flywaydb.core.internal.command.DbMigrate -- Migrating schema "flyway" to version "12 - detail history projection"
17:12:40.362 [main] INFO org.flywaydb.core.internal.command.DbMigrate -- Migrating schema "flyway" to version "13 - immutable account identity history"
17:12:40.376 [main] INFO org.flywaydb.core.internal.command.DbMigrate -- Migrating schema "flyway" to version "14 - public archived publication text"
17:12:40.394 [main] INFO org.flywaydb.core.internal.command.DbMigrate -- Migrating schema "flyway" to version "15 - verified source preservation"
17:12:40.413 [main] INFO org.flywaydb.core.internal.command.DbMigrate -- Migrating schema "flyway" to version "16 - audited catalog commands"
17:12:40.451 [main] INFO org.flywaydb.core.internal.command.DbMigrate -- Migrating schema "flyway" to version "17 - legacy csv compatibility projection"
17:12:40.487 [main] INFO org.flywaydb.core.internal.command.DbMigrate -- Migrating schema "flyway" to version "18 - official rating commands"
17:12:40.514 [main] INFO org.flywaydb.core.internal.command.DbMigrate -- Migrating schema "flyway" to version "19 - safe health operational snapshot"
17:12:40.531 [main] INFO org.flywaydb.core.internal.command.DbMigrate -- Migrating schema "flyway" to version "20 - catalog url and version compatibility"
17:12:40.551 [main] INFO org.flywaydb.core.internal.command.DbMigrate -- Migrating schema "flyway" to version "21 - legacy period first observation policy"
17:12:40.576 [main] INFO org.flywaydb.core.internal.command.DbMigrate -- Migrating schema "flyway" to version "22 - durable legacy csv archive facts"
17:12:40.613 [main] INFO org.flywaydb.core.internal.command.DbMigrate -- Migrating schema "flyway" to version "23 - official rating entity context"
17:12:40.630 [main] INFO org.flywaydb.core.internal.command.DbMigrate -- Migrating schema "flyway" to version "24 - ordered history reaction details"
17:12:40.647 [main] INFO org.flywaydb.core.internal.command.DbMigrate -- Migrating schema "flyway" to version "25 - safe legacy account presentation"
17:12:40.658 [main] INFO org.flywaydb.core.internal.command.DbMigrate -- Migrating schema "flyway" to version "26 - independent projection verifier reads"
17:12:40.669 [main] INFO org.flywaydb.core.internal.command.DbMigrate -- Migrating schema "flyway" to version "27 - retained disabled platform period metrics"
17:12:40.680 [main] INFO org.flywaydb.core.internal.command.DbMigrate -- Migrating schema "flyway" to version "28 - identity command receipt verifier acl"
17:12:40.688 [main] INFO org.flywaydb.core.internal.command.DbMigrate -- Migrating schema "flyway" to version "29 - monotonic native identity transitions"
17:12:40.699 [main] INFO org.flywaydb.core.internal.command.DbMigrate -- Successfully applied 29 migrations to schema "flyway", now at version v29 (execution time 00:00.677s)
17:12:44.171 [main] INFO org.flywaydb.core.FlywayExecutor -- Database: jdbc:postgresql://127.0.0.1:55443/mranked_period_25012de929ce4cd39311e65752688d6e_it (PostgreSQL 18.6)
17:12:44.182 [main] INFO org.flywaydb.core.internal.database.base.Schema -- Creating schema "flyway" ...
17:12:44.185 [main] INFO org.flywaydb.core.internal.schemahistory.JdbcTableSchemaHistory -- Creating Schema History table "flyway"."flyway_schema_history" ...
17:12:44.240 [main] INFO org.flywaydb.core.internal.command.DbMigrate -- Current version of schema "flyway": null
17:12:44.257 [main] INFO org.flywaydb.core.internal.command.DbMigrate -- Migrating schema "flyway" to version "1 - target baseline"
17:12:44.481 [main] INFO org.flywaydb.core.internal.sqlscript.DefaultSqlScriptExecutor -- +--------------------------------------------+
| ensure_publication_metric_partition        |
+--------------------------------------------+
| ingest.publication_metric_snapshot_2026_06 |
| ingest.publication_metric_snapshot_2026_07 |
| ingest.publication_metric_snapshot_2026_08 |
| ingest.publication_metric_snapshot_2026_09 |
| ingest.publication_metric_snapshot_2026_10 |
| ingest.publication_metric_snapshot_2026_11 |
+--------------------------------------------+

17:12:44.540 [main] INFO org.flywaydb.core.internal.command.DbMigrate -- Migrating schema "flyway" to version "2 - rebuild core projections"
17:12:44.560 [main] INFO org.flywaydb.core.internal.command.DbMigrate -- Migrating schema "flyway" to version "3 - collector observation times and identity grants"
17:12:44.589 [main] INFO org.flywaydb.core.internal.command.DbMigrate -- Migrating schema "flyway" to version "4 - admin collection run status grants"
17:12:44.601 [main] INFO org.flywaydb.core.internal.command.DbMigrate -- Migrating schema "flyway" to version "5 - legacy activity period projection"
17:12:44.622 [main] INFO org.flywaydb.core.internal.command.DbMigrate -- Migrating schema "flyway" to version "6 - comparison valid observation hourly projection"
17:12:44.645 [main] INFO org.flywaydb.core.internal.command.DbMigrate -- Migrating schema "flyway" to version "7 - activity rating read grants"
17:12:44.668 [main] INFO org.flywaydb.core.internal.command.DbMigrate -- Migrating schema "flyway" to version "8 - legacy overview projection"
17:12:44.717 [main] INFO org.flywaydb.core.internal.command.DbMigrate -- Migrating schema "flyway" to version "9 - immutable observations quality archive fence"
17:12:44.807 [main] INFO org.flywaydb.core.internal.command.DbMigrate -- Migrating schema "flyway" to version "10 - consistent public queries and formula guards"
17:12:44.834 [main] INFO org.flywaydb.core.internal.command.DbMigrate -- Migrating schema "flyway" to version "11 - bridge identity lineage and reconciliation"
17:12:44.856 [main] INFO org.flywaydb.core.internal.command.DbMigrate -- Migrating schema "flyway" to version "12 - detail history projection"
17:12:44.877 [main] INFO org.flywaydb.core.internal.command.DbMigrate -- Migrating schema "flyway" to version "13 - immutable account identity history"
17:12:44.888 [main] INFO org.flywaydb.core.internal.command.DbMigrate -- Migrating schema "flyway" to version "14 - public archived publication text"
17:12:44.903 [main] INFO org.flywaydb.core.internal.command.DbMigrate -- Migrating schema "flyway" to version "15 - verified source preservation"
17:12:44.923 [main] INFO org.flywaydb.core.internal.command.DbMigrate -- Migrating schema "flyway" to version "16 - audited catalog commands"
17:12:44.958 [main] INFO org.flywaydb.core.internal.command.DbMigrate -- Migrating schema "flyway" to version "17 - legacy csv compatibility projection"
17:12:44.990 [main] INFO org.flywaydb.core.internal.command.DbMigrate -- Migrating schema "flyway" to version "18 - official rating commands"
17:12:45.020 [main] INFO org.flywaydb.core.internal.command.DbMigrate -- Migrating schema "flyway" to version "19 - safe health operational snapshot"
17:12:45.039 [main] INFO org.flywaydb.core.internal.command.DbMigrate -- Migrating schema "flyway" to version "20 - catalog url and version compatibility"
17:12:45.060 [main] INFO org.flywaydb.core.internal.command.DbMigrate -- Successfully applied 20 migrations to schema "flyway", now at version v20 (execution time 00:00.584s)
17:12:47.499 [main] INFO org.flywaydb.core.FlywayExecutor -- Database: jdbc:postgresql://127.0.0.1:55443/mranked_period_25012de929ce4cd39311e65752688d6e_it (PostgreSQL 18.6)
17:12:47.511 [main] INFO org.flywaydb.core.internal.command.DbValidate -- Successfully validated 30 migrations (execution time 00:00.005s)
17:12:47.528 [main] INFO org.flywaydb.core.internal.command.DbMigrate -- Current version of schema "flyway": 20
17:12:47.531 [main] INFO org.flywaydb.core.internal.command.DbMigrate -- Migrating schema "flyway" to version "21 - legacy period first observation policy"
17:12:47.787 [main] INFO org.flywaydb.core.internal.sqlscript.DefaultSqlScriptExecutor -- DB: schema "pg_temp" does not exist, skipping
17:12:47.787 [main] INFO org.flywaydb.core.internal.sqlscript.DefaultSqlScriptExecutor -- DB: table "mranked_csv_lexeme" does not exist, skipping
17:12:47.787 [main] INFO org.flywaydb.core.internal.sqlscript.DefaultSqlScriptExecutor -- DB: table "mranked_csv_publication" does not exist, skipping
17:12:47.787 [main] INFO org.flywaydb.core.internal.sqlscript.DefaultSqlScriptExecutor -- DB: table "mranked_csv_snapshot" does not exist, skipping
17:12:47.816 [main] INFO org.flywaydb.core.internal.command.DbMigrate -- Migrating schema "flyway" to version "22 - durable legacy csv archive facts"
17:12:47.861 [main] INFO org.flywaydb.core.internal.sqlscript.DefaultSqlScriptExecutor -- DB: table "mranked_csv_lexeme" does not exist, skipping
17:12:47.861 [main] INFO org.flywaydb.core.internal.sqlscript.DefaultSqlScriptExecutor -- DB: table "mranked_csv_publication" does not exist, skipping
17:12:47.861 [main] INFO org.flywaydb.core.internal.sqlscript.DefaultSqlScriptExecutor -- DB: table "mranked_csv_snapshot" does not exist, skipping
17:12:47.875 [main] INFO org.flywaydb.core.internal.command.DbMigrate -- Migrating schema "flyway" to version "23 - official rating entity context"
17:12:48.148 [main] INFO org.flywaydb.core.internal.sqlscript.DefaultSqlScriptExecutor -- DB: table "mranked_projection_snapshot" does not exist, skipping
17:12:48.148 [main] INFO org.flywaydb.core.internal.sqlscript.DefaultSqlScriptExecutor -- DB: table "mranked_csv_lexeme" does not exist, skipping
17:12:48.148 [main] INFO org.flywaydb.core.internal.sqlscript.DefaultSqlScriptExecutor -- DB: table "mranked_csv_publication" does not exist, skipping
17:12:48.148 [main] INFO org.flywaydb.core.internal.sqlscript.DefaultSqlScriptExecutor -- DB: table "mranked_csv_snapshot" does not exist, skipping
17:12:48.161 [main] INFO org.flywaydb.core.internal.command.DbMigrate -- Migrating schema "flyway" to version "24 - ordered history reaction details"
17:12:48.189 [main] INFO org.flywaydb.core.internal.command.DbMigrate -- Migrating schema "flyway" to version "25 - safe legacy account presentation"
17:12:48.206 [main] INFO org.flywaydb.core.internal.command.DbMigrate -- Migrating schema "flyway" to version "26 - independent projection verifier reads"
17:12:48.227 [main] INFO org.flywaydb.core.internal.command.DbMigrate -- Migrating schema "flyway" to version "27 - retained disabled platform period metrics"
17:12:48.455 [main] INFO org.flywaydb.core.internal.sqlscript.DefaultSqlScriptExecutor -- DB: table "mranked_projection_snapshot" does not exist, skipping
17:12:48.455 [main] INFO org.flywaydb.core.internal.sqlscript.DefaultSqlScriptExecutor -- DB: table "mranked_csv_lexeme" does not exist, skipping
17:12:48.455 [main] INFO org.flywaydb.core.internal.sqlscript.DefaultSqlScriptExecutor -- DB: table "mranked_csv_publication" does not exist, skipping
17:12:48.455 [main] INFO org.flywaydb.core.internal.sqlscript.DefaultSqlScriptExecutor -- DB: table "mranked_csv_snapshot" does not exist, skipping
17:12:48.469 [main] INFO org.flywaydb.core.internal.command.DbMigrate -- Migrating schema "flyway" to version "28 - identity command receipt verifier acl"
17:12:48.479 [main] INFO org.flywaydb.core.internal.command.DbMigrate -- Migrating schema "flyway" to version "29 - monotonic native identity transitions"
17:12:48.491 [main] INFO org.flywaydb.core.internal.command.DbMigrate -- Successfully applied 9 migrations to schema "flyway", now at version v29 (execution time 00:00.852s)
[INFO] Tests run: 2, Failures: 0, Errors: 0, Skipped: 0, Time elapsed: 10.18 s -- in org.mranked.query.infrastructure.LegacyPeriodOraclePostgresIntegrationTest
[INFO] Running org.mranked.query.infrastructure.LegacyGoldenProjectionIntegrationTest
17:12:49.827 [main] INFO org.flywaydb.core.FlywayExecutor -- Database: jdbc:postgresql://127.0.0.1:55443/golden_it (PostgreSQL 18.6)
17:12:49.839 [main] INFO org.flywaydb.core.internal.database.base.Schema -- Creating schema "flyway" ...
17:12:49.842 [main] INFO org.flywaydb.core.internal.schemahistory.JdbcTableSchemaHistory -- Creating Schema History table "flyway"."flyway_schema_history" ...
17:12:49.869 [main] INFO org.flywaydb.core.internal.command.DbMigrate -- Current version of schema "flyway": null
17:12:49.885 [main] INFO org.flywaydb.core.internal.command.DbMigrate -- Migrating schema "flyway" to version "1 - target baseline"
17:12:50.153 [main] INFO org.flywaydb.core.internal.sqlscript.DefaultSqlScriptExecutor -- +--------------------------------------------+
| ensure_publication_metric_partition        |
+--------------------------------------------+
| ingest.publication_metric_snapshot_2026_06 |
| ingest.publication_metric_snapshot_2026_07 |
| ingest.publication_metric_snapshot_2026_08 |
| ingest.publication_metric_snapshot_2026_09 |
| ingest.publication_metric_snapshot_2026_10 |
| ingest.publication_metric_snapshot_2026_11 |
+--------------------------------------------+

17:12:50.215 [main] INFO org.flywaydb.core.internal.command.DbMigrate -- Migrating schema "flyway" to version "2 - rebuild core projections"
17:12:50.237 [main] INFO org.flywaydb.core.internal.command.DbMigrate -- Migrating schema "flyway" to version "3 - collector observation times and identity grants"
17:12:50.270 [main] INFO org.flywaydb.core.internal.command.DbMigrate -- Migrating schema "flyway" to version "4 - admin collection run status grants"
17:12:50.288 [main] INFO org.flywaydb.core.internal.command.DbMigrate -- Migrating schema "flyway" to version "5 - legacy activity period projection"
17:12:50.307 [main] INFO org.flywaydb.core.internal.command.DbMigrate -- Migrating schema "flyway" to version "6 - comparison valid observation hourly projection"
17:12:50.328 [main] INFO org.flywaydb.core.internal.command.DbMigrate -- Migrating schema "flyway" to version "7 - activity rating read grants"
17:12:50.352 [main] INFO org.flywaydb.core.internal.command.DbMigrate -- Migrating schema "flyway" to version "8 - legacy overview projection"
17:12:50.424 [main] INFO org.flywaydb.core.internal.command.DbMigrate -- Migrating schema "flyway" to version "9 - immutable observations quality archive fence"
17:12:50.540 [main] INFO org.flywaydb.core.internal.command.DbMigrate -- Migrating schema "flyway" to version "10 - consistent public queries and formula guards"
17:12:50.569 [main] INFO org.flywaydb.core.internal.command.DbMigrate -- Migrating schema "flyway" to version "11 - bridge identity lineage and reconciliation"
17:12:50.590 [main] INFO org.flywaydb.core.internal.command.DbMigrate -- Migrating schema "flyway" to version "12 - detail history projection"
17:12:50.606 [main] INFO org.flywaydb.core.internal.command.DbMigrate -- Migrating schema "flyway" to version "13 - immutable account identity history"
17:12:50.617 [main] INFO org.flywaydb.core.internal.command.DbMigrate -- Migrating schema "flyway" to version "14 - public archived publication text"
17:12:50.635 [main] INFO org.flywaydb.core.internal.command.DbMigrate -- Migrating schema "flyway" to version "15 - verified source preservation"
17:12:50.653 [main] INFO org.flywaydb.core.internal.command.DbMigrate -- Migrating schema "flyway" to version "16 - audited catalog commands"
17:12:50.690 [main] INFO org.flywaydb.core.internal.command.DbMigrate -- Migrating schema "flyway" to version "17 - legacy csv compatibility projection"
17:12:50.723 [main] INFO org.flywaydb.core.internal.command.DbMigrate -- Migrating schema "flyway" to version "18 - official rating commands"
17:12:50.752 [main] INFO org.flywaydb.core.internal.command.DbMigrate -- Migrating schema "flyway" to version "19 - safe health operational snapshot"
17:12:50.781 [main] INFO org.flywaydb.core.internal.command.DbMigrate -- Migrating schema "flyway" to version "20 - catalog url and version compatibility"
17:12:50.799 [main] INFO org.flywaydb.core.internal.command.DbMigrate -- Migrating schema "flyway" to version "21 - legacy period first observation policy"
17:12:50.824 [main] INFO org.flywaydb.core.internal.command.DbMigrate -- Migrating schema "flyway" to version "22 - durable legacy csv archive facts"
17:12:50.863 [main] INFO org.flywaydb.core.internal.command.DbMigrate -- Migrating schema "flyway" to version "23 - official rating entity context"
17:12:50.880 [main] INFO org.flywaydb.core.internal.command.DbMigrate -- Migrating schema "flyway" to version "24 - ordered history reaction details"
17:12:50.897 [main] INFO org.flywaydb.core.internal.command.DbMigrate -- Migrating schema "flyway" to version "25 - safe legacy account presentation"
17:12:50.908 [main] INFO org.flywaydb.core.internal.command.DbMigrate -- Migrating schema "flyway" to version "26 - independent projection verifier reads"
17:12:50.916 [main] INFO org.flywaydb.core.internal.command.DbMigrate -- Migrating schema "flyway" to version "27 - retained disabled platform period metrics"
17:12:50.929 [main] INFO org.flywaydb.core.internal.command.DbMigrate -- Migrating schema "flyway" to version "28 - identity command receipt verifier acl"
17:12:50.940 [main] INFO org.flywaydb.core.internal.command.DbMigrate -- Migrating schema "flyway" to version "29 - monotonic native identity transitions"
17:12:50.948 [main] INFO org.flywaydb.core.internal.command.DbMigrate -- Successfully applied 29 migrations to schema "flyway", now at version v29 (execution time 00:00.741s)
[INFO] Tests run: 2, Failures: 0, Errors: 0, Skipped: 0, Time elapsed: 1.593 s -- in org.mranked.query.infrastructure.LegacyGoldenProjectionIntegrationTest
[INFO] Running org.mranked.query.infrastructure.ActivityRatingGrantMigrationTest
[INFO] Tests run: 1, Failures: 0, Errors: 0, Skipped: 0, Time elapsed: 0.001 s -- in org.mranked.query.infrastructure.ActivityRatingGrantMigrationTest
[INFO] Running org.mranked.query.domain.OverviewQueryTest
[INFO] Tests run: 3, Failures: 0, Errors: 0, Skipped: 0, Time elapsed: 0.006 s -- in org.mranked.query.domain.OverviewQueryTest
[INFO] Running org.mranked.query.domain.ComparisonSeriesTest
[INFO] Tests run: 2, Failures: 0, Errors: 0, Skipped: 0, Time elapsed: 0.001 s -- in org.mranked.query.domain.ComparisonSeriesTest
[INFO] Running org.mranked.query.domain.ComparisonSelectionTest
[INFO] Tests run: 3, Failures: 0, Errors: 0, Skipped: 0, Time elapsed: 0.006 s -- in org.mranked.query.domain.ComparisonSelectionTest
[INFO] Running org.mranked.query.domain.ActivityRatingQueryTest
[INFO] Tests run: 3, Failures: 0, Errors: 0, Skipped: 0, Time elapsed: 0.003 s -- in org.mranked.query.domain.ActivityRatingQueryTest
[INFO] Running org.mranked.legacyexport.application.LegacyCsvServiceTest
[INFO] Tests run: 4, Failures: 0, Errors: 0, Skipped: 0, Time elapsed: 2.383 s -- in org.mranked.legacyexport.application.LegacyCsvServiceTest
[INFO] Running org.mranked.legacyexport.infrastructure.LegacyCsvPostgresIntegrationTest
17:12:53.903 [main] INFO org.flywaydb.core.FlywayExecutor -- Database: jdbc:postgresql://127.0.0.1:55443/mranked_csv_682853c681fc4896b9a5671ccccc42e1_it (PostgreSQL 18.6)
17:12:53.915 [main] INFO org.flywaydb.core.internal.database.base.Schema -- Creating schema "flyway" ...
17:12:53.919 [main] INFO org.flywaydb.core.internal.schemahistory.JdbcTableSchemaHistory -- Creating Schema History table "flyway"."flyway_schema_history" ...
17:12:53.948 [main] INFO org.flywaydb.core.internal.command.DbMigrate -- Current version of schema "flyway": null
17:12:53.962 [main] INFO org.flywaydb.core.internal.command.DbMigrate -- Migrating schema "flyway" to version "1 - target baseline"
17:12:54.196 [main] INFO org.flywaydb.core.internal.sqlscript.DefaultSqlScriptExecutor -- +--------------------------------------------+
| ensure_publication_metric_partition        |
+--------------------------------------------+
| ingest.publication_metric_snapshot_2026_06 |
| ingest.publication_metric_snapshot_2026_07 |
| ingest.publication_metric_snapshot_2026_08 |
| ingest.publication_metric_snapshot_2026_09 |
| ingest.publication_metric_snapshot_2026_10 |
| ingest.publication_metric_snapshot_2026_11 |
+--------------------------------------------+

17:12:54.249 [main] INFO org.flywaydb.core.internal.command.DbMigrate -- Migrating schema "flyway" to version "2 - rebuild core projections"
17:12:54.268 [main] INFO org.flywaydb.core.internal.command.DbMigrate -- Migrating schema "flyway" to version "3 - collector observation times and identity grants"
17:12:54.298 [main] INFO org.flywaydb.core.internal.command.DbMigrate -- Migrating schema "flyway" to version "4 - admin collection run status grants"
17:12:54.310 [main] INFO org.flywaydb.core.internal.command.DbMigrate -- Migrating schema "flyway" to version "5 - legacy activity period projection"
17:12:54.326 [main] INFO org.flywaydb.core.internal.command.DbMigrate -- Migrating schema "flyway" to version "6 - comparison valid observation hourly projection"
17:12:54.346 [main] INFO org.flywaydb.core.internal.command.DbMigrate -- Migrating schema "flyway" to version "7 - activity rating read grants"
17:12:54.361 [main] INFO org.flywaydb.core.internal.command.DbMigrate -- Migrating schema "flyway" to version "8 - legacy overview projection"
17:12:54.407 [main] INFO org.flywaydb.core.internal.command.DbMigrate -- Migrating schema "flyway" to version "9 - immutable observations quality archive fence"
17:12:54.510 [main] INFO org.flywaydb.core.internal.command.DbMigrate -- Migrating schema "flyway" to version "10 - consistent public queries and formula guards"
17:12:54.533 [main] INFO org.flywaydb.core.internal.command.DbMigrate -- Migrating schema "flyway" to version "11 - bridge identity lineage and reconciliation"
17:12:54.553 [main] INFO org.flywaydb.core.internal.command.DbMigrate -- Migrating schema "flyway" to version "12 - detail history projection"
17:12:54.568 [main] INFO org.flywaydb.core.internal.command.DbMigrate -- Migrating schema "flyway" to version "13 - immutable account identity history"
17:12:54.578 [main] INFO org.flywaydb.core.internal.command.DbMigrate -- Migrating schema "flyway" to version "14 - public archived publication text"
17:12:54.593 [main] INFO org.flywaydb.core.internal.command.DbMigrate -- Migrating schema "flyway" to version "15 - verified source preservation"
17:12:54.611 [main] INFO org.flywaydb.core.internal.command.DbMigrate -- Migrating schema "flyway" to version "16 - audited catalog commands"
17:12:54.662 [main] INFO org.flywaydb.core.internal.command.DbMigrate -- Migrating schema "flyway" to version "17 - legacy csv compatibility projection"
17:12:54.700 [main] INFO org.flywaydb.core.internal.command.DbMigrate -- Migrating schema "flyway" to version "18 - official rating commands"
17:12:54.727 [main] INFO org.flywaydb.core.internal.command.DbMigrate -- Migrating schema "flyway" to version "19 - safe health operational snapshot"
17:12:54.740 [main] INFO org.flywaydb.core.internal.command.DbMigrate -- Migrating schema "flyway" to version "20 - catalog url and version compatibility"
17:12:54.755 [main] INFO org.flywaydb.core.internal.command.DbMigrate -- Migrating schema "flyway" to version "21 - legacy period first observation policy"
17:12:54.777 [main] INFO org.flywaydb.core.internal.command.DbMigrate -- Migrating schema "flyway" to version "22 - durable legacy csv archive facts"
17:12:54.815 [main] INFO org.flywaydb.core.internal.command.DbMigrate -- Migrating schema "flyway" to version "23 - official rating entity context"
17:12:54.833 [main] INFO org.flywaydb.core.internal.command.DbMigrate -- Migrating schema "flyway" to version "24 - ordered history reaction details"
17:12:54.865 [main] INFO org.flywaydb.core.internal.command.DbMigrate -- Migrating schema "flyway" to version "25 - safe legacy account presentation"
17:12:54.880 [main] INFO org.flywaydb.core.internal.command.DbMigrate -- Migrating schema "flyway" to version "26 - independent projection verifier reads"
17:12:54.888 [main] INFO org.flywaydb.core.internal.command.DbMigrate -- Migrating schema "flyway" to version "27 - retained disabled platform period metrics"
17:12:54.899 [main] INFO org.flywaydb.core.internal.command.DbMigrate -- Migrating schema "flyway" to version "28 - identity command receipt verifier acl"
17:12:54.913 [main] INFO org.flywaydb.core.internal.command.DbMigrate -- Migrating schema "flyway" to version "29 - monotonic native identity transitions"
17:12:54.922 [main] INFO org.flywaydb.core.internal.command.DbMigrate -- Successfully applied 29 migrations to schema "flyway", now at version v29 (execution time 00:00.686s)
17:12:57.061 [main] INFO org.springframework.mock.web.MockServletContext -- Initializing Spring TestDispatcherServlet ''
17:12:57.061 [main] INFO org.springframework.test.web.servlet.TestDispatcherServlet -- Initializing Servlet ''
17:12:57.061 [main] INFO org.springframework.test.web.servlet.TestDispatcherServlet -- Completed initialization in 0 ms
17:13:01.142 [main] INFO org.springframework.mock.web.MockServletContext -- Initializing Spring TestDispatcherServlet ''
17:13:01.143 [main] INFO org.springframework.test.web.servlet.TestDispatcherServlet -- Initializing Servlet ''
17:13:01.143 [main] INFO org.springframework.test.web.servlet.TestDispatcherServlet -- Completed initialization in 0 ms
[INFO] Tests run: 1, Failures: 0, Errors: 0, Skipped: 0, Time elapsed: 7.929 s -- in org.mranked.legacyexport.infrastructure.LegacyCsvPostgresIntegrationTest
[INFO] Running org.mranked.legacyexport.infrastructure.LegacyCsvArchivePostgresIntegrationTest
17:13:01.794 [main] INFO org.flywaydb.core.FlywayExecutor -- Database: jdbc:postgresql://127.0.0.1:55443/mranked_csv_archive_e276f783979d45fca26c736d8310a74a_it (PostgreSQL 18.6)
17:13:01.805 [main] INFO org.flywaydb.core.internal.database.base.Schema -- Creating schema "flyway" ...
17:13:01.808 [main] INFO org.flywaydb.core.internal.schemahistory.JdbcTableSchemaHistory -- Creating Schema History table "flyway"."flyway_schema_history" ...
17:13:01.835 [main] INFO org.flywaydb.core.internal.command.DbMigrate -- Current version of schema "flyway": null
17:13:01.848 [main] INFO org.flywaydb.core.internal.command.DbMigrate -- Migrating schema "flyway" to version "1 - target baseline"
17:13:02.053 [main] INFO org.flywaydb.core.internal.sqlscript.DefaultSqlScriptExecutor -- +--------------------------------------------+
| ensure_publication_metric_partition        |
+--------------------------------------------+
| ingest.publication_metric_snapshot_2026_06 |
| ingest.publication_metric_snapshot_2026_07 |
| ingest.publication_metric_snapshot_2026_08 |
| ingest.publication_metric_snapshot_2026_09 |
| ingest.publication_metric_snapshot_2026_10 |
| ingest.publication_metric_snapshot_2026_11 |
+--------------------------------------------+

17:13:02.106 [main] INFO org.flywaydb.core.internal.command.DbMigrate -- Migrating schema "flyway" to version "2 - rebuild core projections"
17:13:02.123 [main] INFO org.flywaydb.core.internal.command.DbMigrate -- Migrating schema "flyway" to version "3 - collector observation times and identity grants"
17:13:02.160 [main] INFO org.flywaydb.core.internal.command.DbMigrate -- Migrating schema "flyway" to version "4 - admin collection run status grants"
17:13:02.180 [main] INFO org.flywaydb.core.internal.command.DbMigrate -- Migrating schema "flyway" to version "5 - legacy activity period projection"
17:13:02.201 [main] INFO org.flywaydb.core.internal.command.DbMigrate -- Migrating schema "flyway" to version "6 - comparison valid observation hourly projection"
17:13:02.232 [main] INFO org.flywaydb.core.internal.command.DbMigrate -- Migrating schema "flyway" to version "7 - activity rating read grants"
17:13:02.254 [main] INFO org.flywaydb.core.internal.command.DbMigrate -- Migrating schema "flyway" to version "8 - legacy overview projection"
17:13:02.316 [main] INFO org.flywaydb.core.internal.command.DbMigrate -- Migrating schema "flyway" to version "9 - immutable observations quality archive fence"
17:13:02.403 [main] INFO org.flywaydb.core.internal.command.DbMigrate -- Migrating schema "flyway" to version "10 - consistent public queries and formula guards"
17:13:02.431 [main] INFO org.flywaydb.core.internal.command.DbMigrate -- Migrating schema "flyway" to version "11 - bridge identity lineage and reconciliation"
17:13:02.455 [main] INFO org.flywaydb.core.internal.command.DbMigrate -- Migrating schema "flyway" to version "12 - detail history projection"
17:13:02.472 [main] INFO org.flywaydb.core.internal.command.DbMigrate -- Migrating schema "flyway" to version "13 - immutable account identity history"
17:13:02.481 [main] INFO org.flywaydb.core.internal.command.DbMigrate -- Migrating schema "flyway" to version "14 - public archived publication text"
17:13:02.500 [main] INFO org.flywaydb.core.internal.command.DbMigrate -- Migrating schema "flyway" to version "15 - verified source preservation"
17:13:02.520 [main] INFO org.flywaydb.core.internal.command.DbMigrate -- Migrating schema "flyway" to version "16 - audited catalog commands"
17:13:02.553 [main] INFO org.flywaydb.core.internal.command.DbMigrate -- Migrating schema "flyway" to version "17 - legacy csv compatibility projection"
17:13:02.589 [main] INFO org.flywaydb.core.internal.command.DbMigrate -- Migrating schema "flyway" to version "18 - official rating commands"
17:13:02.615 [main] INFO org.flywaydb.core.internal.command.DbMigrate -- Migrating schema "flyway" to version "19 - safe health operational snapshot"
17:13:02.630 [main] INFO org.flywaydb.core.internal.command.DbMigrate -- Migrating schema "flyway" to version "20 - catalog url and version compatibility"
17:13:02.648 [main] INFO org.flywaydb.core.internal.command.DbMigrate -- Migrating schema "flyway" to version "21 - legacy period first observation policy"
17:13:02.673 [main] INFO org.flywaydb.core.internal.command.DbMigrate -- Migrating schema "flyway" to version "22 - durable legacy csv archive facts"
17:13:02.714 [main] INFO org.flywaydb.core.internal.command.DbMigrate -- Migrating schema "flyway" to version "23 - official rating entity context"
17:13:02.731 [main] INFO org.flywaydb.core.internal.command.DbMigrate -- Migrating schema "flyway" to version "24 - ordered history reaction details"
17:13:02.748 [main] INFO org.flywaydb.core.internal.command.DbMigrate -- Migrating schema "flyway" to version "25 - safe legacy account presentation"
17:13:02.762 [main] INFO org.flywaydb.core.internal.command.DbMigrate -- Migrating schema "flyway" to version "26 - independent projection verifier reads"
17:13:02.772 [main] INFO org.flywaydb.core.internal.command.DbMigrate -- Migrating schema "flyway" to version "27 - retained disabled platform period metrics"
17:13:02.783 [main] INFO org.flywaydb.core.internal.command.DbMigrate -- Migrating schema "flyway" to version "28 - identity command receipt verifier acl"
17:13:02.791 [main] INFO org.flywaydb.core.internal.command.DbMigrate -- Migrating schema "flyway" to version "29 - monotonic native identity transitions"
17:13:02.800 [main] INFO org.flywaydb.core.internal.command.DbMigrate -- Successfully applied 29 migrations to schema "flyway", now at version v29 (execution time 00:00.654s)
17:13:06.013 [main] INFO org.springframework.mock.web.MockServletContext -- Initializing Spring TestDispatcherServlet ''
17:13:06.013 [main] INFO org.springframework.test.web.servlet.TestDispatcherServlet -- Initializing Servlet ''
17:13:06.013 [main] INFO org.springframework.test.web.servlet.TestDispatcherServlet -- Completed initialization in 0 ms
17:13:06.770 [main] INFO org.springframework.mock.web.MockServletContext -- Initializing Spring TestDispatcherServlet ''
17:13:06.770 [main] INFO org.springframework.test.web.servlet.TestDispatcherServlet -- Initializing Servlet ''
17:13:06.770 [main] INFO org.springframework.test.web.servlet.TestDispatcherServlet -- Completed initialization in 0 ms
17:13:07.044 [main] INFO org.flywaydb.core.FlywayExecutor -- Database: jdbc:postgresql://127.0.0.1:55443/mranked_csv_archive_8fdc7864a82c41268f5a53104637c32b_it (PostgreSQL 18.6)
17:13:07.052 [main] INFO org.flywaydb.core.internal.database.base.Schema -- Creating schema "flyway" ...
17:13:07.055 [main] INFO org.flywaydb.core.internal.schemahistory.JdbcTableSchemaHistory -- Creating Schema History table "flyway"."flyway_schema_history" ...
17:13:07.077 [main] INFO org.flywaydb.core.internal.command.DbMigrate -- Current version of schema "flyway": null
17:13:07.088 [main] INFO org.flywaydb.core.internal.command.DbMigrate -- Migrating schema "flyway" to version "1 - target baseline"
17:13:07.292 [main] INFO org.flywaydb.core.internal.sqlscript.DefaultSqlScriptExecutor -- +--------------------------------------------+
| ensure_publication_metric_partition        |
+--------------------------------------------+
| ingest.publication_metric_snapshot_2026_06 |
| ingest.publication_metric_snapshot_2026_07 |
| ingest.publication_metric_snapshot_2026_08 |
| ingest.publication_metric_snapshot_2026_09 |
| ingest.publication_metric_snapshot_2026_10 |
| ingest.publication_metric_snapshot_2026_11 |
+--------------------------------------------+

17:13:07.344 [main] INFO org.flywaydb.core.internal.command.DbMigrate -- Migrating schema "flyway" to version "2 - rebuild core projections"
17:13:07.367 [main] INFO org.flywaydb.core.internal.command.DbMigrate -- Migrating schema "flyway" to version "3 - collector observation times and identity grants"
17:13:07.406 [main] INFO org.flywaydb.core.internal.command.DbMigrate -- Migrating schema "flyway" to version "4 - admin collection run status grants"
17:13:07.419 [main] INFO org.flywaydb.core.internal.command.DbMigrate -- Migrating schema "flyway" to version "5 - legacy activity period projection"
17:13:07.434 [main] INFO org.flywaydb.core.internal.command.DbMigrate -- Migrating schema "flyway" to version "6 - comparison valid observation hourly projection"
17:13:07.466 [main] INFO org.flywaydb.core.internal.command.DbMigrate -- Migrating schema "flyway" to version "7 - activity rating read grants"
17:13:07.481 [main] INFO org.flywaydb.core.internal.command.DbMigrate -- Migrating schema "flyway" to version "8 - legacy overview projection"
17:13:07.534 [main] INFO org.flywaydb.core.internal.command.DbMigrate -- Migrating schema "flyway" to version "9 - immutable observations quality archive fence"
17:13:07.619 [main] INFO org.flywaydb.core.internal.command.DbMigrate -- Migrating schema "flyway" to version "10 - consistent public queries and formula guards"
17:13:07.657 [main] INFO org.flywaydb.core.internal.command.DbMigrate -- Migrating schema "flyway" to version "11 - bridge identity lineage and reconciliation"
17:13:07.686 [main] INFO org.flywaydb.core.internal.command.DbMigrate -- Migrating schema "flyway" to version "12 - detail history projection"
17:13:07.712 [main] INFO org.flywaydb.core.internal.command.DbMigrate -- Migrating schema "flyway" to version "13 - immutable account identity history"
17:13:07.739 [main] INFO org.flywaydb.core.internal.command.DbMigrate -- Migrating schema "flyway" to version "14 - public archived publication text"
17:13:07.766 [main] INFO org.flywaydb.core.internal.command.DbMigrate -- Migrating schema "flyway" to version "15 - verified source preservation"
17:13:07.792 [main] INFO org.flywaydb.core.internal.command.DbMigrate -- Migrating schema "flyway" to version "16 - audited catalog commands"
17:13:07.827 [main] INFO org.flywaydb.core.internal.command.DbMigrate -- Migrating schema "flyway" to version "17 - legacy csv compatibility projection"
17:13:07.863 [main] INFO org.flywaydb.core.internal.command.DbMigrate -- Migrating schema "flyway" to version "18 - official rating commands"
17:13:07.894 [main] INFO org.flywaydb.core.internal.command.DbMigrate -- Migrating schema "flyway" to version "19 - safe health operational snapshot"
17:13:07.920 [main] INFO org.flywaydb.core.internal.command.DbMigrate -- Migrating schema "flyway" to version "20 - catalog url and version compatibility"
17:13:07.947 [main] INFO org.flywaydb.core.internal.command.DbMigrate -- Migrating schema "flyway" to version "21 - legacy period first observation policy"
17:13:07.983 [main] INFO org.flywaydb.core.internal.command.DbMigrate -- Migrating schema "flyway" to version "22 - durable legacy csv archive facts"
17:13:08.034 [main] INFO org.flywaydb.core.internal.command.DbMigrate -- Migrating schema "flyway" to version "23 - official rating entity context"
17:13:08.052 [main] INFO org.flywaydb.core.internal.command.DbMigrate -- Migrating schema "flyway" to version "24 - ordered history reaction details"
17:13:08.070 [main] INFO org.flywaydb.core.internal.command.DbMigrate -- Migrating schema "flyway" to version "25 - safe legacy account presentation"
17:13:08.083 [main] INFO org.flywaydb.core.internal.command.DbMigrate -- Migrating schema "flyway" to version "26 - independent projection verifier reads"
17:13:08.092 [main] INFO org.flywaydb.core.internal.command.DbMigrate -- Migrating schema "flyway" to version "27 - retained disabled platform period metrics"
17:13:08.107 [main] INFO org.flywaydb.core.internal.command.DbMigrate -- Migrating schema "flyway" to version "28 - identity command receipt verifier acl"
17:13:08.120 [main] INFO org.flywaydb.core.internal.command.DbMigrate -- Migrating schema "flyway" to version "29 - monotonic native identity transitions"
17:13:08.137 [main] INFO org.flywaydb.core.internal.command.DbMigrate -- Successfully applied 29 migrations to schema "flyway", now at version v29 (execution time 00:00.702s)
17:13:14.150 [main] INFO org.springframework.mock.web.MockServletContext -- Initializing Spring TestDispatcherServlet ''
17:13:14.150 [main] INFO org.springframework.test.web.servlet.TestDispatcherServlet -- Initializing Servlet ''
17:13:14.150 [main] INFO org.springframework.test.web.servlet.TestDispatcherServlet -- Completed initialization in 0 ms
17:13:14.782 [main] INFO org.springframework.mock.web.MockServletContext -- Initializing Spring TestDispatcherServlet ''
17:13:14.782 [main] INFO org.springframework.test.web.servlet.TestDispatcherServlet -- Initializing Servlet ''
17:13:14.782 [main] INFO org.springframework.test.web.servlet.TestDispatcherServlet -- Completed initialization in 0 ms
17:13:15.006 [main] INFO org.flywaydb.core.FlywayExecutor -- Database: jdbc:postgresql://127.0.0.1:55443/mranked_csv_archive_a128dfaa0698478ebe44b32c4f263859_it (PostgreSQL 18.6)
17:13:15.016 [main] INFO org.flywaydb.core.internal.database.base.Schema -- Creating schema "flyway" ...
17:13:15.019 [main] INFO org.flywaydb.core.internal.schemahistory.JdbcTableSchemaHistory -- Creating Schema History table "flyway"."flyway_schema_history" ...
17:13:15.040 [main] INFO org.flywaydb.core.internal.command.DbMigrate -- Current version of schema "flyway": null
17:13:15.055 [main] INFO org.flywaydb.core.internal.command.DbMigrate -- Migrating schema "flyway" to version "1 - target baseline"
17:13:15.259 [main] INFO org.flywaydb.core.internal.sqlscript.DefaultSqlScriptExecutor -- +--------------------------------------------+
| ensure_publication_metric_partition        |
+--------------------------------------------+
| ingest.publication_metric_snapshot_2026_06 |
| ingest.publication_metric_snapshot_2026_07 |
| ingest.publication_metric_snapshot_2026_08 |
| ingest.publication_metric_snapshot_2026_09 |
| ingest.publication_metric_snapshot_2026_10 |
| ingest.publication_metric_snapshot_2026_11 |
+--------------------------------------------+

17:13:15.310 [main] INFO org.flywaydb.core.internal.command.DbMigrate -- Migrating schema "flyway" to version "2 - rebuild core projections"
17:13:15.331 [main] INFO org.flywaydb.core.internal.command.DbMigrate -- Migrating schema "flyway" to version "3 - collector observation times and identity grants"
17:13:15.360 [main] INFO org.flywaydb.core.internal.command.DbMigrate -- Migrating schema "flyway" to version "4 - admin collection run status grants"
17:13:15.370 [main] INFO org.flywaydb.core.internal.command.DbMigrate -- Migrating schema "flyway" to version "5 - legacy activity period projection"
17:13:15.387 [main] INFO org.flywaydb.core.internal.command.DbMigrate -- Migrating schema "flyway" to version "6 - comparison valid observation hourly projection"
17:13:15.407 [main] INFO org.flywaydb.core.internal.command.DbMigrate -- Migrating schema "flyway" to version "7 - activity rating read grants"
17:13:15.422 [main] INFO org.flywaydb.core.internal.command.DbMigrate -- Migrating schema "flyway" to version "8 - legacy overview projection"
17:13:15.467 [main] INFO org.flywaydb.core.internal.command.DbMigrate -- Migrating schema "flyway" to version "9 - immutable observations quality archive fence"
17:13:15.550 [main] INFO org.flywaydb.core.internal.command.DbMigrate -- Migrating schema "flyway" to version "10 - consistent public queries and formula guards"
17:13:15.577 [main] INFO org.flywaydb.core.internal.command.DbMigrate -- Migrating schema "flyway" to version "11 - bridge identity lineage and reconciliation"
17:13:15.598 [main] INFO org.flywaydb.core.internal.command.DbMigrate -- Migrating schema "flyway" to version "12 - detail history projection"
17:13:15.616 [main] INFO org.flywaydb.core.internal.command.DbMigrate -- Migrating schema "flyway" to version "13 - immutable account identity history"
17:13:15.627 [main] INFO org.flywaydb.core.internal.command.DbMigrate -- Migrating schema "flyway" to version "14 - public archived publication text"
17:13:15.646 [main] INFO org.flywaydb.core.internal.command.DbMigrate -- Migrating schema "flyway" to version "15 - verified source preservation"
17:13:15.664 [main] INFO org.flywaydb.core.internal.command.DbMigrate -- Migrating schema "flyway" to version "16 - audited catalog commands"
17:13:15.701 [main] INFO org.flywaydb.core.internal.command.DbMigrate -- Migrating schema "flyway" to version "17 - legacy csv compatibility projection"
17:13:15.735 [main] INFO org.flywaydb.core.internal.command.DbMigrate -- Migrating schema "flyway" to version "18 - official rating commands"
17:13:15.766 [main] INFO org.flywaydb.core.internal.command.DbMigrate -- Migrating schema "flyway" to version "19 - safe health operational snapshot"
17:13:15.779 [main] INFO org.flywaydb.core.internal.command.DbMigrate -- Migrating schema "flyway" to version "20 - catalog url and version compatibility"
17:13:15.795 [main] INFO org.flywaydb.core.internal.command.DbMigrate -- Migrating schema "flyway" to version "21 - legacy period first observation policy"
17:13:15.820 [main] INFO org.flywaydb.core.internal.command.DbMigrate -- Successfully applied 21 migrations to schema "flyway", now at version v21 (execution time 00:00.560s)
17:13:18.987 [main] INFO org.springframework.mock.web.MockServletContext -- Initializing Spring TestDispatcherServlet ''
17:13:18.987 [main] INFO org.springframework.test.web.servlet.TestDispatcherServlet -- Initializing Servlet ''
17:13:18.987 [main] INFO org.springframework.test.web.servlet.TestDispatcherServlet -- Completed initialization in 0 ms
17:13:19.631 [main] INFO org.flywaydb.core.FlywayExecutor -- Database: jdbc:postgresql://127.0.0.1:55443/mranked_csv_archive_a128dfaa0698478ebe44b32c4f263859_it (PostgreSQL 18.6)
17:13:19.644 [main] INFO org.flywaydb.core.internal.command.DbValidate -- Successfully validated 30 migrations (execution time 00:00.005s)
17:13:19.658 [main] INFO org.flywaydb.core.internal.command.DbMigrate -- Current version of schema "flyway": 21
17:13:19.662 [main] INFO org.flywaydb.core.internal.command.DbMigrate -- Migrating schema "flyway" to version "22 - durable legacy csv archive facts"
17:13:19.704 [main] INFO org.flywaydb.core.internal.sqlscript.DefaultSqlScriptExecutor -- DB: schema "pg_temp" does not exist, skipping
17:13:19.704 [main] INFO org.flywaydb.core.internal.sqlscript.DefaultSqlScriptExecutor -- DB: table "mranked_csv_publication" does not exist, skipping
17:13:19.704 [main] INFO org.flywaydb.core.internal.sqlscript.DefaultSqlScriptExecutor -- DB: table "mranked_csv_snapshot" does not exist, skipping
17:13:19.718 [main] INFO org.flywaydb.core.internal.command.DbMigrate -- Migrating schema "flyway" to version "23 - official rating entity context"
17:13:19.775 [main] INFO org.flywaydb.core.internal.sqlscript.DefaultSqlScriptExecutor -- DB: table "mranked_projection_snapshot" does not exist, skipping
17:13:19.775 [main] INFO org.flywaydb.core.internal.sqlscript.DefaultSqlScriptExecutor -- DB: table "mranked_csv_lexeme" does not exist, skipping
17:13:19.775 [main] INFO org.flywaydb.core.internal.sqlscript.DefaultSqlScriptExecutor -- DB: table "mranked_csv_publication" does not exist, skipping
17:13:19.775 [main] INFO org.flywaydb.core.internal.sqlscript.DefaultSqlScriptExecutor -- DB: table "mranked_csv_snapshot" does not exist, skipping
17:13:19.789 [main] INFO org.flywaydb.core.internal.command.DbMigrate -- Migrating schema "flyway" to version "24 - ordered history reaction details"
17:13:19.810 [main] INFO org.flywaydb.core.internal.command.DbMigrate -- Migrating schema "flyway" to version "25 - safe legacy account presentation"
17:13:19.824 [main] INFO org.flywaydb.core.internal.command.DbMigrate -- Migrating schema "flyway" to version "26 - independent projection verifier reads"
17:13:19.833 [main] INFO org.flywaydb.core.internal.command.DbMigrate -- Migrating schema "flyway" to version "27 - retained disabled platform period metrics"
17:13:19.875 [main] INFO org.flywaydb.core.internal.sqlscript.DefaultSqlScriptExecutor -- DB: table "mranked_projection_snapshot" does not exist, skipping
17:13:19.875 [main] INFO org.flywaydb.core.internal.sqlscript.DefaultSqlScriptExecutor -- DB: table "mranked_csv_lexeme" does not exist, skipping
17:13:19.875 [main] INFO org.flywaydb.core.internal.sqlscript.DefaultSqlScriptExecutor -- DB: table "mranked_csv_publication" does not exist, skipping
17:13:19.875 [main] INFO org.flywaydb.core.internal.sqlscript.DefaultSqlScriptExecutor -- DB: table "mranked_csv_snapshot" does not exist, skipping
17:13:19.886 [main] INFO org.flywaydb.core.internal.command.DbMigrate -- Migrating schema "flyway" to version "28 - identity command receipt verifier acl"
17:13:19.896 [main] INFO org.flywaydb.core.internal.command.DbMigrate -- Migrating schema "flyway" to version "29 - monotonic native identity transitions"
17:13:19.905 [main] INFO org.flywaydb.core.internal.command.DbMigrate -- Successfully applied 8 migrations to schema "flyway", now at version v29 (execution time 00:00.175s)
17:13:19.910 [main] INFO org.springframework.mock.web.MockServletContext -- Initializing Spring TestDispatcherServlet ''
17:13:19.910 [main] INFO org.springframework.test.web.servlet.TestDispatcherServlet -- Initializing Servlet ''
17:13:19.910 [main] INFO org.springframework.test.web.servlet.TestDispatcherServlet -- Completed initialization in 0 ms
17:13:20.292 [main] INFO org.springframework.mock.web.MockServletContext -- Initializing Spring TestDispatcherServlet ''
17:13:20.292 [main] INFO org.springframework.test.web.servlet.TestDispatcherServlet -- Initializing Servlet ''
17:13:20.292 [main] INFO org.springframework.test.web.servlet.TestDispatcherServlet -- Completed initialization in 0 ms
[INFO] Tests run: 3, Failures: 0, Errors: 0, Skipped: 0, Time elapsed: 18.79 s -- in org.mranked.legacyexport.infrastructure.LegacyCsvArchivePostgresIntegrationTest
[INFO] Running org.mranked.ArchitectureTest
17:13:20.531 [main] INFO com.tngtech.archunit.core.PluginLoader -- Detected Java version 21
[INFO] Tests run: 5, Failures: 0, Errors: 0, Skipped: 0, Time elapsed: 1.908 s -- in org.mranked.ArchitectureTest
[INFO] 
[INFO] Results:
[INFO] 
[INFO] Tests run: 224, Failures: 0, Errors: 0, Skipped: 4
[INFO] 
[INFO] ------------------------------------------------------------------------
[INFO] BUILD SUCCESS
[INFO] ------------------------------------------------------------------------
[INFO] Total time:  02:35 min
[INFO] Finished at: 2026-09-06T17:13:22+03:00
[INFO] ------------------------------------------------------------------------
