card_id,observed_at,age_seconds,views_count,reactions_count,comments_count,shares_count,views_quality,reactions_quality,comments_quality,shares_quality,interval_uncertain,synthetic,corrected
B01-001,2026-09-11 07:06:23.857952+00,93,31,7,,,exact,exact,unknown,unknown,f,f,0
B01-001,2026-09-11 07:12:40.858558+00,470,88,18,,,exact,exact,unknown,unknown,f,f,0
B01-001,2026-09-11 07:19:03.663081+00,852,110,26,,,exact,exact,unknown,unknown,f,f,0
B01-001,2026-09-11 07:25:11.66448+00,1220,136,30,,,exact,exact,unknown,unknown,f,f,0
B01-001,2026-09-11 07:31:27.490936+00,1596,149,34,,,exact,exact,unknown,unknown,f,f,0
B01-001,2026-09-11 07:37:50.60751+00,1979,163,37,,,exact,exact,unknown,unknown,f,f,0
B01-001,2026-09-11 07:44:12.332621+00,2361,185,41,,,exact,exact,unknown,unknown,f,f,0
B01-001,2026-09-11 07:50:17.016827+00,2726,200,43,,,exact,exact,unknown,unknown,f,f,0
B01-001,2026-09-11 07:56:31.143808+00,3100,212,46,,,exact,exact,unknown,unknown,f,f,0
B01-001,2026-09-11 08:03:09.926193+00,3499,221,46,,,exact,exact,unknown,unknown,f,f,0
B01-001,2026-09-11 08:09:48.937527+00,3898,230,47,,,exact,exact,unknown,unknown,f,f,0
B01-001,2026-09-11 08:16:13.556345+00,4282,241,48,,,exact,exact,unknown,unknown,f,f,0
B01-001,2026-09-11 08:22:29.235483+00,4658,248,50,,,exact,exact,unknown,unknown,f,f,0
B01-001,2026-09-11 08:29:06.029023+00,5055,256,52,,,exact,exact,unknown,unknown,f,f,0
B01-001,2026-09-11 08:36:09.040544+00,5478,260,52,,,exact,exact,unknown,unknown,f,f,0
B01-001,2026-09-11 08:42:49.15811+00,5878,265,53,,,exact,exact,unknown,unknown,f,f,0
B01-001,2026-09-11 08:49:12.037203+00,6261,269,54,,,exact,exact,unknown,unknown,f,f,0
B01-001,2026-09-11 08:55:37.006074+00,6646,272,54,,,exact,exact,unknown,unknown,f,f,0
B01-001,2026-09-11 09:02:22.888169+00,7052,276,55,,,exact,exact,unknown,unknown,f,f,0
B01-001,2026-09-11 09:09:27.353058+00,7476,282,56,,,exact,exact,unknown,unknown,f,f,0
B01-001,2026-09-11 09:16:17.102754+00,7886,290,57,,,exact,exact,unknown,unknown,f,f,0
B01-001,2026-09-11 09:29:15.225793+00,8664,298,58,,,exact,exact,unknown,unknown,f,f,0
B01-001,2026-09-11 09:36:02.488875+00,9071,301,58,,,exact,exact,unknown,unknown,f,f,0
B01-001,2026-09-11 09:42:51.628116+00,9480,303,58,,,exact,exact,unknown,unknown,f,f,0
B01-001,2026-09-11 09:49:33.152764+00,9882,305,59,,,exact,exact,unknown,unknown,f,f,0
B01-001,2026-09-11 10:07:39.471277+00,10968,310,61,,,exact,exact,unknown,unknown,f,f,0
B01-001,2026-09-11 10:27:47.464665+00,12176,314,61,,,exact,exact,unknown,unknown,f,f,0
B01-001,2026-09-11 10:34:48.974179+00,12598,317,62,,,exact,exact,unknown,unknown,f,f,0
B01-001,2026-09-11 10:41:24.569197+00,12993,320,62,,,exact,exact,unknown,unknown,f,f,0
B01-001,2026-09-11 10:47:45.183518+00,13374,321,62,,,exact,exact,unknown,unknown,f,f,0
B01-001,2026-09-11 10:54:11.857405+00,13761,322,62,,,exact,exact,unknown,unknown,f,f,0
B01-001,2026-09-11 11:00:55.276414+00,14164,327,63,,,exact,exact,unknown,unknown,f,f,0
B01-001,2026-09-11 11:07:30.273312+00,14559,331,63,,,exact,exact,unknown,unknown,f,f,0
B01-001,2026-09-11 11:14:03.110945+00,14952,334,63,,,exact,exact,unknown,unknown,f,f,0
B01-001,2026-09-11 11:20:20.172722+00,15329,335,64,,,exact,exact,unknown,unknown,f,f,0
B01-001,2026-09-11 11:26:51.775751+00,15721,336,65,,,exact,exact,unknown,unknown,f,f,0
B01-001,2026-09-11 11:33:24.901201+00,16114,338,65,,,exact,exact,unknown,unknown,f,f,0
B01-001,2026-09-11 11:46:20.496549+00,16889,339,65,,,exact,exact,unknown,unknown,f,f,0
B01-001,2026-09-11 11:52:45.837944+00,17275,340,65,,,exact,exact,unknown,unknown,f,f,0
B01-001,2026-09-11 11:59:18.151854+00,17667,345,66,,,exact,exact,unknown,unknown,f,f,0
B01-001,2026-09-11 12:05:51.494535+00,18060,347,66,,,exact,exact,unknown,unknown,f,f,0
B01-001,2026-09-11 12:18:53.260721+00,18842,349,66,,,exact,exact,unknown,unknown,f,f,0
B01-001,2026-09-11 12:47:24.636474+00,20553,350,66,,,exact,exact,unknown,unknown,f,f,0
B01-001,2026-09-11 13:00:49.294251+00,21358,352,66,,,exact,exact,unknown,unknown,f,f,0
B01-001,2026-09-11 13:07:46.54619+00,21775,355,67,,,exact,exact,unknown,unknown,f,f,0
B01-001,2026-09-11 13:21:10.83357+00,22580,356,68,,,exact,exact,unknown,unknown,f,f,0
B01-001,2026-09-11 13:53:36.205476+00,24525,357,68,,,exact,exact,unknown,unknown,f,f,0
B01-001,2026-09-11 14:07:53.491265+00,25382,362,68,,,exact,exact,unknown,unknown,f,f,0
B01-001,2026-09-11 14:15:14.966327+00,25824,364,69,,,exact,exact,unknown,unknown,f,f,0
B01-001,2026-09-11 14:22:17.388702+00,26246,366,69,,,exact,exact,unknown,unknown,f,f,0
B01-001,2026-09-11 14:28:42.991716+00,26632,367,69,,,exact,exact,unknown,unknown,f,f,0
B01-001,2026-09-11 14:35:19.164602+00,27028,369,69,,,exact,exact,unknown,unknown,f,f,0
B01-001,2026-09-11 14:42:23.626895+00,27452,372,69,,,exact,exact,unknown,unknown,f,f,0
B01-001,2026-09-11 14:48:56.84687+00,27846,374,69,,,exact,exact,unknown,unknown,f,f,0
B01-001,2026-09-11 14:55:24.004307+00,28233,376,69,,,exact,exact,unknown,unknown,f,f,0
B01-001,2026-09-11 15:21:38.829731+00,29808,376,70,,,exact,exact,unknown,unknown,f,f,0
B01-001,2026-09-11 15:41:01.923532+00,30971,377,70,,,exact,exact,unknown,unknown,f,f,0
B01-001,2026-09-11 15:47:35.154345+00,31364,379,70,,,exact,exact,unknown,unknown,f,f,0
B01-001,2026-09-11 16:07:16.540997+00,32545,380,70,,,exact,exact,unknown,unknown,f,f,0
B01-001,2026-09-11 16:13:57.207358+00,32946,382,70,,,exact,exact,unknown,unknown,f,f,0
B01-001,2026-09-11 17:00:02.340818+00,35711,383,70,,,exact,exact,unknown,unknown,f,f,0
B01-001,2026-09-11 17:31:33.496571+00,37602,385,70,,,exact,exact,unknown,unknown,f,f,0
B01-001,2026-09-11 17:38:09.775144+00,37999,386,70,,,exact,exact,unknown,unknown,f,f,0
B01-001,2026-09-11 17:44:21.653387+00,38370,386,71,,,exact,exact,unknown,unknown,f,f,0
B01-001,2026-09-11 18:09:58.621257+00,39907,388,71,,,exact,exact,unknown,unknown,f,f,0
B01-001,2026-09-11 18:29:14.800217+00,41064,389,71,,,exact,exact,unknown,unknown,f,f,0
B01-001,2026-09-11 19:04:47.579218+00,43196,390,71,,,exact,exact,unknown,unknown,f,f,0
B01-001,2026-09-11 19:12:47.072497+00,43676,392,71,,,exact,exact,unknown,unknown,f,f,0
B01-001,2026-09-11 19:35:51.867537+00,45061,393,72,,,exact,exact,unknown,unknown,f,f,0
B01-001,2026-09-11 19:43:11.408108+00,45500,395,72,,,exact,exact,unknown,unknown,f,f,0
B01-001,2026-09-11 20:49:12.717745+00,49462,396,72,,,exact,exact,unknown,unknown,f,f,0
B01-001,2026-09-11 21:02:44.895367+00,50274,398,72,,,exact,exact,unknown,unknown,f,f,0
B01-001,2026-09-11 21:10:16.610038+00,50725,399,72,,,exact,exact,unknown,unknown,f,f,0
B01-001,2026-09-11 22:01:56.709274+00,53825,401,72,,,exact,exact,unknown,unknown,f,f,0
B01-001,2026-09-12 02:07:28.940431+00,68558,402,72,,,exact,exact,unknown,unknown,f,f,0
B01-001,2026-09-12 03:06:18.621279+00,72087,404,72,,,exact,exact,unknown,unknown,f,f,0
B01-001,2026-09-12 04:06:19.922148+00,75689,405,72,,,exact,exact,unknown,unknown,f,f,0
B01-001,2026-09-12 04:26:34.244525+00,76903,408,72,,,exact,exact,unknown,unknown,f,f,0
B01-001,2026-09-12 04:54:13.826162+00,78563,410,72,,,exact,exact,unknown,unknown,f,f,0
B01-001,2026-09-12 05:09:41.113486+00,79490,413,72,,,exact,exact,unknown,unknown,f,f,0
B01-001,2026-09-12 05:26:07.156997+00,80476,414,72,,,exact,exact,unknown,unknown,f,f,0
B01-001,2026-09-12 06:12:05.988828+00,83235,416,72,,,exact,exact,unknown,unknown,f,f,0
B01-001,2026-09-12 06:19:31.397041+00,83680,417,72,,,exact,exact,unknown,unknown,f,f,0
B01-001,2026-09-12 06:41:34.363897+00,85003,419,72,,,exact,exact,unknown,unknown,f,f,0
B01-001,2026-09-12 07:23:59.115756+00,87548,421,72,,,exact,exact,unknown,unknown,f,f,0
B01-001,2026-09-12 07:54:43.88147+00,89393,422,72,,,exact,exact,unknown,unknown,f,f,0
B01-001,2026-09-12 08:29:41.727999+00,91491,423,72,,,exact,exact,unknown,unknown,f,f,0
B01-001,2026-09-12 08:49:07.746665+00,92657,424,72,,,exact,exact,unknown,unknown,f,f,0
B01-001,2026-09-12 10:17:32.881668+00,97962,425,72,,,exact,exact,unknown,unknown,f,f,0
B01-001,2026-09-12 10:31:02.639148+00,98771,426,72,,,exact,exact,unknown,unknown,f,f,0
B01-001,2026-09-12 10:50:25.127272+00,99934,427,72,,,exact,exact,unknown,unknown,f,f,0
B01-001,2026-09-12 11:48:04.810908+00,103394,428,72,,,exact,exact,unknown,unknown,f,f,0
B01-001,2026-09-12 12:58:26.29774+00,107615,429,72,,,exact,exact,unknown,unknown,f,f,0
B01-001,2026-09-12 13:58:54.253976+00,111243,430,72,,,exact,exact,unknown,unknown,f,f,0
B01-001,2026-09-12 15:45:00.814937+00,117610,431,73,,,exact,exact,unknown,unknown,f,f,0
B01-001,2026-09-12 15:57:49.400123+00,118378,432,73,,,exact,exact,unknown,unknown,f,f,0
B01-001,2026-09-12 16:03:59.203875+00,118748,433,73,,,exact,exact,unknown,unknown,f,f,0
B01-001,2026-09-12 16:29:39.330194+00,120288,435,73,,,exact,exact,unknown,unknown,f,f,1
B01-001,2026-09-12 17:09:21.665463+00,122670,436,74,,,exact,exact,unknown,unknown,f,f,0
B01-001,2026-09-12 19:15:23.781601+00,130233,437,74,,,exact,exact,unknown,unknown,f,f,0
B01-001,2026-09-12 19:27:54.527922+00,130983,438,74,,,exact,exact,unknown,unknown,f,f,0
B01-001,2026-09-12 20:31:58.696911+00,134827,439,74,,,exact,exact,unknown,unknown,f,f,0
B01-001,2026-09-13 02:27:24.512549+00,156153,440,74,,,exact,exact,unknown,unknown,f,f,0
B01-001,2026-09-13 06:14:00.69546+00,169749,442,74,,,exact,exact,unknown,unknown,f,f,0
B01-001,2026-09-13 07:11:37.141177+00,173206,445,74,,,exact,exact,unknown,unknown,f,f,1
B01-001,2026-09-13 07:44:01.59339+00,175150,447,74,,,exact,exact,unknown,unknown,f,f,0
B01-001,2026-09-13 07:57:11.352006+00,175940,448,74,,,exact,exact,unknown,unknown,f,f,0
B01-001,2026-09-13 08:17:19.13051+00,177148,449,74,,,exact,exact,unknown,unknown,f,f,0
B01-001,2026-09-13 09:18:57.635586+00,180846,450,74,,,exact,exact,unknown,unknown,f,f,0
B01-001,2026-09-13 10:03:58.380967+00,183547,451,74,,,exact,exact,unknown,unknown,f,f,0
B01-001,2026-09-13 11:48:27.600046+00,189816,452,74,,,exact,exact,unknown,unknown,f,f,0
B01-001,2026-09-13 12:03:13.89306+00,190703,453,75,,,exact,exact,unknown,unknown,f,f,0
B01-001,2026-09-13 13:17:30.946057+00,195160,454,75,,,exact,exact,unknown,unknown,f,f,0
B01-001,2026-09-13 13:56:14.668258+00,197483,455,75,,,exact,exact,unknown,unknown,f,f,0
B01-001,2026-09-13 14:41:50.102235+00,200219,456,75,,,exact,exact,unknown,unknown,f,f,0
B01-001,2026-09-13 14:55:19.750816+00,201029,457,75,,,exact,exact,unknown,unknown,f,f,0
B01-001,2026-09-13 15:24:44.626002+00,202793,458,75,,,exact,exact,unknown,unknown,f,f,0
B01-001,2026-09-13 16:20:31.438488+00,206140,459,75,,,exact,exact,unknown,unknown,f,f,0
B01-001,2026-09-13 16:46:22.328627+00,207691,460,75,,,exact,exact,unknown,unknown,f,f,0
B01-001,2026-09-13 18:24:49.110113+00,213598,461,75,,,exact,exact,unknown,unknown,f,f,0
B01-001,2026-09-13 18:53:47.921374+00,215337,462,75,,,exact,exact,unknown,unknown,f,f,0
B01-001,2026-09-13 19:07:53.627335+00,216182,464,75,,,exact,exact,unknown,unknown,f,f,0
B01-001,2026-09-13 19:54:58.865218+00,219008,465,75,,,exact,exact,unknown,unknown,f,f,0
B01-001,2026-09-13 20:16:59.897739+00,220329,466,75,,,exact,exact,unknown,unknown,f,f,0
B01-001,2026-09-13 20:58:49.733021+00,222839,467,75,,,exact,exact,unknown,unknown,f,f,0
B01-001,2026-09-14 03:39:55.387916+00,246904,468,75,,,exact,exact,unknown,unknown,f,f,0
B01-001,2026-09-14 05:26:53.23208+00,253322,469,75,,,exact,exact,unknown,unknown,f,f,0
B01-001,2026-09-14 05:41:02.631358+00,254171,470,76,,,exact,exact,unknown,unknown,f,f,0
B01-001,2026-09-14 06:11:40.814267+00,256010,471,76,,,exact,exact,unknown,unknown,f,f,0
B01-001,2026-09-14 06:42:41.388262+00,257870,472,76,,,exact,exact,unknown,unknown,f,f,0
B01-001,2026-09-14 07:07:24.629487+00,259353,473,76,,,exact,exact,unknown,unknown,f,f,0
B01-001,2026-09-14 07:53:22.06123+00,262111,477,76,,,exact,exact,unknown,unknown,f,f,1
B01-001,2026-09-14 08:08:07.375677+00,262996,478,76,,,exact,exact,unknown,unknown,f,f,0
B01-001,2026-09-14 08:44:07.053872+00,265156,480,77,,,exact,exact,unknown,unknown,f,f,1
B01-001,2026-09-14 09:13:00.089775+00,266889,482,78,,,exact,exact,unknown,unknown,f,f,1
B01-001,2026-09-14 10:15:09.874043+00,270619,483,78,,,exact,exact,unknown,unknown,f,f,0
B01-001,2026-09-14 11:25:16.889797+00,274826,486,79,,,exact,exact,unknown,unknown,f,f,1
B01-001,2026-09-14 11:32:33.197692+00,275262,487,79,,,exact,exact,unknown,unknown,f,f,0
B01-001,2026-09-14 12:53:16.895691+00,280106,489,79,,,exact,exact,unknown,unknown,f,f,0
B01-001,2026-09-14 14:27:44.03209+00,285773,491,79,,,exact,exact,unknown,unknown,f,f,1
B01-001,2026-09-14 14:58:00.959592+00,287590,492,79,,,exact,exact,unknown,unknown,f,f,0
B01-001,2026-09-14 15:17:50.479833+00,288779,494,79,,,exact,exact,unknown,unknown,f,f,1
B01-001,2026-09-14 18:00:52.843774+00,298562,495,80,,,exact,exact,unknown,unknown,f,f,0
B01-001,2026-09-14 18:45:46.180837+00,301255,496,80,,,exact,exact,unknown,unknown,f,f,0
B01-001,2026-09-15 04:50:43.998611+00,337553,497,80,,,exact,exact,unknown,unknown,f,f,0
B01-001,2026-09-15 05:35:47.666854+00,340256,498,80,,,exact,exact,unknown,unknown,f,f,0
B01-001,2026-09-15 06:55:42.224839+00,345051,499,80,,,exact,exact,unknown,unknown,f,f,0
B01-001,2026-09-15 07:20:46.293789+00,346555,501,80,,,exact,exact,unknown,unknown,f,f,1
B01-001,2026-09-15 12:05:56.976366+00,363666,503,80,,,exact,exact,unknown,unknown,f,f,0
B01-001,2026-09-15 13:40:49.252676+00,369358,504,80,,,exact,exact,unknown,unknown,f,f,0
B01-001,2026-09-15 15:15:40.909663+00,375050,506,80,,,exact,exact,unknown,unknown,f,f,1
B01-001,2026-09-15 16:05:50.090057+00,378059,508,80,,,exact,exact,unknown,unknown,f,f,0
B01-001,2026-09-15 17:45:57.504906+00,384066,509,80,,,exact,exact,unknown,unknown,f,f,0
B01-001,2026-09-15 21:15:47.293408+00,396656,510,80,,,exact,exact,unknown,unknown,f,f,0
B01-001,2026-09-16 13:10:33.536655+00,453942,517,80,,,exact,exact,unknown,unknown,f,f,0
B01-001,2026-09-16 21:27:17.0414+00,483746,520,80,,,exact,exact,unknown,unknown,f,f,0
B01-001,2026-09-17 06:21:00.089786+00,515769,521,80,,,exact,exact,unknown,unknown,f,f,0
B01-001,2026-09-17 07:26:33.479519+00,519702,523,80,,,exact,exact,unknown,unknown,f,f,0
B01-001,2026-09-17 08:31:04.331142+00,523573,525,81,,,exact,exact,unknown,unknown,f,f,1
B01-001,2026-09-17 12:50:35.4537+00,539144,526,81,,,exact,exact,unknown,unknown,f,f,0
B01-001,2026-09-17 13:15:42.338722+00,540651,527,81,,,exact,exact,unknown,unknown,f,f,0
B01-001,2026-09-17 15:20:41.046097+00,548150,528,81,,,exact,exact,unknown,unknown,f,f,0
B01-001,2026-09-17 18:00:38.653272+00,557747,531,81,,,exact,exact,unknown,unknown,f,f,0
B01-001,2026-09-17 21:55:40.211395+00,571849,532,81,,,exact,exact,unknown,unknown,f,f,0
B01-001,2026-09-18 05:55:49.347014+00,600658,533,81,,,exact,exact,unknown,unknown,f,f,0
B01-001,2026-09-18 07:10:53.678092+00,605162,535,81,,,exact,exact,unknown,unknown,f,f,0
B01-001,2026-09-18 08:40:49.993874+00,610559,536,81,,,exact,exact,unknown,unknown,f,f,0
B01-001,2026-09-18 13:26:15.755488+00,627685,537,81,,,exact,exact,unknown,unknown,f,f,0
B01-001,2026-09-18 17:11:06.467117+00,641175,538,81,,,exact,exact,unknown,unknown,f,f,0
B01-001,2026-09-18 18:30:57.590529+00,645966,541,81,,,exact,exact,unknown,unknown,f,f,1
B01-001,2026-09-19 00:35:34.856578+00,667844,542,81,,,exact,exact,unknown,unknown,f,f,0
B01-001,2026-09-19 04:35:36.670837+00,682245,543,81,,,exact,exact,unknown,unknown,f,f,0
B01-001,2026-09-19 07:05:44.130287+00,691253,544,81,,,exact,exact,unknown,unknown,f,f,0
B01-001,2026-09-19 11:50:39.908289+00,708349,545,81,,,exact,exact,unknown,unknown,f,f,0
B01-001,2026-09-19 15:15:40.466613+00,720649,546,81,,,exact,exact,unknown,unknown,f,f,0
B01-001,2026-09-19 18:40:36.235733+00,732945,548,81,,,exact,exact,unknown,unknown,f,f,1
B01-001,2026-09-19 21:40:37.831882+00,743747,550,81,,,exact,exact,unknown,unknown,f,f,0
B01-001,2026-09-20 07:05:47.244147+00,777656,551,81,,,exact,exact,unknown,unknown,f,f,0
B01-001,2026-09-20 09:05:51.07269+00,784860,552,81,,,exact,exact,unknown,unknown,f,f,0
B01-001,2026-09-20 11:25:59.714277+00,793269,553,81,,,exact,exact,unknown,unknown,f,f,0
B01-001,2026-09-20 14:45:41.69077+00,805250,554,81,,,exact,exact,unknown,unknown,f,f,0
B01-001,2026-09-20 20:45:39.542045+00,826848,556,81,,,exact,exact,unknown,unknown,f,f,1
B01-001,2026-09-20 23:55:37.495739+00,838246,558,81,,,exact,exact,unknown,unknown,f,f,0
B01-001,2026-09-21 05:39:47.150651+00,858896,560,81,,,exact,exact,unknown,unknown,f,f,1
B01-001,2026-09-21 06:39:46.663023+00,862495,561,81,,,exact,exact,unknown,unknown,f,f,0
B01-001,2026-09-21 08:02:14.83554+00,867444,563,81,,,exact,exact,unknown,unknown,f,f,1
B01-001,2026-09-21 09:13:30.592966+00,871719,564,81,,,exact,exact,unknown,unknown,f,f,0
B01-001,2026-09-21 11:43:26.780914+00,880716,565,81,,,exact,exact,unknown,unknown,f,f,0
B01-001,2026-09-21 16:00:00.021872+00,896109,566,81,,,exact,exact,unknown,unknown,f,f,0
B01-001,2026-09-21 20:42:02.699168+00,913031,567,81,,,exact,exact,unknown,unknown,f,f,0
B01-001,2026-09-22 01:41:34.100557+00,931003,569,81,,,exact,exact,unknown,unknown,f,f,0
B01-001,2026-09-22 07:06:49.525728+00,950518,570,81,,,exact,exact,unknown,unknown,f,f,0
B01-001,2026-09-22 08:17:24.538866+00,954753,571,81,,,exact,exact,unknown,unknown,f,f,0
B01-001,2026-09-22 14:11:42.516683+00,976011,572,81,,,exact,exact,unknown,unknown,f,f,0
B01-001,2026-09-23 07:10:49.710165+00,1037158,574,81,,,exact,exact,unknown,unknown,f,f,0
B01-001,2026-09-24 07:05:55.647583+00,1123264,575,81,,,exact,exact,unknown,unknown,f,f,0
B01-001,2026-09-24 08:45:52.562037+00,1129261,577,81,,,exact,exact,unknown,unknown,f,f,1
B01-001,2026-09-24 12:30:57.244732+00,1142766,578,81,,,exact,exact,unknown,unknown,f,f,0
B01-001,2026-09-25 07:10:55.418218+00,1209964,579,81,,,exact,exact,unknown,unknown,f,f,0
B01-001,2026-09-25 10:25:57.224094+00,1221666,581,81,,,exact,exact,unknown,unknown,f,f,0
B01-002,2026-09-15 23:57:51.918874+00,389342,173,2,0,,exact,exact,exact,unknown,f,f,0
B01-002,2026-09-16 23:59:12.506807+00,475823,173,2,0,,exact,exact,exact,unknown,f,f,0
B01-002,2026-09-18 00:24:03.301044+00,563714,173,2,0,,exact,exact,exact,unknown,f,f,0
B01-002,2026-09-19 00:24:56.446924+00,650167,173,2,0,,exact,exact,exact,unknown,f,f,0
B01-002,2026-09-20 01:23:22.200255+00,740073,173,2,0,,exact,exact,exact,unknown,f,f,0
B01-002,2026-09-21 01:23:24.966302+00,826475,173,2,0,,exact,exact,exact,unknown,f,f,0
B01-002,2026-09-22 01:23:35.14377+00,912886,173,2,0,,exact,exact,exact,unknown,f,f,0
B01-002,2026-09-23 01:23:48.595437+00,999299,173,2,0,,exact,exact,exact,unknown,f,f,0
B01-002,2026-09-24 02:23:39.711075+00,1089290,173,2,0,,exact,exact,exact,unknown,f,f,0
B01-002,2026-09-25 02:24:46.454155+00,1175757,173,2,0,,exact,exact,exact,unknown,f,f,0
B01-003,2026-09-15 23:57:51.918874+00,721945,18,2,0,,exact,exact,exact,unknown,f,f,0
B01-003,2026-09-16 23:59:12.506807+00,808426,18,2,0,,exact,exact,exact,unknown,f,f,0
B01-003,2026-09-18 00:24:03.301044+00,896317,18,2,0,,exact,exact,exact,unknown,f,f,0
B01-003,2026-09-19 00:24:56.446924+00,982770,18,2,0,,exact,exact,exact,unknown,f,f,0
B01-003,2026-09-20 01:23:22.200255+00,1072676,18,2,0,,exact,exact,exact,unknown,f,f,0
B01-003,2026-09-21 01:23:24.966302+00,1159078,18,2,0,,exact,exact,exact,unknown,f,f,0
B01-003,2026-09-22 01:23:35.14377+00,1245489,18,2,0,,exact,exact,exact,unknown,f,f,0
B01-003,2026-09-23 01:23:48.595437+00,1331902,18,2,0,,exact,exact,exact,unknown,f,f,0
B01-003,2026-09-24 02:23:39.711075+00,1421893,18,2,0,,exact,exact,exact,unknown,f,f,0
B01-003,2026-09-25 02:24:46.454155+00,1508360,18,2,0,,exact,exact,exact,unknown,f,f,0
B01-004,2026-09-15 23:45:32.828992+00,575131,1730,15,0,3,exact,exact,exact,exact,f,f,0
B01-004,2026-09-16 04:20:40.881133+00,591639,1733,15,0,3,exact,exact,exact,exact,f,f,0
B01-004,2026-09-16 04:55:46.853156+00,593745,1736,15,0,3,exact,exact,exact,exact,f,f,1
B01-004,2026-09-16 05:40:50.126726+00,596449,1737,15,0,3,exact,exact,exact,exact,f,f,0
B01-004,2026-09-16 06:15:49.014833+00,598548,1738,15,0,3,exact,exact,exact,exact,f,f,0
B01-004,2026-09-16 06:55:43.869386+00,600942,1742,15,0,3,exact,exact,exact,exact,f,f,0
B01-004,2026-09-16 07:30:45.366981+00,603044,1747,16,0,3,exact,exact,exact,exact,f,f,1
B01-004,2026-09-16 08:20:48.656507+00,606047,1748,16,0,3,exact,exact,exact,exact,f,f,0
B01-004,2026-09-16 10:35:44.462714+00,614143,1749,16,0,3,exact,exact,exact,exact,f,f,0
B01-004,2026-09-16 11:40:45.597261+00,618044,1751,16,0,3,exact,exact,exact,exact,f,f,1
B01-004,2026-09-16 12:35:51.823441+00,621350,1754,16,0,3,exact,exact,exact,exact,f,f,0
B01-004,2026-09-16 14:31:30.984045+00,628289,1757,16,0,3,exact,exact,exact,exact,f,f,1
B01-004,2026-09-16 15:45:54.351714+00,632753,1759,16,0,3,exact,exact,exact,exact,f,f,1
B01-004,2026-09-16 17:00:50.856599+00,637249,1761,16,0,3,exact,exact,exact,exact,f,f,1
B01-004,2026-09-16 17:05:57.724414+00,637556,1762,16,0,3,exact,exact,exact,exact,f,f,0
B01-004,2026-09-16 18:56:04.412343+00,644163,1763,16,0,3,exact,exact,exact,exact,f,f,0
B01-004,2026-09-16 19:15:50.85369+00,645349,1765,16,0,3,exact,exact,exact,exact,f,f,0
B01-004,2026-09-16 20:50:36.61717+00,651035,1767,16,0,3,exact,exact,exact,exact,f,f,1
B01-004,2026-09-16 22:50:09.166271+00,658208,1769,16,0,3,exact,exact,exact,exact,f,f,0
B01-004,2026-09-16 23:50:11.767197+00,661810,1771,16,0,3,exact,exact,exact,exact,f,f,0
B01-004,2026-09-17 00:55:20.136707+00,665719,1774,16,0,3,exact,exact,exact,exact,f,f,1
B01-004,2026-09-17 01:05:15.94531+00,666314,1775,16,0,3,exact,exact,exact,exact,f,f,0
B01-004,2026-09-17 04:40:34.603894+00,679233,1775,16,0,3,exact,exact,exact,exact,f,f,1
B01-004,2026-09-17 06:10:51.662861+00,684650,1777,16,0,3,exact,exact,exact,exact,f,f,1
B01-004,2026-09-17 09:55:56.435327+00,698155,1778,16,0,3,exact,exact,exact,exact,f,f,0
B01-004,2026-09-17 11:40:29.735279+00,704428,1780,16,0,3,exact,exact,exact,exact,f,f,0
B01-004,2026-09-17 14:55:09.367483+00,716108,1781,16,0,3,exact,exact,exact,exact,f,f,0
B01-004,2026-09-17 15:50:02.556096+00,719401,1782,16,0,3,exact,exact,exact,exact,f,f,0
B01-004,2026-09-17 16:40:07.369399+00,722406,1783,16,0,3,exact,exact,exact,exact,f,f,0
B01-004,2026-09-17 19:40:05.681158+00,733204,1784,16,0,3,exact,exact,exact,exact,f,f,0
B01-004,2026-09-18 02:55:26.30162+00,759325,1788,16,0,3,exact,exact,exact,exact,f,f,1
B01-004,2026-09-18 04:55:27.408055+00,766526,1789,16,0,3,exact,exact,exact,exact,f,f,0
B01-004,2026-09-18 06:35:32.956354+00,772531,1790,16,0,3,exact,exact,exact,exact,f,f,0
B01-004,2026-09-18 07:40:42.298279+00,776441,1793,16,0,3,exact,exact,exact,exact,f,f,1
B01-004,2026-09-18 08:25:56.488571+00,779155,1796,16,0,3,exact,exact,exact,exact,f,f,1
B01-004,2026-09-18 09:35:36.961814+00,783335,1797,16,0,3,exact,exact,exact,exact,f,f,0
B01-004,2026-09-18 11:25:57.782843+00,789956,1798,16,0,3,exact,exact,exact,exact,f,f,1
B01-004,2026-09-18 12:55:48.387452+00,795347,1801,16,0,3,exact,exact,exact,exact,f,f,1
B01-004,2026-09-18 13:05:46.452693+00,795945,1802,16,0,3,exact,exact,exact,exact,f,f,0
B01-004,2026-09-18 14:50:34.782726+00,802233,1805,16,0,3,exact,exact,exact,exact,f,f,1
B01-004,2026-09-18 17:45:39.866057+00,812738,1807,16,0,3,exact,exact,exact,exact,f,f,0
B01-004,2026-09-18 19:35:42.650782+00,819341,1808,16,0,3,exact,exact,exact,exact,f,f,1
B01-004,2026-09-19 04:50:04.791508+00,852603,1809,16,0,3,exact,exact,exact,exact,f,f,0
B01-004,2026-09-19 07:40:06.314112+00,862805,1810,16,0,3,exact,exact,exact,exact,f,f,0
B01-004,2026-09-19 09:00:07.917105+00,867606,1811,16,0,3,exact,exact,exact,exact,f,f,0
B01-004,2026-09-19 09:55:05.074613+00,870904,1812,16,0,3,exact,exact,exact,exact,f,f,0
B01-004,2026-09-19 11:40:09.369605+00,877208,1814,16,0,3,exact,exact,exact,exact,f,f,1
B01-004,2026-09-19 15:40:11.889323+00,891610,1816,16,0,3,exact,exact,exact,exact,f,f,0
B01-004,2026-09-19 16:35:13.242755+00,894912,1817,16,0,3,exact,exact,exact,exact,f,f,0
B01-004,2026-09-19 18:35:15.397043+00,902114,1818,16,0,3,exact,exact,exact,exact,f,f,0
B01-004,2026-09-20 03:25:06.947809+00,933905,1819,16,0,3,exact,exact,exact,exact,f,f,0
B01-004,2026-09-20 04:05:09.220899+00,936308,1820,16,0,3,exact,exact,exact,exact,f,f,0
B01-004,2026-09-20 07:00:14.896437+00,946813,1821,16,0,3,exact,exact,exact,exact,f,f,0
B01-004,2026-09-20 07:50:16.922842+00,949815,1822,16,0,3,exact,exact,exact,exact,f,f,0
B01-004,2026-09-20 10:45:14.654991+00,960313,1823,16,0,3,exact,exact,exact,exact,f,f,0
B01-004,2026-09-20 15:35:20.801741+00,977719,1825,16,0,3,exact,exact,exact,exact,f,f,0
B01-004,2026-09-21 03:00:20.178264+00,1018819,1826,16,0,3,exact,exact,exact,exact,f,f,0
B01-004,2026-09-21 06:38:31.650533+00,1031910,1827,16,0,3,exact,exact,exact,exact,f,f,0
B01-004,2026-09-21 13:06:49.342594+00,1055208,1828,16,0,3,exact,exact,exact,exact,f,f,0
B01-004,2026-09-22 07:40:56.604306+00,1122055,1829,16,0,3,exact,exact,exact,exact,f,f,0
B01-004,2026-09-22 08:06:07.419194+00,1123566,1830,16,0,3,exact,exact,exact,exact,f,f,0
B01-004,2026-09-22 10:17:21.357604+00,1131440,1832,16,0,3,exact,exact,exact,exact,f,f,0
B01-004,2026-09-23 03:25:13.201944+00,1193112,1833,16,0,3,exact,exact,exact,exact,f,f,0
B01-004,2026-09-23 04:30:12.304494+00,1197011,1834,16,0,3,exact,exact,exact,exact,f,f,0
B01-004,2026-09-23 05:05:12.622639+00,1199111,1835,16,0,3,exact,exact,exact,exact,f,f,0
B01-004,2026-09-23 06:05:15.639111+00,1202714,1837,16,0,3,exact,exact,exact,exact,f,f,0
B01-004,2026-09-23 07:25:20.505695+00,1207519,1838,16,0,3,exact,exact,exact,exact,f,f,0
B01-004,2026-09-23 08:25:19.818729+00,1211118,1840,16,0,3,exact,exact,exact,exact,f,f,0
B01-004,2026-09-23 09:35:16.699213+00,1215315,1842,16,0,3,exact,exact,exact,exact,f,f,0
B01-004,2026-09-23 10:30:13.720999+00,1218612,1843,16,0,3,exact,exact,exact,exact,f,f,0
B01-004,2026-09-23 11:05:21.939255+00,1220720,1845,16,0,3,exact,exact,exact,exact,f,f,0
B01-004,2026-09-24 03:35:11.593569+00,1280110,1846,16,0,3,exact,exact,exact,exact,f,f,0
B01-004,2026-09-24 04:40:13.079407+00,1284012,1850,16,0,3,exact,exact,exact,exact,f,f,0
B01-004,2026-09-24 05:10:15.849169+00,1285814,1851,16,0,3,exact,exact,exact,exact,f,f,0
B01-004,2026-09-24 06:05:19.101904+00,1289118,1852,16,0,3,exact,exact,exact,exact,f,f,0
B01-004,2026-09-24 07:05:24.177663+00,1292723,1853,16,0,3,exact,exact,exact,exact,f,f,0
B01-004,2026-09-24 08:05:17.210677+00,1296316,1855,16,0,3,exact,exact,exact,exact,f,f,0
B01-004,2026-09-24 09:05:16.44315+00,1299915,1856,16,0,3,exact,exact,exact,exact,f,f,0
B01-004,2026-09-24 11:25:22.90636+00,1308321,1857,16,0,3,exact,exact,exact,exact,f,f,0
B01-004,2026-09-25 07:00:17.389874+00,1378816,1858,16,0,3,exact,exact,exact,exact,f,f,0
B01-004,2026-09-25 07:15:18.689468+00,1379717,1860,16,0,3,exact,exact,exact,exact,f,f,0
B01-004,2026-09-25 13:20:23.248679+00,1401622,1861,16,0,3,exact,exact,exact,exact,f,f,0
B01-004,2026-09-25 14:55:13.07166+00,1407312,1862,16,0,3,exact,exact,exact,exact,f,f,0
B01-005,2026-09-08 11:28:38.926712+00,1704,0,0,0,,exact,exact,exact,unknown,f,f,0
B01-005,2026-09-08 13:42:01.694009+00,9707,80,0,0,,exact,exact,exact,unknown,f,f,0
B01-005,2026-09-08 14:55:20.378161+00,14106,111,0,0,,exact,exact,exact,unknown,f,f,0
B01-005,2026-09-08 16:08:35.433842+00,18501,111,0,0,,exact,exact,exact,unknown,f,f,0
B01-005,2026-09-08 18:21:22.214868+00,26468,111,0,0,,exact,exact,exact,unknown,f,f,0
B01-005,2026-09-08 19:34:55.268942+00,30881,111,0,0,,exact,exact,exact,unknown,f,f,0
B01-005,2026-09-08 20:48:15.736754+00,35281,111,0,0,,exact,exact,exact,unknown,f,f,0
B01-005,2026-09-08 22:00:51.007176+00,39637,111,0,0,,exact,exact,exact,unknown,f,f,0
B01-005,2026-09-08 23:12:05.370858+00,43911,111,0,0,,exact,exact,exact,unknown,f,f,0
B01-005,2026-09-09 00:23:14.097186+00,48180,111,0,0,,exact,exact,exact,unknown,f,f,0
B01-005,2026-09-09 01:34:01.717605+00,52427,111,0,0,,exact,exact,exact,unknown,f,f,0
B01-005,2026-09-09 02:45:07.674768+00,56693,111,0,0,,exact,exact,exact,unknown,f,f,0
B01-005,2026-09-09 03:56:11.83923+00,60957,111,0,0,,exact,exact,exact,unknown,f,f,0
B01-005,2026-09-09 05:07:45.095446+00,65251,111,0,0,,exact,exact,exact,unknown,f,f,0
B01-005,2026-09-09 06:20:03.630648+00,69589,111,0,0,,exact,exact,exact,unknown,f,f,0
B01-005,2026-09-09 07:31:57.235348+00,73903,111,0,0,,exact,exact,exact,unknown,f,f,0
B01-005,2026-09-09 08:43:43.987672+00,78209,111,0,0,,exact,exact,exact,unknown,f,f,0
B01-005,2026-09-09 09:55:42.840447+00,82528,111,0,0,,exact,exact,exact,unknown,f,f,0
B01-005,2026-09-09 11:07:49.682282+00,86855,111,0,0,,exact,exact,exact,unknown,f,f,0
B01-005,2026-09-09 12:20:52.379094+00,91238,111,0,0,,exact,exact,exact,unknown,f,f,0
B01-005,2026-09-09 13:33:27.194964+00,95593,111,0,0,,exact,exact,exact,unknown,f,f,0
B01-005,2026-09-09 14:46:22.159349+00,99968,111,0,0,,exact,exact,exact,unknown,f,f,0
B01-005,2026-09-09 15:59:32.311602+00,104358,111,0,0,,exact,exact,exact,unknown,f,f,0
B01-005,2026-09-09 17:18:01.573034+00,109067,111,0,0,,exact,exact,exact,unknown,f,f,0
B01-005,2026-09-09 18:34:26.566193+00,113652,111,0,0,,exact,exact,exact,unknown,f,f,0
B01-005,2026-09-09 20:46:17.443081+00,121563,111,0,0,,exact,exact,exact,unknown,f,f,0
B01-005,2026-09-09 21:57:38.075755+00,125844,111,0,0,,exact,exact,exact,unknown,f,f,0
B01-005,2026-09-09 23:09:16.211963+00,130142,111,0,0,,exact,exact,exact,unknown,f,f,0
B01-005,2026-09-10 00:20:32.371723+00,134418,111,0,0,,exact,exact,exact,unknown,f,f,0
B01-005,2026-09-10 01:31:50.617642+00,138696,111,0,0,,exact,exact,exact,unknown,f,f,0
B01-005,2026-09-10 02:42:54.553513+00,142960,111,0,0,,exact,exact,exact,unknown,f,f,0
B01-005,2026-09-10 03:54:22.836986+00,147248,111,0,0,,exact,exact,exact,unknown,f,f,0
B01-005,2026-09-10 05:05:52.965974+00,151538,111,0,0,,exact,exact,exact,unknown,f,f,0
B01-005,2026-09-10 06:17:45.914823+00,155851,111,0,0,,exact,exact,exact,unknown,f,f,0
B01-005,2026-09-10 08:31:29.796496+00,163875,111,0,0,,exact,exact,exact,unknown,f,f,0
B01-005,2026-09-10 09:44:25.185823+00,168251,111,0,0,,exact,exact,exact,unknown,f,f,0
B01-005,2026-09-10 11:57:50.97152+00,176256,111,0,0,,exact,exact,exact,unknown,f,f,0
B01-005,2026-09-10 13:12:43.294742+00,180749,111,0,0,,exact,exact,exact,unknown,f,f,0
B01-005,2026-09-10 15:26:08.502166+00,188754,111,0,0,,exact,exact,exact,unknown,f,f,0
B01-005,2026-09-10 16:40:15.515158+00,193201,111,0,0,,exact,exact,exact,unknown,f,f,0
B01-005,2026-09-10 17:53:32.298709+00,197598,111,0,0,,exact,exact,exact,unknown,f,f,0
B01-005,2026-09-10 19:48:24.433219+00,204490,111,0,0,,exact,exact,exact,unknown,f,f,0
B01-005,2026-09-11 19:51:36.064665+00,291082,111,0,0,,exact,exact,exact,unknown,f,f,0
B01-005,2026-09-12 20:05:06.566037+00,378292,111,0,0,,exact,exact,exact,unknown,f,f,0
B01-005,2026-09-13 20:18:48.837896+00,465514,111,0,0,,exact,exact,exact,unknown,f,f,0
B01-005,2026-09-14 20:24:57.728913+00,552283,111,0,0,,exact,exact,exact,unknown,f,f,0
B01-005,2026-09-15 20:33:56.459489+00,639222,111,0,0,,exact,exact,exact,unknown,f,f,0
B01-005,2026-09-16 20:34:37.604615+00,725663,111,0,0,,exact,exact,exact,unknown,f,f,0
B01-005,2026-09-17 21:28:49.878042+00,815315,111,0,0,,exact,exact,exact,unknown,f,f,0
B01-005,2026-09-18 22:22:56.51624+00,904962,111,0,0,,exact,exact,exact,unknown,f,f,0
B01-005,2026-09-19 22:23:26.142015+00,991392,111,0,0,,exact,exact,exact,unknown,f,f,0
B01-005,2026-09-20 23:23:12.238276+00,1081378,111,0,0,,exact,exact,exact,unknown,f,f,0
B01-005,2026-09-21 23:23:24.449754+00,1167790,111,0,0,,exact,exact,exact,unknown,f,f,0
B01-005,2026-09-23 00:23:01.219617+00,1257767,111,0,0,,exact,exact,exact,unknown,f,f,0
B01-005,2026-09-24 00:23:09.807483+00,1344175,111,0,0,,exact,exact,exact,unknown,f,f,0
B01-005,2026-09-25 00:23:58.389447+00,1430624,111,0,0,,exact,exact,exact,unknown,f,f,0
B01-006,2026-09-11 07:00:27.198594+00,25,16,0,,,exact,exact,unknown,unknown,f,f,0
B01-006,2026-09-11 07:06:45.852873+00,403,87,5,,,exact,exact,unknown,unknown,f,f,0
B01-006,2026-09-11 07:13:13.829336+00,791,121,9,,,exact,exact,unknown,unknown,f,f,0
B01-006,2026-09-11 07:19:26.518574+00,1164,146,10,,,exact,exact,unknown,unknown,f,f,0
B01-006,2026-09-11 07:25:34.415871+00,1532,173,10,,,exact,exact,unknown,unknown,f,f,0
B01-006,2026-09-11 07:31:50.376452+00,1908,193,10,,,exact,exact,unknown,unknown,f,f,0
B01-006,2026-09-11 07:38:20.96404+00,2299,210,11,,,exact,exact,unknown,unknown,f,f,0
B01-006,2026-09-11 07:44:33.859274+00,2671,230,11,,,exact,exact,unknown,unknown,f,f,0
B01-006,2026-09-11 07:50:38.797562+00,3036,245,11,,,exact,exact,unknown,unknown,f,f,0
B01-006,2026-09-11 07:56:52.799619+00,3410,263,11,,,exact,exact,unknown,unknown,f,f,0
B01-006,2026-09-11 08:03:51.510663+00,3829,280,11,,,exact,exact,unknown,unknown,f,f,0
B01-006,2026-09-11 08:10:10.838199+00,4208,286,11,,,exact,exact,unknown,unknown,f,f,0
B01-006,2026-09-11 08:16:34.639866+00,4592,299,11,,,exact,exact,unknown,unknown,f,f,0
B01-006,2026-09-11 08:22:52.811791+00,4970,310,11,,,exact,exact,unknown,unknown,f,f,0
B01-006,2026-09-11 08:29:45.804231+00,5383,318,11,,,exact,exact,unknown,unknown,f,f,0
B01-006,2026-09-11 08:36:47.279585+00,5805,328,11,,,exact,exact,unknown,unknown,f,f,0
B01-006,2026-09-11 08:43:14.928923+00,6192,332,11,,,exact,exact,unknown,unknown,f,f,0
B01-006,2026-09-11 08:49:40.132921+00,6578,343,11,,,exact,exact,unknown,unknown,f,f,0
B01-006,2026-09-11 08:56:06.781401+00,6964,349,11,,,exact,exact,unknown,unknown,f,f,0
B01-006,2026-09-11 09:03:08.705786+00,7386,360,11,,,exact,exact,unknown,unknown,f,f,0
B01-006,2026-09-11 09:10:13.278866+00,7811,366,11,,,exact,exact,unknown,unknown,f,f,0
B01-006,2026-09-11 09:16:49.740447+00,8207,369,11,,,exact,exact,unknown,unknown,f,f,0
B01-006,2026-09-11 09:23:15.709719+00,8593,376,11,,,exact,exact,unknown,unknown,f,f,0
B01-006,2026-09-11 09:29:45.64605+00,8983,382,11,,,exact,exact,unknown,unknown,f,f,0
B01-006,2026-09-11 09:36:49.009983+00,9407,386,11,,,exact,exact,unknown,unknown,f,f,0
B01-006,2026-09-11 09:43:35.43202+00,9813,392,11,,,exact,exact,unknown,unknown,f,f,0
B01-006,2026-09-11 09:50:03.535793+00,10201,396,11,,,exact,exact,unknown,unknown,f,f,0
B01-006,2026-09-11 09:56:39.922826+00,10597,402,11,,,exact,exact,unknown,unknown,f,f,0
B01-006,2026-09-11 10:08:19.755574+00,11297,417,11,,,exact,exact,unknown,unknown,f,f,0
B01-006,2026-09-11 10:14:52.319868+00,11690,420,11,,,exact,exact,unknown,unknown,f,f,0
B01-006,2026-09-11 10:21:22.714993+00,12080,425,11,,,exact,exact,unknown,unknown,f,f,0
B01-006,2026-09-11 10:28:24.690191+00,12502,428,11,,,exact,exact,unknown,unknown,f,f,0
B01-006,2026-09-11 10:35:22.767986+00,12920,440,11,,,exact,exact,unknown,unknown,f,f,0
B01-006,2026-09-11 10:41:50.980065+00,13309,446,11,,,exact,exact,unknown,unknown,f,f,0
B01-006,2026-09-11 10:48:11.545706+00,13689,449,11,,,exact,exact,unknown,unknown,f,f,0
B01-006,2026-09-11 10:54:37.586191+00,14075,451,11,,,exact,exact,unknown,unknown,f,f,0
B01-006,2026-09-11 11:01:29.412462+00,14487,459,11,,,exact,exact,unknown,unknown,f,f,0
B01-006,2026-09-11 11:08:06.728755+00,14884,473,11,,,exact,exact,unknown,unknown,f,f,0
B01-006,2026-09-11 11:14:29.012698+00,15267,478,11,,,exact,exact,unknown,unknown,f,f,0
B01-006,2026-09-11 11:20:46.933329+00,15644,481,11,,,exact,exact,unknown,unknown,f,f,0
B01-006,2026-09-11 11:27:20.568712+00,16038,482,11,,,exact,exact,unknown,unknown,f,f,0
B01-006,2026-09-11 11:34:01.058569+00,16439,484,11,,,exact,exact,unknown,unknown,f,f,0
B01-006,2026-09-11 11:40:26.302122+00,16824,487,11,,,exact,exact,unknown,unknown,f,f,0
B01-006,2026-09-11 11:46:47.212561+00,17205,490,11,,,exact,exact,unknown,unknown,f,f,0
B01-006,2026-09-11 11:53:13.520235+00,17591,497,11,,,exact,exact,unknown,unknown,f,f,0
B01-006,2026-09-11 11:59:52.691372+00,17990,502,11,,,exact,exact,unknown,unknown,f,f,0
B01-006,2026-09-11 12:06:28.077927+00,18386,507,11,,,exact,exact,unknown,unknown,f,f,0
B01-006,2026-09-11 12:12:56.303917+00,18774,508,11,,,exact,exact,unknown,unknown,f,f,0
B01-006,2026-09-11 12:19:29.724221+00,19167,517,12,,,exact,exact,unknown,unknown,f,f,0
B01-006,2026-09-11 12:26:34.885183+00,19592,518,12,,,exact,exact,unknown,unknown,f,f,0
B01-006,2026-09-11 12:34:05.98049+00,20044,522,12,,,exact,exact,unknown,unknown,f,f,0
B01-006,2026-09-11 12:41:10.342537+00,20468,527,12,,,exact,exact,unknown,unknown,f,f,0
B01-006,2026-09-11 12:47:54.881455+00,20872,530,12,,,exact,exact,unknown,unknown,f,f,0
B01-006,2026-09-11 13:01:18.991026+00,21677,535,12,,,exact,exact,unknown,unknown,f,f,0
B01-006,2026-09-11 13:08:28.393458+00,22106,543,12,,,exact,exact,unknown,unknown,f,f,0
B01-006,2026-09-11 13:21:39.812468+00,22897,545,12,,,exact,exact,unknown,unknown,f,f,0
B01-006,2026-09-11 13:28:00.910781+00,23278,549,12,,,exact,exact,unknown,unknown,f,f,0
B01-006,2026-09-11 13:35:01.170218+00,23699,552,12,,,exact,exact,unknown,unknown,f,f,0
B01-006,2026-09-11 13:47:19.718717+00,24437,554,12,,,exact,exact,unknown,unknown,f,f,0
B01-006,2026-09-11 13:54:12.200764+00,24850,555,12,,,exact,exact,unknown,unknown,f,f,0
B01-006,2026-09-11 14:01:30.122046+00,25288,557,12,,,exact,exact,unknown,unknown,f,f,0
B01-006,2026-09-11 14:08:34.378583+00,25712,559,12,,,exact,exact,unknown,unknown,f,f,0
B01-006,2026-09-11 14:29:10.429998+00,26948,566,12,,,exact,exact,unknown,unknown,f,f,0
B01-006,2026-09-11 14:35:54.686447+00,27352,571,12,,,exact,exact,unknown,unknown,f,f,0
B01-006,2026-09-11 14:49:31.585703+00,28169,575,12,,,exact,exact,unknown,unknown,f,f,0
B01-006,2026-09-11 14:55:48.796842+00,28546,576,12,,,exact,exact,unknown,unknown,f,f,0
B01-006,2026-09-11 15:02:02.289259+00,28920,580,12,,,exact,exact,unknown,unknown,f,f,0
B01-006,2026-09-11 15:09:05.739032+00,29343,583,12,,,exact,exact,unknown,unknown,f,f,0
B01-006,2026-09-11 15:22:07.052594+00,30125,587,12,,,exact,exact,unknown,unknown,f,f,0
B01-006,2026-09-11 15:28:22.580528+00,30500,592,12,,,exact,exact,unknown,unknown,f,f,0
B01-006,2026-09-11 15:48:09.648791+00,31687,594,12,,,exact,exact,unknown,unknown,f,f,0
B01-006,2026-09-11 16:14:31.800202+00,33269,598,12,,,exact,exact,unknown,unknown,f,f,0
B01-006,2026-09-11 16:27:26.866067+00,34044,603,12,,,exact,exact,unknown,unknown,f,f,0
B01-006,2026-09-11 16:40:48.885788+00,34846,608,12,,,exact,exact,unknown,unknown,f,f,0
B01-006,2026-09-11 17:12:02.618198+00,36720,612,12,,,exact,exact,unknown,unknown,f,f,0
B01-006,2026-09-11 17:18:17.513868+00,37095,614,12,,,exact,exact,unknown,unknown,f,f,0
B01-006,2026-09-11 17:25:13.247634+00,37511,618,12,,,exact,exact,unknown,unknown,f,f,0
B01-006,2026-09-11 17:32:05.250169+00,37923,621,12,,,exact,exact,unknown,unknown,f,f,0
B01-006,2026-09-11 17:57:58.872772+00,39476,623,13,,,exact,exact,unknown,unknown,f,f,0
B01-006,2026-09-11 18:04:12.849467+00,39850,625,13,,,exact,exact,unknown,unknown,f,f,0
B01-006,2026-09-11 18:10:23.405775+00,40221,627,13,,,exact,exact,unknown,unknown,f,f,0
B01-006,2026-09-11 18:23:24.110054+00,41002,630,13,,,exact,exact,unknown,unknown,f,f,0
B01-006,2026-09-11 18:42:11.4709+00,42129,632,13,,,exact,exact,unknown,unknown,f,f,0
B01-006,2026-09-11 18:50:04.120189+00,42602,636,13,,,exact,exact,unknown,unknown,f,f,0
B01-006,2026-09-11 19:05:58.255385+00,43556,640,13,,,exact,exact,unknown,unknown,f,f,0
B01-006,2026-09-11 19:29:08.175046+00,44946,642,13,,,exact,exact,unknown,unknown,f,f,0
B01-006,2026-09-11 19:51:38.82797+00,46296,643,13,,,exact,exact,unknown,unknown,f,f,0
B01-006,2026-09-11 20:06:52.052238+00,47210,645,13,,,exact,exact,unknown,unknown,f,f,0
B01-006,2026-09-11 22:25:57.562941+00,55555,647,13,,,exact,exact,unknown,unknown,f,f,0
B01-006,2026-09-11 22:33:48.540901+00,56026,649,13,,,exact,exact,unknown,unknown,f,f,0
B01-006,2026-09-12 00:07:57.515977+00,61675,651,13,,,exact,exact,unknown,unknown,f,f,0
B01-006,2026-09-12 02:07:54.000112+00,68872,653,13,,,exact,exact,unknown,unknown,f,f,0
B01-006,2026-09-12 04:34:03.92507+00,77641,655,13,,,exact,exact,unknown,unknown,f,f,0
B01-006,2026-09-12 04:40:51.869867+00,78049,657,13,,,exact,exact,unknown,unknown,f,f,0
B01-006,2026-09-12 05:27:02.213318+00,80820,660,13,,,exact,exact,unknown,unknown,f,f,0
B01-006,2026-09-12 05:42:41.821149+00,81759,662,13,,,exact,exact,unknown,unknown,f,f,0
B01-006,2026-09-12 06:05:18.270135+00,83116,666,13,,,exact,exact,unknown,unknown,f,f,0
B01-006,2026-09-12 06:12:54.122464+00,83572,668,13,,,exact,exact,unknown,unknown,f,f,0
B01-006,2026-09-12 06:49:35.77323+00,85773,670,13,,,exact,exact,unknown,unknown,f,f,0
B01-006,2026-09-12 07:03:36.552576+00,86614,674,13,,,exact,exact,unknown,unknown,f,f,0
B01-006,2026-09-12 07:17:36.31326+00,87454,676,13,,,exact,exact,unknown,unknown,f,f,0
B01-006,2026-09-12 07:48:05.087766+00,89283,678,13,,,exact,exact,unknown,unknown,f,f,0
B01-006,2026-09-12 08:30:08.099084+00,91806,682,13,,,exact,exact,unknown,unknown,f,f,1
B01-006,2026-09-12 08:36:43.497034+00,92201,683,13,,,exact,exact,unknown,unknown,f,f,0
B01-006,2026-09-12 08:55:59.844026+00,93357,684,13,,,exact,exact,unknown,unknown,f,f,0
B01-006,2026-09-12 09:02:49.102951+00,93767,685,13,,,exact,exact,unknown,unknown,f,f,0
B01-006,2026-09-12 09:29:50.755057+00,95388,689,13,,,exact,exact,unknown,unknown,f,f,1
B01-006,2026-09-12 09:43:25.891467+00,96203,690,13,,,exact,exact,unknown,unknown,f,f,0
B01-006,2026-09-12 09:50:03.371509+00,96601,691,13,,,exact,exact,unknown,unknown,f,f,0
B01-006,2026-09-12 10:11:38.142685+00,97896,693,13,,,exact,exact,unknown,unknown,f,f,1
B01-006,2026-09-12 10:44:27.093459+00,99865,694,13,,,exact,exact,unknown,unknown,f,f,0
B01-006,2026-09-12 11:10:20.579833+00,101418,698,13,,,exact,exact,unknown,unknown,f,f,1
B01-006,2026-09-12 11:29:15.312094+00,102553,699,13,,,exact,exact,unknown,unknown,f,f,0
B01-006,2026-09-12 12:01:09.19849+00,104467,701,13,,,exact,exact,unknown,unknown,f,f,1
B01-006,2026-09-12 12:13:46.821258+00,105224,703,13,,,exact,exact,unknown,unknown,f,f,1
B01-006,2026-09-12 12:26:42.543242+00,106000,705,13,,,exact,exact,unknown,unknown,f,f,1
B01-006,2026-09-12 12:45:42.124888+00,107140,706,13,,,exact,exact,unknown,unknown,f,f,0
B01-006,2026-09-12 13:12:10.50069+00,108728,708,13,,,exact,exact,unknown,unknown,f,f,0
B01-006,2026-09-12 13:46:25.600118+00,110783,711,13,,,exact,exact,unknown,unknown,f,f,1
B01-006,2026-09-12 14:14:28.211475+00,112466,715,13,,,exact,exact,unknown,unknown,f,f,1
B01-006,2026-09-12 14:41:20.731547+00,114078,717,13,,,exact,exact,unknown,unknown,f,f,1
B01-006,2026-09-12 14:54:06.432852+00,114844,721,13,,,exact,exact,unknown,unknown,f,f,1
B01-006,2026-09-12 15:07:08.164867+00,115626,722,13,,,exact,exact,unknown,unknown,f,f,0
B01-006,2026-09-12 15:26:17.292082+00,116775,724,13,,,exact,exact,unknown,unknown,f,f,1
B01-006,2026-09-12 16:04:24.131539+00,119062,725,13,,,exact,exact,unknown,unknown,f,f,0
B01-006,2026-09-12 16:17:19.996093+00,119838,726,13,,,exact,exact,unknown,unknown,f,f,0
B01-006,2026-09-12 16:36:47.509242+00,121005,727,13,,,exact,exact,unknown,unknown,f,f,0
B01-006,2026-09-12 16:49:15.339313+00,121753,728,13,,,exact,exact,unknown,unknown,f,f,0
B01-006,2026-09-12 17:30:06.522529+00,124204,731,13,,,exact,exact,unknown,unknown,f,f,1
B01-006,2026-09-12 17:57:44.995505+00,125863,732,13,,,exact,exact,unknown,unknown,f,f,0
B01-006,2026-09-12 18:04:29.360372+00,126267,733,13,,,exact,exact,unknown,unknown,f,f,0
B01-006,2026-09-12 18:24:45.412269+00,127483,735,13,,,exact,exact,unknown,unknown,f,f,1
B01-006,2026-09-12 18:31:12.650876+00,127870,736,13,,,exact,exact,unknown,unknown,f,f,0
B01-006,2026-09-12 18:50:31.964717+00,129030,737,13,,,exact,exact,unknown,unknown,f,f,0
B01-006,2026-09-12 19:28:28.528907+00,131306,739,13,,,exact,exact,unknown,unknown,f,f,1
B01-006,2026-09-12 19:41:17.182417+00,132075,740,13,,,exact,exact,unknown,unknown,f,f,0
B01-006,2026-09-12 19:53:55.073348+00,132833,741,13,,,exact,exact,unknown,unknown,f,f,0
B01-006,2026-09-12 20:58:26.309816+00,136704,742,14,,,exact,exact,unknown,unknown,f,f,0
B01-006,2026-09-12 23:13:16.40193+00,144794,743,14,,,exact,exact,unknown,unknown,f,f,0
B01-006,2026-09-13 01:14:45.497562+00,152083,744,14,,,exact,exact,unknown,unknown,f,f,0
B01-006,2026-09-13 03:17:43.31383+00,159461,745,14,,,exact,exact,unknown,unknown,f,f,0
B01-006,2026-09-13 06:01:17.590758+00,169275,747,14,,,exact,exact,unknown,unknown,f,f,1
B01-006,2026-09-13 06:59:15.346625+00,172753,748,14,,,exact,exact,unknown,unknown,f,f,0
B01-006,2026-09-13 07:12:12.711224+00,173530,751,14,,,exact,exact,unknown,unknown,f,f,1
B01-006,2026-09-13 07:18:31.104562+00,173909,753,14,,,exact,exact,unknown,unknown,f,f,0
B01-006,2026-09-13 07:50:43.928035+00,175841,754,14,,,exact,exact,unknown,unknown,f,f,0
B01-006,2026-09-13 08:11:18.615125+00,177076,755,14,,,exact,exact,unknown,unknown,f,f,0
B01-006,2026-09-13 08:25:15.55409+00,177913,756,14,,,exact,exact,unknown,unknown,f,f,0
B01-006,2026-09-13 08:59:42.522717+00,179980,760,14,,,exact,exact,unknown,unknown,f,f,1
B01-006,2026-09-13 09:06:22.737111+00,180380,763,14,,,exact,exact,unknown,unknown,f,f,0
B01-006,2026-09-13 09:45:06.676004+00,182704,767,14,,,exact,exact,unknown,unknown,f,f,1
B01-006,2026-09-13 09:58:05.47088+00,183483,769,14,,,exact,exact,unknown,unknown,f,f,0
B01-006,2026-09-13 10:31:34.43078+00,185492,771,14,,,exact,exact,unknown,unknown,f,f,0
B01-006,2026-09-13 11:49:19.142568+00,190157,772,14,,,exact,exact,unknown,unknown,f,f,0
B01-006,2026-09-13 12:11:05.823244+00,191463,773,14,,,exact,exact,unknown,unknown,f,f,0
B01-006,2026-09-13 12:31:18.368918+00,192676,774,14,,,exact,exact,unknown,unknown,f,f,0
B01-006,2026-09-13 13:04:54.736935+00,194692,775,14,,,exact,exact,unknown,unknown,f,f,0
B01-006,2026-09-13 15:11:05.587708+00,202263,777,14,,,exact,exact,unknown,unknown,f,f,1
B01-006,2026-09-13 15:46:45.1766+00,204403,780,14,,,exact,exact,unknown,unknown,f,f,1
B01-006,2026-09-13 17:06:36.351135+00,209194,781,14,,,exact,exact,unknown,unknown,f,f,0
B01-006,2026-09-13 17:45:35.76983+00,211533,782,14,,,exact,exact,unknown,unknown,f,f,0
B01-006,2026-09-13 17:51:53.902771+00,211911,783,14,,,exact,exact,unknown,unknown,f,f,0
B01-006,2026-09-13 18:11:32.480658+00,213090,785,14,,,exact,exact,unknown,unknown,f,f,1
B01-006,2026-09-13 18:18:18.886591+00,213496,787,14,,,exact,exact,unknown,unknown,f,f,0
B01-006,2026-09-13 18:39:24.80004+00,214762,788,14,,,exact,exact,unknown,unknown,f,f,0
B01-006,2026-09-13 19:23:22.340693+00,217400,789,14,,,exact,exact,unknown,unknown,f,f,0
B01-006,2026-09-13 19:36:42.834128+00,218200,790,14,,,exact,exact,unknown,unknown,f,f,0
B01-006,2026-09-14 03:40:46.791298+00,247244,791,14,,,exact,exact,unknown,unknown,f,f,0
B01-006,2026-09-14 03:47:28.407022+00,247646,792,14,,,exact,exact,unknown,unknown,f,f,0
B01-006,2026-09-14 04:22:46.996261+00,249765,793,14,,,exact,exact,unknown,unknown,f,f,0
B01-006,2026-09-14 04:51:02.399546+00,251460,794,14,,,exact,exact,unknown,unknown,f,f,0
B01-006,2026-09-14 05:34:31.364772+00,254069,795,15,,,exact,exact,unknown,unknown,f,f,0
B01-006,2026-09-14 05:49:20.735465+00,254958,796,15,,,exact,exact,unknown,unknown,f,f,0
B01-006,2026-09-14 06:05:02.062257+00,255900,798,15,,,exact,exact,unknown,unknown,f,f,0
B01-006,2026-09-14 06:27:53.297316+00,257271,799,15,,,exact,exact,unknown,unknown,f,f,0
B01-006,2026-09-14 06:35:55.061853+00,257753,800,15,,,exact,exact,unknown,unknown,f,f,0
B01-006,2026-09-14 07:24:26.975927+00,260665,803,15,,,exact,exact,unknown,unknown,f,f,1
B01-006,2026-09-14 08:01:25.891356+00,262883,805,15,,,exact,exact,unknown,unknown,f,f,1
B01-006,2026-09-14 08:58:56.536297+00,266334,806,15,,,exact,exact,unknown,unknown,f,f,0
B01-006,2026-09-14 09:13:34.450673+00,267212,807,15,,,exact,exact,unknown,unknown,f,f,0
B01-006,2026-09-14 09:59:16.257091+00,269954,808,15,,,exact,exact,unknown,unknown,f,f,0
B01-006,2026-09-14 10:24:11.812764+00,271449,812,15,,,exact,exact,unknown,unknown,f,f,1
B01-006,2026-09-14 10:55:25.453389+00,273323,814,15,,,exact,exact,unknown,unknown,f,f,1
B01-006,2026-09-14 11:59:47.237686+00,277185,815,15,,,exact,exact,unknown,unknown,f,f,0
B01-006,2026-09-14 12:24:47.143564+00,278685,816,15,,,exact,exact,unknown,unknown,f,f,0
B01-006,2026-09-14 12:59:06.514157+00,280744,829,15,,,exact,exact,unknown,unknown,f,f,1
B01-006,2026-09-14 13:19:25.501203+00,281963,831,15,,,exact,exact,unknown,unknown,f,f,1
B01-006,2026-09-14 13:54:26.989343+00,284065,836,15,,,exact,exact,unknown,unknown,f,f,1
B01-006,2026-09-14 14:29:13.353985+00,286151,839,15,,,exact,exact,unknown,unknown,f,f,1
B01-006,2026-09-14 14:49:19.923645+00,287357,840,15,,,exact,exact,unknown,unknown,f,f,0
B01-006,2026-09-14 15:14:17.350867+00,288855,841,15,,,exact,exact,unknown,unknown,f,f,0
B01-006,2026-09-14 15:54:12.515885+00,291250,842,15,,,exact,exact,unknown,unknown,f,f,0
B01-006,2026-09-14 16:29:11.832961+00,293349,844,15,,,exact,exact,unknown,unknown,f,f,1
B01-006,2026-09-14 16:50:09.320899+00,294607,846,15,,,exact,exact,unknown,unknown,f,f,0
B01-006,2026-09-14 17:05:09.914972+00,295507,847,15,,,exact,exact,unknown,unknown,f,f,0
B01-006,2026-09-14 18:36:17.797103+00,300975,848,15,,,exact,exact,unknown,unknown,f,f,0
B01-006,2026-09-14 19:16:25.919126+00,303383,850,15,,,exact,exact,unknown,unknown,f,f,0
B01-006,2026-09-14 21:26:15.601412+00,311173,851,15,,,exact,exact,unknown,unknown,f,f,0
B01-006,2026-09-14 22:01:16.985318+00,313275,852,15,,,exact,exact,unknown,unknown,f,f,0
B01-006,2026-09-14 22:46:06.622843+00,315964,853,15,,,exact,exact,unknown,unknown,f,f,0
B01-006,2026-09-15 03:46:09.082971+00,333967,854,15,,,exact,exact,unknown,unknown,f,f,0
B01-006,2026-09-15 04:16:13.518594+00,335771,855,15,,,exact,exact,unknown,unknown,f,f,0
B01-006,2026-09-15 05:11:19.647915+00,339077,857,15,,,exact,exact,unknown,unknown,f,f,0
B01-006,2026-09-15 05:31:10.242537+00,340268,859,15,,,exact,exact,unknown,unknown,f,f,0
B01-006,2026-09-15 06:06:18.166442+00,342376,861,15,,,exact,exact,unknown,unknown,f,f,1
B01-006,2026-09-15 06:41:15.087467+00,344473,862,15,,,exact,exact,unknown,unknown,f,f,0
B01-006,2026-09-15 07:16:23.321917+00,346581,864,15,,,exact,exact,unknown,unknown,f,f,1
B01-006,2026-09-15 08:06:27.5653+00,349585,865,15,,,exact,exact,unknown,unknown,f,f,0
B01-006,2026-09-15 08:56:17.217287+00,352575,867,15,,,exact,exact,unknown,unknown,f,f,1
B01-006,2026-09-15 09:26:13.627646+00,354371,871,15,,,exact,exact,unknown,unknown,f,f,1
B01-006,2026-09-15 09:51:15.634834+00,355873,872,15,,,exact,exact,unknown,unknown,f,f,0
B01-006,2026-09-15 10:21:17.254494+00,357675,874,15,,,exact,exact,unknown,unknown,f,f,0
B01-006,2026-09-15 10:31:20.168611+00,358278,875,15,,,exact,exact,unknown,unknown,f,f,0
B01-006,2026-09-15 11:51:19.284946+00,363077,876,15,,,exact,exact,unknown,unknown,f,f,0
B01-006,2026-09-15 12:21:19.370688+00,364877,878,15,,,exact,exact,unknown,unknown,f,f,1
B01-006,2026-09-15 15:21:24.536926+00,375682,879,15,,,exact,exact,unknown,unknown,f,f,0
B01-006,2026-09-15 17:31:22.737809+00,383480,880,15,,,exact,exact,unknown,unknown,f,f,0
B01-006,2026-09-15 18:51:17.42214+00,388275,881,15,,,exact,exact,unknown,unknown,f,f,0
B01-006,2026-09-15 19:06:19.733087+00,389177,882,15,,,exact,exact,unknown,unknown,f,f,0
B01-006,2026-09-16 13:12:41.119173+00,454359,886,15,,,exact,exact,unknown,unknown,f,f,0
B01-006,2026-09-16 14:11:28.476241+00,457886,887,15,,,exact,exact,unknown,unknown,f,f,0
B01-006,2026-09-16 20:34:35.449421+00,480873,892,15,,,exact,exact,unknown,unknown,f,f,0
B01-006,2026-09-16 23:31:17.926303+00,491475,893,15,,,exact,exact,unknown,unknown,f,f,0
B01-006,2026-09-17 05:56:55.35354+00,514613,894,15,,,exact,exact,unknown,unknown,f,f,0
B01-006,2026-09-17 07:20:34.023446+00,519632,895,15,,,exact,exact,unknown,unknown,f,f,0
B01-006,2026-09-17 08:20:33.117632+00,523231,899,15,,,exact,exact,unknown,unknown,f,f,1
B01-006,2026-09-17 08:31:47.819381+00,523905,900,15,,,exact,exact,unknown,unknown,f,f,0
B01-006,2026-09-17 10:56:57.287482+00,532615,901,15,,,exact,exact,unknown,unknown,f,f,0
B01-006,2026-09-17 13:45:59.805339+00,542757,903,15,,,exact,exact,unknown,unknown,f,f,0
B01-006,2026-09-17 18:11:01.913996+00,558659,904,15,,,exact,exact,unknown,unknown,f,f,0
B01-006,2026-09-17 20:06:02.660137+00,565560,905,15,,,exact,exact,unknown,unknown,f,f,0
B01-006,2026-09-17 22:35:58.390095+00,574556,906,15,,,exact,exact,unknown,unknown,f,f,0
B01-006,2026-09-18 03:01:05.285033+00,590463,907,15,,,exact,exact,unknown,unknown,f,f,0
B01-006,2026-09-18 07:06:21.697799+00,605179,908,15,,,exact,exact,unknown,unknown,f,f,0
B01-006,2026-09-18 08:56:28.933324+00,611786,910,15,,,exact,exact,unknown,unknown,f,f,1
B01-006,2026-09-18 09:41:38.474578+00,614496,911,15,,,exact,exact,unknown,unknown,f,f,0
B01-006,2026-09-18 10:46:17.894262+00,618375,912,15,,,exact,exact,unknown,unknown,f,f,0
B01-006,2026-09-18 11:06:23.105164+00,619581,913,15,,,exact,exact,unknown,unknown,f,f,0
B01-006,2026-09-18 12:06:20.896472+00,623178,914,15,,,exact,exact,unknown,unknown,f,f,0
B01-006,2026-09-19 01:05:54.993437+00,669953,915,15,,,exact,exact,unknown,unknown,f,f,0
B01-006,2026-09-19 07:06:08.311115+00,691566,916,15,,,exact,exact,unknown,unknown,f,f,0
B01-006,2026-09-19 09:01:10.327351+00,698468,917,15,,,exact,exact,unknown,unknown,f,f,0
B01-006,2026-09-19 10:06:04.94464+00,702362,918,15,,,exact,exact,unknown,unknown,f,f,0
B01-006,2026-09-19 16:31:19.546131+00,725477,919,15,,,exact,exact,unknown,unknown,f,f,0
B01-006,2026-09-19 19:21:06.208476+00,735664,920,15,,,exact,exact,unknown,unknown,f,f,0
B01-006,2026-09-20 07:36:09.599512+00,779767,924,15,,,exact,exact,unknown,unknown,f,f,1
B01-006,2026-09-20 11:16:15.270624+00,792973,925,15,,,exact,exact,unknown,unknown,f,f,0
B01-006,2026-09-20 12:41:35.615275+00,798093,926,15,,,exact,exact,unknown,unknown,f,f,0
B01-006,2026-09-20 14:56:05.579818+00,806163,927,15,,,exact,exact,unknown,unknown,f,f,0
B01-006,2026-09-20 17:26:13.281934+00,815171,928,15,,,exact,exact,unknown,unknown,f,f,0
B01-006,2026-09-20 20:46:05.791522+00,827163,929,15,,,exact,exact,unknown,unknown,f,f,0
B01-006,2026-09-21 00:16:03.570892+00,839761,930,15,,,exact,exact,unknown,unknown,f,f,0
B01-006,2026-09-21 07:06:59.634095+00,864417,931,15,,,exact,exact,unknown,unknown,f,f,0
B01-006,2026-09-21 09:57:09.287743+00,874627,933,15,,,exact,exact,unknown,unknown,f,f,0
B01-006,2026-09-21 11:49:33.913321+00,881371,934,15,,,exact,exact,unknown,unknown,f,f,0
B01-006,2026-09-21 16:00:43.18802+00,896441,935,15,,,exact,exact,unknown,unknown,f,f,0
B01-006,2026-09-21 23:37:19.438157+00,923837,936,15,,,exact,exact,unknown,unknown,f,f,0
B01-006,2026-09-22 03:12:21.56353+00,936739,937,15,,,exact,exact,unknown,unknown,f,f,0
B01-006,2026-09-22 07:02:40.772096+00,950558,938,15,,,exact,exact,unknown,unknown,f,f,0
B01-006,2026-09-22 11:27:46.994025+00,966465,940,15,,,exact,exact,unknown,unknown,f,f,0
B01-006,2026-09-22 19:01:34.017935+00,993692,941,15,,,exact,exact,unknown,unknown,f,f,0
B01-006,2026-09-23 02:46:14.110784+00,1021572,942,15,,,exact,exact,unknown,unknown,f,f,0
B01-006,2026-09-23 07:06:22.828154+00,1037180,944,15,,,exact,exact,unknown,unknown,f,f,1
B01-006,2026-09-23 11:56:18.525518+00,1054576,946,15,,,exact,exact,unknown,unknown,f,f,0
B01-006,2026-09-23 13:11:19.346808+00,1059077,947,15,,,exact,exact,unknown,unknown,f,f,0
B01-006,2026-09-24 07:11:20.053808+00,1123878,949,15,,,exact,exact,unknown,unknown,f,f,1
B01-006,2026-09-24 08:46:21.585697+00,1129579,951,15,,,exact,exact,unknown,unknown,f,f,1
B01-006,2026-09-24 18:06:27.657602+00,1163185,953,15,,,exact,exact,unknown,unknown,f,f,1
B01-006,2026-09-24 20:36:20.514183+00,1172178,954,15,,,exact,exact,unknown,unknown,f,f,0
B01-006,2026-09-25 02:41:14.818712+00,1194072,955,15,,,exact,exact,unknown,unknown,f,f,0
B01-006,2026-09-25 07:06:21.97053+00,1209980,956,15,,,exact,exact,unknown,unknown,f,f,0
B01-006,2026-09-25 11:46:18.613405+00,1226776,957,15,,,exact,exact,unknown,unknown,f,f,0
B01-007,2026-09-07 16:03:16.566775+00,16,,0,0,0,exact,exact,exact,exact,f,f,0
B01-007,2026-09-07 16:15:17.873131+00,737,45,4,0,1,exact,exact,exact,exact,f,f,0
B01-007,2026-09-07 16:30:40.824781+00,1660,81,4,0,1,exact,exact,exact,exact,f,f,0
B01-007,2026-09-07 16:40:53.48596+00,2273,118,5,0,1,exact,exact,exact,exact,f,f,0
B01-007,2026-09-07 16:50:59.975267+00,2879,131,6,0,1,exact,exact,exact,exact,f,f,0
B01-007,2026-09-07 17:00:59.549292+00,3479,148,6,0,1,exact,exact,exact,exact,f,f,0
B01-007,2026-09-07 17:11:55.481604+00,4135,172,7,0,1,exact,exact,exact,exact,f,f,0
B01-007,2026-09-07 17:22:09.66379+00,4749,187,7,0,1,exact,exact,exact,exact,f,f,0
B01-007,2026-09-07 17:31:54.415793+00,5334,202,7,0,1,exact,exact,exact,exact,f,f,0
B01-007,2026-09-07 17:42:02.33792+00,5942,204,7,0,1,exact,exact,exact,exact,f,f,0
B01-007,2026-09-07 17:51:50.627563+00,6530,227,7,0,1,exact,exact,exact,exact,f,f,0
B01-007,2026-09-07 18:02:02.972075+00,7142,240,7,0,1,exact,exact,exact,exact,f,f,0
B01-007,2026-09-07 18:12:51.031527+00,7791,254,7,0,1,exact,exact,exact,exact,f,f,0
B01-007,2026-09-07 18:23:00.332485+00,8400,270,8,0,1,exact,exact,exact,exact,f,f,0
B01-007,2026-09-07 18:32:55.136024+00,8995,282,8,0,1,exact,exact,exact,exact,f,f,0
B01-007,2026-09-07 18:43:28.793601+00,9628,301,9,0,1,exact,exact,exact,exact,f,f,0
B01-007,2026-09-07 18:53:40.845368+00,10240,312,9,0,1,exact,exact,exact,exact,f,f,0
B01-007,2026-09-07 19:03:59.129687+00,10859,338,9,0,1,exact,exact,exact,exact,f,f,0
B01-007,2026-09-07 19:15:25.769205+00,11545,355,9,0,1,exact,exact,exact,exact,f,f,0
B01-007,2026-09-07 19:25:46.380117+00,12166,373,11,0,1,exact,exact,exact,exact,f,f,0
B01-007,2026-09-07 19:35:45.044043+00,12765,391,12,0,1,exact,exact,exact,exact,f,f,0
B01-007,2026-09-07 19:45:53.507873+00,13373,402,12,0,1,exact,exact,exact,exact,f,f,0
B01-007,2026-09-07 19:55:37.888307+00,13957,431,12,0,1,exact,exact,exact,exact,f,f,0
B01-007,2026-09-07 20:06:33.566686+00,14613,443,12,0,1,exact,exact,exact,exact,f,f,0
B01-007,2026-09-07 21:16:08.015399+00,18788,516,14,0,1,exact,exact,exact,exact,f,f,0
B01-007,2026-09-07 21:26:05.06749+00,19385,525,14,0,1,exact,exact,exact,exact,f,f,0
B01-007,2026-09-07 21:36:25.982201+00,20005,531,14,0,1,exact,exact,exact,exact,f,f,0
B01-007,2026-09-07 21:46:02.3622+00,20582,541,14,0,1,exact,exact,exact,exact,f,f,0
B01-007,2026-09-07 21:56:16.506174+00,21196,544,14,0,1,exact,exact,exact,exact,f,f,0
B01-007,2026-09-07 22:06:43.727945+00,21823,548,14,0,1,exact,exact,exact,exact,f,f,0
B01-007,2026-09-07 22:17:14.350292+00,22454,550,14,0,1,exact,exact,exact,exact,f,f,0
B01-007,2026-09-07 22:26:42.261869+00,23022,553,14,0,1,exact,exact,exact,exact,f,f,0
B01-007,2026-09-07 22:36:54.076418+00,23634,556,14,0,1,exact,exact,exact,exact,f,f,0
B01-007,2026-09-07 22:46:27.18452+00,24207,556,14,0,1,exact,exact,exact,exact,f,f,0
B01-007,2026-09-07 22:56:29.363218+00,24809,558,14,0,1,exact,exact,exact,exact,f,f,0
B01-007,2026-09-07 23:07:08.950705+00,25448,558,14,0,1,exact,exact,exact,exact,f,f,0
B01-007,2026-09-07 23:17:18.612547+00,26058,559,14,0,1,exact,exact,exact,exact,f,f,0
B01-007,2026-09-07 23:26:58.597193+00,26638,560,14,0,1,exact,exact,exact,exact,f,f,0
B01-007,2026-09-07 23:37:13.566272+00,27253,563,14,0,1,exact,exact,exact,exact,f,f,0
B01-007,2026-09-07 23:47:17.218953+00,27857,565,14,0,1,exact,exact,exact,exact,f,f,0
B01-007,2026-09-07 23:56:49.151616+00,28429,566,14,0,1,exact,exact,exact,exact,f,f,0
B01-007,2026-09-08 00:07:55.906669+00,29095,566,14,0,1,exact,exact,exact,exact,f,f,0
B01-007,2026-09-08 00:17:37.666626+00,29677,569,14,0,1,exact,exact,exact,exact,f,f,0
B01-007,2026-09-08 00:27:58.127023+00,30298,569,14,0,1,exact,exact,exact,exact,f,f,0
B01-007,2026-09-08 00:37:37.638813+00,30877,569,14,0,1,exact,exact,exact,exact,f,f,0
B01-007,2026-09-08 00:47:54.730658+00,31494,570,14,0,1,exact,exact,exact,exact,f,f,0
B01-007,2026-09-08 00:57:40.130904+00,32080,571,14,0,1,exact,exact,exact,exact,f,f,0
B01-007,2026-09-08 01:08:41.895291+00,32741,571,14,0,1,exact,exact,exact,exact,f,f,0
B01-007,2026-09-08 01:18:31.200174+00,33331,571,14,0,1,exact,exact,exact,exact,f,f,0
B01-007,2026-09-08 01:28:32.398066+00,33932,571,14,0,1,exact,exact,exact,exact,f,f,0
B01-007,2026-09-08 01:38:08.154288+00,34508,572,14,0,1,exact,exact,exact,exact,f,f,0
B01-007,2026-09-08 01:48:04.958371+00,35104,572,14,0,1,exact,exact,exact,exact,f,f,0
B01-007,2026-09-08 01:57:41.297232+00,35681,572,14,0,1,exact,exact,exact,exact,f,f,0
B01-007,2026-09-08 02:08:42.439998+00,36342,575,14,0,1,exact,exact,exact,exact,f,f,0
B01-007,2026-09-08 02:18:33.453715+00,36933,575,14,0,1,exact,exact,exact,exact,f,f,0
B01-007,2026-09-08 02:28:30.020112+00,37530,578,14,0,1,exact,exact,exact,exact,f,f,0
B01-007,2026-09-08 02:38:23.500278+00,38123,579,14,0,1,exact,exact,exact,exact,f,f,0
B01-007,2026-09-08 02:48:24.079692+00,38724,581,14,0,1,exact,exact,exact,exact,f,f,0
B01-007,2026-09-08 02:58:20.082883+00,39320,582,14,0,1,exact,exact,exact,exact,f,f,0
B01-007,2026-09-08 03:09:09.73321+00,39969,586,14,0,1,exact,exact,exact,exact,f,f,0
B01-007,2026-09-08 03:19:39.112607+00,40599,589,14,0,1,exact,exact,exact,exact,f,f,0
B01-007,2026-09-08 03:29:35.011701+00,41195,592,14,0,1,exact,exact,exact,exact,f,f,0
B01-007,2026-09-08 03:39:45.703486+00,41805,597,14,0,1,exact,exact,exact,exact,f,f,0
B01-007,2026-09-08 03:49:59.196084+00,42419,601,14,0,1,exact,exact,exact,exact,f,f,0
B01-007,2026-09-08 03:59:53.67246+00,43013,601,14,0,1,exact,exact,exact,exact,f,f,0
B01-007,2026-09-08 04:10:55.258546+00,43675,611,14,0,1,exact,exact,exact,exact,f,f,0
B01-007,2026-09-08 04:21:02.796942+00,44282,624,14,0,1,exact,exact,exact,exact,f,f,0
B01-007,2026-09-08 04:31:21.560737+00,44901,639,14,0,1,exact,exact,exact,exact,f,f,0
B01-007,2026-09-08 04:41:11.519898+00,45491,643,14,0,1,exact,exact,exact,exact,f,f,0
B01-007,2026-09-08 04:51:34.162827+00,46114,648,14,0,1,exact,exact,exact,exact,f,f,0
B01-007,2026-09-08 05:01:19.961677+00,46699,661,15,0,1,exact,exact,exact,exact,f,f,0
B01-007,2026-09-08 05:12:31.537837+00,47371,675,15,0,1,exact,exact,exact,exact,f,f,0
B01-007,2026-09-08 05:22:46.470047+00,47986,683,15,0,1,exact,exact,exact,exact,f,f,0
B01-007,2026-09-08 05:33:41.24514+00,48641,703,15,0,1,exact,exact,exact,exact,f,f,0
B01-007,2026-09-08 05:44:06.171261+00,49266,712,16,0,1,exact,exact,exact,exact,f,f,0
B01-007,2026-09-08 05:54:47.573167+00,49907,730,16,0,1,exact,exact,exact,exact,f,f,0
B01-007,2026-09-08 06:05:59.555096+00,50579,752,17,0,1,exact,exact,exact,exact,f,f,0
B01-007,2026-09-08 06:16:39.60795+00,51219,769,17,0,1,exact,exact,exact,exact,f,f,0
B01-007,2026-09-08 06:26:49.405133+00,51829,779,18,0,1,exact,exact,exact,exact,f,f,0
B01-007,2026-09-08 06:37:30.460013+00,52470,783,18,0,1,exact,exact,exact,exact,f,f,0
B01-007,2026-09-08 06:47:29.266806+00,53069,789,18,0,1,exact,exact,exact,exact,f,f,0
B01-007,2026-09-08 06:58:01.171665+00,53701,800,18,0,1,exact,exact,exact,exact,f,f,0
B01-007,2026-09-08 07:09:08.822767+00,54368,817,18,0,1,exact,exact,exact,exact,f,f,0
B01-007,2026-09-08 07:19:48.450694+00,55008,825,18,0,1,exact,exact,exact,exact,f,f,0
B01-007,2026-09-08 07:30:23.493235+00,55643,831,18,0,1,exact,exact,exact,exact,f,f,0
B01-007,2026-09-08 07:40:42.564225+00,56262,842,19,0,1,exact,exact,exact,exact,f,f,0
B01-007,2026-09-08 07:51:31.65684+00,56911,848,19,0,1,exact,exact,exact,exact,f,f,0
B01-007,2026-09-08 08:01:38.582806+00,57518,851,19,0,1,exact,exact,exact,exact,f,f,0
B01-007,2026-09-08 08:13:05.146218+00,58205,853,19,0,1,exact,exact,exact,exact,f,f,0
B01-007,2026-09-08 08:23:26.526617+00,58826,862,19,0,1,exact,exact,exact,exact,f,f,0
B01-007,2026-09-08 08:33:59.375461+00,59459,868,19,0,1,exact,exact,exact,exact,f,f,0
B01-007,2026-09-08 08:44:04.904147+00,60064,879,19,0,1,exact,exact,exact,exact,f,f,0
B01-007,2026-09-08 08:54:48.929224+00,60708,885,19,0,1,exact,exact,exact,exact,f,f,0
B01-007,2026-09-08 09:05:51.868266+00,61371,890,19,0,1,exact,exact,exact,exact,f,f,0
B01-007,2026-09-08 09:16:55.328693+00,62035,898,19,0,1,exact,exact,exact,exact,f,f,0
B01-007,2026-09-08 09:27:32.32478+00,62672,909,19,0,1,exact,exact,exact,exact,f,f,0
B01-007,2026-09-08 09:38:02.410922+00,63302,916,19,0,1,exact,exact,exact,exact,f,f,0
B01-007,2026-09-08 09:48:34.267256+00,63934,918,19,0,1,exact,exact,exact,exact,f,f,0
B01-007,2026-09-08 09:59:03.076696+00,64563,923,19,0,1,exact,exact,exact,exact,f,f,0
B01-007,2026-09-08 10:10:47.647904+00,65267,926,19,0,1,exact,exact,exact,exact,f,f,0
B01-007,2026-09-08 10:21:20.776503+00,65900,927,19,0,1,exact,exact,exact,exact,f,f,0
B01-007,2026-09-08 10:31:56.588074+00,66536,935,19,0,1,exact,exact,exact,exact,f,f,0
B01-007,2026-09-08 10:42:18.208269+00,67158,939,19,0,1,exact,exact,exact,exact,f,f,0
B01-007,2026-09-08 10:53:11.185634+00,67811,941,19,0,1,exact,exact,exact,exact,f,f,0
B01-007,2026-09-08 11:03:34.513144+00,68434,945,19,0,1,exact,exact,exact,exact,f,f,0
B01-007,2026-09-08 11:15:22.13904+00,69142,949,19,0,1,exact,exact,exact,exact,f,f,0
B01-007,2026-09-08 11:26:00.810637+00,69780,956,19,0,1,exact,exact,exact,exact,f,f,0
B01-007,2026-09-08 11:37:06.099309+00,70446,965,20,0,1,exact,exact,exact,exact,f,f,0
B01-007,2026-09-08 11:47:36.821537+00,71076,972,20,0,1,exact,exact,exact,exact,f,f,0
B01-007,2026-09-08 11:58:16.150508+00,71716,977,20,0,1,exact,exact,exact,exact,f,f,0
B01-007,2026-09-08 12:09:45.766822+00,72405,984,20,0,1,exact,exact,exact,exact,f,f,0
B01-007,2026-09-08 12:20:19.227499+00,73039,989,20,0,1,exact,exact,exact,exact,f,f,0
B01-007,2026-09-08 12:30:56.366276+00,73676,998,20,0,1,exact,exact,exact,exact,f,f,0
B01-007,2026-09-08 12:41:24.868119+00,74304,1004,20,0,1,exact,exact,exact,exact,f,f,0
B01-007,2026-09-08 12:52:06.661663+00,74946,1005,20,0,1,exact,exact,exact,exact,f,f,0
B01-007,2026-09-08 13:02:24.742042+00,75564,1008,20,0,1,exact,exact,exact,exact,f,f,0
B01-007,2026-09-08 13:14:11.347229+00,76271,1024,20,0,1,exact,exact,exact,exact,f,f,0
B01-007,2026-09-08 13:24:24.772097+00,76884,1029,20,0,1,exact,exact,exact,exact,f,f,0
B01-007,2026-09-08 13:35:34.273567+00,77554,1034,20,0,1,exact,exact,exact,exact,f,f,0
B01-007,2026-09-08 13:46:11.210699+00,78191,1041,20,0,1,exact,exact,exact,exact,f,f,0
B01-007,2026-09-08 13:57:06.649002+00,78846,1044,20,0,1,exact,exact,exact,exact,f,f,0
B01-007,2026-09-08 14:08:21.827822+00,79521,1047,20,0,1,exact,exact,exact,exact,f,f,0
B01-007,2026-09-08 14:19:41.347489+00,80201,1055,20,0,1,exact,exact,exact,exact,f,f,0
B01-007,2026-09-08 14:30:28.581586+00,80848,1063,20,0,1,exact,exact,exact,exact,f,f,0
B01-007,2026-09-08 14:41:14.034747+00,81494,1066,20,0,1,exact,exact,exact,exact,f,f,0
B01-007,2026-09-08 14:52:24.886293+00,82164,1068,20,0,1,exact,exact,exact,exact,f,f,0
B01-007,2026-09-08 15:02:44.538446+00,82784,1074,20,0,1,exact,exact,exact,exact,f,f,0
B01-007,2026-09-08 15:14:46.343061+00,83506,1077,20,0,1,exact,exact,exact,exact,f,f,0
B01-007,2026-09-08 15:25:24.733819+00,84144,1079,20,0,1,exact,exact,exact,exact,f,f,0
B01-007,2026-09-08 15:43:27.042678+00,85227,1088,21,0,2,exact,exact,exact,exact,f,f,0
B01-007,2026-09-08 15:53:40.783914+00,85840,1101,21,0,2,exact,exact,exact,exact,f,f,0
B01-007,2026-09-08 16:04:03.608161+00,86463,1108,21,0,2,exact,exact,exact,exact,f,f,0
B01-007,2026-09-08 16:15:59.621074+00,87179,1115,21,0,2,exact,exact,exact,exact,f,f,0
B01-007,2026-09-08 16:28:19.171613+00,87919,1122,21,0,2,exact,exact,exact,exact,f,f,0
B01-007,2026-09-08 16:44:43.301806+00,88903,1130,21,0,2,exact,exact,exact,exact,f,f,0
B01-007,2026-09-08 16:55:23.521208+00,89543,1142,21,0,2,exact,exact,exact,exact,f,f,0
B01-007,2026-09-08 17:07:32.071079+00,90272,1143,21,0,2,exact,exact,exact,exact,f,f,0
B01-007,2026-09-08 17:30:59.056227+00,91679,1158,21,0,2,exact,exact,exact,exact,f,f,0
B01-007,2026-09-08 17:42:11.364023+00,92351,1166,21,0,2,exact,exact,exact,exact,f,f,0
B01-007,2026-09-08 17:52:37.08563+00,92977,1173,21,0,2,exact,exact,exact,exact,f,f,0
B01-007,2026-09-08 18:15:01.052137+00,94321,1185,21,0,2,exact,exact,exact,exact,f,f,0
B01-007,2026-09-08 18:25:37.033808+00,94957,1188,21,0,2,exact,exact,exact,exact,f,f,0
B01-007,2026-09-08 18:35:47.938776+00,95567,1193,21,0,2,exact,exact,exact,exact,f,f,0
B01-007,2026-09-08 18:56:27.927179+00,96807,1206,21,0,2,exact,exact,exact,exact,f,f,0
B01-007,2026-09-08 19:09:49.542534+00,97609,1211,21,0,2,exact,exact,exact,exact,f,f,0
B01-007,2026-09-08 19:20:27.761072+00,98247,1213,21,0,2,exact,exact,exact,exact,f,f,0
B01-007,2026-09-08 19:42:43.801442+00,99583,1220,21,0,2,exact,exact,exact,exact,f,f,0
B01-007,2026-09-08 19:54:51.731663+00,100311,1223,21,0,2,exact,exact,exact,exact,f,f,0
B01-007,2026-09-08 20:07:45.247962+00,101085,1228,21,0,2,exact,exact,exact,exact,f,f,0
B01-007,2026-09-08 20:30:48.94092+00,102468,1234,21,0,2,exact,exact,exact,exact,f,f,0
B01-007,2026-09-08 20:42:04.617327+00,103144,1241,21,0,2,exact,exact,exact,exact,f,f,0
B01-007,2026-09-08 20:53:04.363889+00,103804,1252,21,0,2,exact,exact,exact,exact,f,f,0
B01-007,2026-09-08 21:13:42.238646+00,105042,1260,21,0,2,exact,exact,exact,exact,f,f,0
B01-007,2026-09-08 21:29:27.183025+00,105987,1263,21,0,2,exact,exact,exact,exact,f,f,0
B01-007,2026-09-08 21:45:07.563579+00,106927,1268,21,0,2,exact,exact,exact,exact,f,f,0
B01-007,2026-09-08 22:01:41.637245+00,107921,1271,21,0,2,exact,exact,exact,exact,f,f,0
B01-007,2026-09-08 22:13:31.154382+00,108631,1273,21,0,2,exact,exact,exact,exact,f,f,0
B01-007,2026-09-08 22:23:33.715525+00,109233,1273,21,0,2,exact,exact,exact,exact,f,f,0
B01-007,2026-09-08 22:42:53.997667+00,110393,1280,22,0,2,exact,exact,exact,exact,f,f,0
B01-007,2026-09-08 22:52:50.705843+00,110990,1280,22,0,2,exact,exact,exact,exact,f,f,0
B01-007,2026-09-08 23:12:58.16942+00,112198,1282,22,0,2,exact,exact,exact,exact,f,f,0
B01-007,2026-09-08 23:22:31.882999+00,112771,1282,22,0,2,exact,exact,exact,exact,f,f,0
B01-007,2026-09-08 23:41:38.755951+00,113918,1283,22,0,2,exact,exact,exact,exact,f,f,0
B01-007,2026-09-08 23:51:24.096152+00,114504,1283,22,0,2,exact,exact,exact,exact,f,f,0
B01-007,2026-09-09 00:11:18.241674+00,115698,1283,22,0,2,exact,exact,exact,exact,f,f,0
B01-007,2026-09-09 00:21:20.901229+00,116300,1283,22,0,2,exact,exact,exact,exact,f,f,0
B01-007,2026-09-09 00:40:38.646473+00,117458,1287,22,0,2,exact,exact,exact,exact,f,f,0
B01-007,2026-09-09 00:50:24.078184+00,118044,1287,22,0,2,exact,exact,exact,exact,f,f,0
B01-007,2026-09-09 01:10:15.347017+00,119235,1287,22,0,2,exact,exact,exact,exact,f,f,0
B01-007,2026-09-09 01:19:47.482595+00,119807,1287,22,0,2,exact,exact,exact,exact,f,f,0
B01-007,2026-09-09 01:39:07.243808+00,120967,1289,22,0,2,exact,exact,exact,exact,f,f,0
B01-007,2026-09-09 01:58:28.364725+00,122128,1292,22,0,2,exact,exact,exact,exact,f,f,0
B01-007,2026-09-09 02:09:23.27193+00,122783,1292,22,0,2,exact,exact,exact,exact,f,f,0
B01-007,2026-09-09 02:19:00.221154+00,123360,1292,22,0,2,exact,exact,exact,exact,f,f,0
B01-007,2026-09-09 02:38:17.490563+00,124517,1296,22,0,2,exact,exact,exact,exact,f,f,0
B01-007,2026-09-09 02:57:47.841802+00,125687,1297,22,0,2,exact,exact,exact,exact,f,f,0
B01-007,2026-09-09 03:10:28.754242+00,126448,1299,22,0,2,exact,exact,exact,exact,f,f,0
B01-007,2026-09-09 03:21:03.973142+00,127083,1299,22,0,2,exact,exact,exact,exact,f,f,0
B01-007,2026-09-09 03:40:49.911976+00,128269,1300,22,0,2,exact,exact,exact,exact,f,f,0
B01-007,2026-09-09 03:51:00.024056+00,128880,1301,22,0,2,exact,exact,exact,exact,f,f,0
B01-007,2026-09-09 04:11:22.397407+00,130102,1304,22,0,2,exact,exact,exact,exact,f,f,0
B01-007,2026-09-09 04:21:12.170028+00,130692,1304,22,0,2,exact,exact,exact,exact,f,f,0
B01-007,2026-09-09 04:41:06.086792+00,131886,1313,22,0,2,exact,exact,exact,exact,f,f,0
B01-007,2026-09-09 04:51:20.274724+00,132500,1314,22,0,2,exact,exact,exact,exact,f,f,0
B01-007,2026-09-09 05:13:52.806677+00,133852,1314,22,0,2,exact,exact,exact,exact,f,f,0
B01-007,2026-09-09 05:25:50.105788+00,134570,1316,22,0,2,exact,exact,exact,exact,f,f,0
B01-007,2026-09-09 05:37:01.37621+00,135241,1320,23,0,2,exact,exact,exact,exact,f,f,0
B01-007,2026-09-09 05:59:37.828056+00,136597,1328,23,0,2,exact,exact,exact,exact,f,f,0
B01-007,2026-09-09 06:13:58.978147+00,137458,1333,23,0,2,exact,exact,exact,exact,f,f,0
B01-007,2026-09-09 06:24:50.134085+00,138110,1333,23,0,2,exact,exact,exact,exact,f,f,0
B01-007,2026-09-09 06:35:16.82239+00,138736,1337,23,0,2,exact,exact,exact,exact,f,f,0
B01-007,2026-09-09 06:55:25.57443+00,139945,1340,23,0,2,exact,exact,exact,exact,f,f,0
B01-007,2026-09-09 07:06:47.745182+00,140627,1345,23,0,2,exact,exact,exact,exact,f,f,0
B01-007,2026-09-09 07:27:33.094893+00,141873,1351,23,0,2,exact,exact,exact,exact,f,f,0
B01-007,2026-09-09 07:37:20.659908+00,142460,1353,23,0,2,exact,exact,exact,exact,f,f,0
B01-007,2026-09-09 07:57:09.493827+00,143649,1363,23,0,2,exact,exact,exact,exact,f,f,0
B01-007,2026-09-09 08:08:31.244654+00,144331,1366,23,0,2,exact,exact,exact,exact,f,f,0
B01-007,2026-09-09 08:28:58.087047+00,145558,1371,23,0,2,exact,exact,exact,exact,f,f,0
B01-007,2026-09-09 08:39:16.961003+00,146176,1373,23,0,2,exact,exact,exact,exact,f,f,0
B01-007,2026-09-09 08:49:46.378694+00,146806,1378,23,0,2,exact,exact,exact,exact,f,f,0
B01-007,2026-09-09 09:11:21.666267+00,148101,1384,23,0,2,exact,exact,exact,exact,f,f,0
B01-007,2026-09-09 09:21:54.00783+00,148734,1388,23,0,2,exact,exact,exact,exact,f,f,0
B01-007,2026-09-09 09:42:19.879746+00,149959,1407,23,0,2,exact,exact,exact,exact,f,f,0
B01-007,2026-09-09 09:52:39.741883+00,150579,1415,23,0,2,exact,exact,exact,exact,f,f,0
B01-007,2026-09-09 10:14:26.493199+00,151886,1419,23,0,2,exact,exact,exact,exact,f,f,0
B01-007,2026-09-09 10:24:45.915894+00,152505,1420,23,0,2,exact,exact,exact,exact,f,f,0
B01-007,2026-09-09 10:35:18.948831+00,153138,1423,23,0,2,exact,exact,exact,exact,f,f,0
B01-007,2026-09-09 10:55:35.671317+00,154355,1430,23,0,2,exact,exact,exact,exact,f,f,0
B01-007,2026-09-09 11:07:18.720705+00,155058,1434,23,0,2,exact,exact,exact,exact,f,f,0
B01-007,2026-09-09 11:28:45.055632+00,156345,1444,23,0,2,exact,exact,exact,exact,f,f,0
B01-007,2026-09-09 11:39:15.847413+00,156975,1445,23,0,2,exact,exact,exact,exact,f,f,0
B01-007,2026-09-09 11:59:38.483745+00,158198,1446,23,0,2,exact,exact,exact,exact,f,f,0
B01-007,2026-09-09 12:10:59.051536+00,158879,1446,23,0,2,exact,exact,exact,exact,f,f,0
B01-007,2026-09-09 12:21:26.952089+00,159506,1453,23,0,2,exact,exact,exact,exact,f,f,0
B01-007,2026-09-09 12:42:16.525828+00,160756,1459,23,0,2,exact,exact,exact,exact,f,f,0
B01-007,2026-09-09 12:52:53.463073+00,161393,1463,23,0,2,exact,exact,exact,exact,f,f,0
B01-007,2026-09-09 13:14:32.458911+00,162692,1473,23,0,2,exact,exact,exact,exact,f,f,0
B01-007,2026-09-09 13:24:48.286741+00,163308,1478,23,0,2,exact,exact,exact,exact,f,f,0
B01-007,2026-09-09 13:35:24.905893+00,163944,1478,23,0,2,exact,exact,exact,exact,f,f,0
B01-007,2026-09-09 13:56:19.643237+00,165199,1483,23,0,2,exact,exact,exact,exact,f,f,0
B01-007,2026-09-09 14:07:40.782429+00,165880,1486,23,0,2,exact,exact,exact,exact,f,f,0
B01-007,2026-09-09 14:28:07.722563+00,167107,1487,23,0,2,exact,exact,exact,exact,f,f,0
B01-007,2026-09-09 14:38:42.205241+00,167742,1493,23,0,2,exact,exact,exact,exact,f,f,0
B01-007,2026-09-09 14:59:33.159024+00,168993,1497,23,0,2,exact,exact,exact,exact,f,f,0
B01-007,2026-09-09 15:15:31.369509+00,169951,1498,23,0,2,exact,exact,exact,exact,f,f,0
B01-007,2026-09-09 15:26:12.419896+00,170592,1502,23,0,2,exact,exact,exact,exact,f,f,0
B01-007,2026-09-09 15:36:26.325309+00,171206,1502,23,0,2,exact,exact,exact,exact,f,f,0
B01-007,2026-09-09 15:58:26.739427+00,172526,1505,23,0,2,exact,exact,exact,exact,f,f,0
B01-007,2026-09-09 16:10:02.913161+00,173222,1509,23,0,2,exact,exact,exact,exact,f,f,0
B01-007,2026-09-09 16:20:46.867186+00,173866,1509,23,0,2,exact,exact,exact,exact,f,f,0
B01-007,2026-09-09 16:42:15.331868+00,175155,1510,23,0,2,exact,exact,exact,exact,f,f,0
B01-007,2026-09-09 16:52:24.439274+00,175764,1515,23,0,2,exact,exact,exact,exact,f,f,0
B01-007,2026-09-09 17:14:25.151964+00,177085,1519,23,0,2,exact,exact,exact,exact,f,f,0
B01-007,2026-09-09 17:24:53.389342+00,177713,1519,23,0,2,exact,exact,exact,exact,f,f,0
B01-007,2026-09-09 17:41:16.973572+00,178696,1519,23,0,2,exact,exact,exact,exact,f,f,0
B01-007,2026-09-09 17:52:43.134635+00,179383,1523,23,0,2,exact,exact,exact,exact,f,f,0
B01-007,2026-09-09 18:14:43.766557+00,180703,1532,23,0,2,exact,exact,exact,exact,f,f,0
B01-007,2026-09-09 18:25:22.637976+00,181342,1538,23,0,2,exact,exact,exact,exact,f,f,0
B01-007,2026-09-09 18:36:49.280202+00,182029,1543,23,0,2,exact,exact,exact,exact,f,f,0
B01-007,2026-09-09 18:57:35.403733+00,183275,1548,23,0,2,exact,exact,exact,exact,f,f,0
B01-007,2026-09-09 19:09:48.351842+00,184008,1550,23,0,2,exact,exact,exact,exact,f,f,0
B01-007,2026-09-09 19:20:02.78541+00,184622,1553,23,0,2,exact,exact,exact,exact,f,f,0
B01-007,2026-09-09 19:41:03.332568+00,185883,1563,23,0,2,exact,exact,exact,exact,f,f,0
B01-007,2026-09-09 19:51:51.745741+00,186531,1568,23,0,2,exact,exact,exact,exact,f,f,0
B01-007,2026-09-09 20:13:39.8355+00,187839,1573,23,0,2,exact,exact,exact,exact,f,f,0
B01-007,2026-09-09 20:24:01.895457+00,188461,1573,23,0,2,exact,exact,exact,exact,f,f,0
B01-007,2026-09-09 20:44:38.663196+00,189698,1574,23,0,2,exact,exact,exact,exact,f,f,0
B01-007,2026-09-09 20:54:45.548613+00,190305,1575,23,0,2,exact,exact,exact,exact,f,f,0
B01-007,2026-09-09 21:06:02.609588+00,190982,1577,23,0,2,exact,exact,exact,exact,f,f,0
B01-007,2026-09-09 21:26:09.589+00,192189,1579,23,0,2,exact,exact,exact,exact,f,f,0
B01-007,2026-09-09 21:35:59.822866+00,192779,1579,23,0,2,exact,exact,exact,exact,f,f,0
B01-007,2026-09-09 21:56:52.952559+00,194032,1579,23,0,2,exact,exact,exact,exact,f,f,0
B01-007,2026-09-09 22:09:23.924749+00,194783,1581,23,0,2,exact,exact,exact,exact,f,f,0
B01-007,2026-09-09 22:19:48.670082+00,195408,1581,23,0,2,exact,exact,exact,exact,f,f,0
B01-007,2026-09-09 22:39:45.545855+00,196605,1581,23,0,2,exact,exact,exact,exact,f,f,0
B01-007,2026-09-09 22:50:11.433289+00,197231,1582,23,0,2,exact,exact,exact,exact,f,f,0
B01-007,2026-09-09 23:12:02.165525+00,198542,1582,23,0,2,exact,exact,exact,exact,f,f,0
B01-007,2026-09-09 23:22:22.884679+00,199162,1582,23,0,2,exact,exact,exact,exact,f,f,0
B01-007,2026-09-09 23:43:06.671082+00,200406,1585,23,0,2,exact,exact,exact,exact,f,f,0
B01-007,2026-09-09 23:53:45.368593+00,201045,1585,23,0,2,exact,exact,exact,exact,f,f,0
B01-007,2026-09-10 00:15:55.351662+00,202375,1585,23,0,2,exact,exact,exact,exact,f,f,0
B01-007,2026-09-10 00:26:41.759477+00,203021,1585,23,0,2,exact,exact,exact,exact,f,f,0
B01-007,2026-09-10 00:36:33.532347+00,203613,1585,23,0,2,exact,exact,exact,exact,f,f,0
B01-007,2026-09-10 00:56:39.278689+00,204819,1586,23,0,2,exact,exact,exact,exact,f,f,0
B01-007,2026-09-10 01:08:06.843111+00,205506,1586,23,0,2,exact,exact,exact,exact,f,f,0
B01-007,2026-09-10 01:28:32.091746+00,206732,1586,23,0,2,exact,exact,exact,exact,f,f,0
B01-007,2026-09-10 01:38:43.856897+00,207343,1586,23,0,2,exact,exact,exact,exact,f,f,0
B01-007,2026-09-10 01:58:52.863774+00,208552,1586,23,0,2,exact,exact,exact,exact,f,f,0
B01-007,2026-09-10 02:09:29.739473+00,209189,1586,23,0,2,exact,exact,exact,exact,f,f,0
B01-007,2026-09-10 02:20:17.701628+00,209837,1586,23,0,2,exact,exact,exact,exact,f,f,0
B01-007,2026-09-10 02:41:06.980973+00,211086,1586,23,0,2,exact,exact,exact,exact,f,f,0
B01-007,2026-09-10 02:51:12.783818+00,211692,1586,23,0,2,exact,exact,exact,exact,f,f,0
B01-007,2026-09-10 03:13:06.313306+00,213006,1587,23,0,2,exact,exact,exact,exact,f,f,0
B01-007,2026-09-10 03:23:43.6307+00,213643,1588,23,0,2,exact,exact,exact,exact,f,f,0
B01-007,2026-09-10 03:44:49.937508+00,214909,1588,23,0,2,exact,exact,exact,exact,f,f,0
B01-007,2026-09-10 03:56:10.731266+00,215590,1588,23,0,2,exact,exact,exact,exact,f,f,0
B01-007,2026-09-10 04:07:54.696148+00,216294,1588,23,0,2,exact,exact,exact,exact,f,f,0
B01-007,2026-09-10 04:29:22.614996+00,217582,1591,23,0,2,exact,exact,exact,exact,f,f,0
B01-007,2026-09-10 04:40:12.673893+00,218232,1592,23,0,2,exact,exact,exact,exact,f,f,0
B01-007,2026-09-10 04:50:37.795696+00,218857,1593,23,0,2,exact,exact,exact,exact,f,f,0
B01-007,2026-09-10 05:12:37.51528+00,220177,1594,23,0,2,exact,exact,exact,exact,f,f,0
B01-007,2026-09-10 05:22:56.02599+00,220796,1594,23,0,2,exact,exact,exact,exact,f,f,0
B01-007,2026-09-10 05:43:35.122655+00,222035,1604,23,0,2,exact,exact,exact,exact,f,f,0
B01-007,2026-09-10 05:54:30.130258+00,222690,1605,23,0,2,exact,exact,exact,exact,f,f,0
B01-007,2026-09-10 06:06:02.748613+00,223382,1606,23,0,2,exact,exact,exact,exact,f,f,0
B01-007,2026-09-10 06:27:23.356371+00,224663,1607,23,0,2,exact,exact,exact,exact,f,f,0
B01-007,2026-09-10 06:37:33.627153+00,225273,1607,23,0,2,exact,exact,exact,exact,f,f,0
B01-007,2026-09-10 06:58:12.083465+00,226512,1609,23,0,2,exact,exact,exact,exact,f,f,0
B01-007,2026-09-10 07:10:10.994709+00,227230,1613,23,0,2,exact,exact,exact,exact,f,f,0
B01-007,2026-09-10 07:20:55.325525+00,227875,1613,23,0,2,exact,exact,exact,exact,f,f,0
B01-007,2026-09-10 07:42:06.712653+00,229146,1620,23,0,2,exact,exact,exact,exact,f,f,0
B01-007,2026-09-10 07:52:20.4566+00,229760,1622,23,0,2,exact,exact,exact,exact,f,f,0
B01-007,2026-09-10 08:13:42.549234+00,231042,1623,23,0,2,exact,exact,exact,exact,f,f,0
B01-007,2026-09-10 08:24:58.387815+00,231718,1624,23,0,2,exact,exact,exact,exact,f,f,0
B01-007,2026-09-10 08:35:34.555099+00,232354,1627,23,0,2,exact,exact,exact,exact,f,f,0
B01-007,2026-09-10 08:56:55.390732+00,233635,1628,23,0,2,exact,exact,exact,exact,f,f,0
B01-007,2026-09-10 09:08:21.416254+00,234321,1628,23,0,2,exact,exact,exact,exact,f,f,0
B01-007,2026-09-10 09:29:11.343695+00,235571,1630,23,0,2,exact,exact,exact,exact,f,f,0
B01-007,2026-09-10 09:40:17.288126+00,236237,1630,23,0,2,exact,exact,exact,exact,f,f,0
B01-007,2026-09-10 09:50:50.998302+00,236870,1631,23,0,2,exact,exact,exact,exact,f,f,0
B01-007,2026-09-10 10:12:56.938579+00,238196,1633,23,0,2,exact,exact,exact,exact,f,f,0
B01-007,2026-09-10 10:23:12.253212+00,238812,1635,23,0,2,exact,exact,exact,exact,f,f,0
B01-007,2026-09-10 10:43:52.433521+00,240052,1637,23,0,2,exact,exact,exact,exact,f,f,0
B01-007,2026-09-10 10:54:38.884674+00,240698,1637,23,0,2,exact,exact,exact,exact,f,f,0
B01-007,2026-09-10 11:06:21.56489+00,241401,1640,23,0,2,exact,exact,exact,exact,f,f,0
B01-007,2026-09-10 11:27:37.501253+00,242677,1648,23,0,2,exact,exact,exact,exact,f,f,0
B01-007,2026-09-10 11:38:13.283822+00,243313,1648,23,0,2,exact,exact,exact,exact,f,f,0
B01-007,2026-09-10 11:59:41.07912+00,244601,1650,23,0,2,exact,exact,exact,exact,f,f,0
B01-007,2026-09-10 12:11:41.513197+00,245321,1650,23,0,2,exact,exact,exact,exact,f,f,0
B01-007,2026-09-10 12:22:38.929202+00,245978,1650,23,0,2,exact,exact,exact,exact,f,f,0
B01-007,2026-09-10 12:43:33.239635+00,247233,1651,23,0,2,exact,exact,exact,exact,f,f,0
B01-007,2026-09-10 12:53:42.605179+00,247842,1657,23,0,2,exact,exact,exact,exact,f,f,0
B01-007,2026-09-10 13:16:29.498604+00,249209,1660,23,0,2,exact,exact,exact,exact,f,f,0
B01-007,2026-09-10 13:27:22.077147+00,249862,1660,23,0,2,exact,exact,exact,exact,f,f,0
B01-007,2026-09-10 13:37:54.500626+00,250494,1663,23,0,2,exact,exact,exact,exact,f,f,0
B01-007,2026-09-10 13:59:24.209157+00,251784,1666,23,0,2,exact,exact,exact,exact,f,f,0
B01-007,2026-09-10 14:11:27.790727+00,252507,1668,23,0,2,exact,exact,exact,exact,f,f,0
B01-007,2026-09-10 14:22:23.194397+00,253163,1668,23,0,2,exact,exact,exact,exact,f,f,0
B01-007,2026-09-10 14:43:21.402732+00,254421,1669,23,0,2,exact,exact,exact,exact,f,f,0
B01-007,2026-09-10 14:53:35.663257+00,255035,1669,23,0,2,exact,exact,exact,exact,f,f,0
B01-007,2026-09-10 15:15:48.89591+00,256368,1671,23,0,2,exact,exact,exact,exact,f,f,0
B01-007,2026-09-10 15:27:18.775097+00,257058,1672,23,0,2,exact,exact,exact,exact,f,f,0
B01-007,2026-09-10 15:37:58.514835+00,257698,1672,23,0,2,exact,exact,exact,exact,f,f,0
B01-007,2026-09-10 15:59:25.268855+00,258985,1673,23,0,2,exact,exact,exact,exact,f,f,0
B01-007,2026-09-10 16:12:49.981862+00,259789,1673,23,0,2,exact,exact,exact,exact,f,f,0
B01-007,2026-09-10 16:37:52.369091+00,261292,1678,23,0,2,exact,exact,exact,exact,f,f,0
B01-007,2026-09-10 17:12:24.310035+00,263364,1679,23,0,2,exact,exact,exact,exact,f,f,0
B01-007,2026-09-10 17:44:43.183415+00,265303,1683,23,0,2,exact,exact,exact,exact,f,f,0
B01-007,2026-09-10 19:41:41.239015+00,272321,1693,23,0,2,exact,exact,exact,exact,f,f,1
B01-007,2026-09-10 19:50:23.569855+00,272843,1696,23,0,2,exact,exact,exact,exact,f,f,0
B01-007,2026-09-11 06:43:42.283866+00,312042,1711,23,0,2,exact,exact,exact,exact,f,f,0
B01-007,2026-09-11 07:22:13.60832+00,314353,1713,23,0,2,exact,exact,exact,exact,f,f,1
B01-007,2026-09-11 07:55:23.854757+00,316343,1717,23,0,2,exact,exact,exact,exact,f,f,1
B01-007,2026-09-11 08:29:25.747128+00,318385,1720,23,0,2,exact,exact,exact,exact,f,f,1
B01-007,2026-09-11 09:03:21.598585+00,320421,1724,23,0,2,exact,exact,exact,exact,f,f,0
B01-007,2026-09-11 10:27:47.646763+00,325487,1728,23,0,2,exact,exact,exact,exact,f,f,1
B01-007,2026-09-11 11:02:00.069812+00,327540,1731,23,0,2,exact,exact,exact,exact,f,f,1
B01-007,2026-09-11 12:59:56.50665+00,334616,1734,23,0,2,exact,exact,exact,exact,f,f,1
B01-007,2026-09-11 13:09:10.770074+00,335170,1735,23,0,2,exact,exact,exact,exact,f,f,0
B01-007,2026-09-11 13:34:35.777126+00,336695,1736,23,0,2,exact,exact,exact,exact,f,f,0
B01-007,2026-09-11 14:31:45.544473+00,340125,1740,23,0,2,exact,exact,exact,exact,f,f,1
B01-007,2026-09-11 14:58:47.224858+00,341747,1744,23,0,2,exact,exact,exact,exact,f,f,1
B01-007,2026-09-11 15:24:43.147818+00,343303,1748,23,0,2,exact,exact,exact,exact,f,f,1
B01-007,2026-09-11 15:42:16.657802+00,344356,1749,23,0,2,exact,exact,exact,exact,f,f,0
B01-007,2026-09-11 16:07:47.315674+00,345887,1751,23,0,2,exact,exact,exact,exact,f,f,0
B01-007,2026-09-11 16:50:19.560642+00,348439,1753,23,0,2,exact,exact,exact,exact,f,f,1
B01-007,2026-09-11 17:24:56.527059+00,350516,1754,23,0,2,exact,exact,exact,exact,f,f,0
B01-007,2026-09-11 17:42:01.290442+00,351541,1757,23,0,2,exact,exact,exact,exact,f,f,0
B01-007,2026-09-11 18:16:57.265752+00,353637,1761,23,0,2,exact,exact,exact,exact,f,f,1
B01-007,2026-09-11 18:54:36.429354+00,355896,1762,23,0,2,exact,exact,exact,exact,f,f,0
B01-007,2026-09-11 19:30:56.860416+00,358076,1767,23,0,2,exact,exact,exact,exact,f,f,1
B01-007,2026-09-11 19:55:10.55252+00,359530,1770,23,0,2,exact,exact,exact,exact,f,f,1
B01-007,2026-09-11 20:17:49.391009+00,360889,1773,23,0,2,exact,exact,exact,exact,f,f,0
B01-007,2026-09-11 20:54:38.6817+00,363098,1779,23,0,2,exact,exact,exact,exact,f,f,1
B01-007,2026-09-11 21:03:42.828242+00,363642,1781,23,0,2,exact,exact,exact,exact,f,f,0
B01-007,2026-09-11 22:03:12.072586+00,367212,1782,23,0,2,exact,exact,exact,exact,f,f,0
B01-007,2026-09-11 22:53:13.932393+00,370213,1785,23,0,2,exact,exact,exact,exact,f,f,1
B01-007,2026-09-12 05:43:58.622343+00,394858,1788,23,0,2,exact,exact,exact,exact,f,f,0
B01-007,2026-09-12 07:51:10.567065+00,402490,1789,23,0,2,exact,exact,exact,exact,f,f,0
B01-007,2026-09-12 08:18:43.635463+00,404143,1790,23,0,2,exact,exact,exact,exact,f,f,0
B01-007,2026-09-12 09:30:23.111634+00,408443,1794,23,0,2,exact,exact,exact,exact,f,f,1
B01-007,2026-09-12 10:15:28.211235+00,411148,1799,23,0,2,exact,exact,exact,exact,f,f,1
B01-007,2026-09-12 10:50:54.495176+00,413274,1804,23,0,2,exact,exact,exact,exact,f,f,1
B01-007,2026-09-12 11:26:33.294499+00,415413,1807,23,0,2,exact,exact,exact,exact,f,f,1
B01-007,2026-09-12 12:55:03.58904+00,420723,1809,23,0,2,exact,exact,exact,exact,f,f,1
B01-007,2026-09-12 13:21:40.399115+00,422320,1810,23,0,2,exact,exact,exact,exact,f,f,0
B01-007,2026-09-12 13:48:40.606633+00,423940,1811,23,0,2,exact,exact,exact,exact,f,f,0
B01-007,2026-09-12 14:06:00.638674+00,424980,1815,23,0,2,exact,exact,exact,exact,f,f,0
B01-007,2026-09-12 14:59:23.260999+00,428183,1817,23,0,2,exact,exact,exact,exact,f,f,0
B01-007,2026-09-12 15:26:21.233537+00,429801,1818,23,0,2,exact,exact,exact,exact,f,f,0
B01-007,2026-09-12 15:52:48.91984+00,431388,1821,23,0,2,exact,exact,exact,exact,f,f,0
B01-007,2026-09-12 16:38:16.329289+00,434116,1822,23,0,2,exact,exact,exact,exact,f,f,0
B01-007,2026-09-12 17:23:50.18803+00,436850,1826,23,0,2,exact,exact,exact,exact,f,f,1
B01-007,2026-09-12 18:25:56.874643+00,440576,1835,23,0,2,exact,exact,exact,exact,f,f,1
B01-007,2026-09-12 18:52:37.013493+00,442177,1838,23,0,2,exact,exact,exact,exact,f,f,1
B01-007,2026-09-12 19:27:56.078467+00,444296,1844,23,0,2,exact,exact,exact,exact,f,f,1
B01-007,2026-09-12 19:36:53.676348+00,444833,1845,23,0,2,exact,exact,exact,exact,f,f,0
B01-007,2026-09-12 20:30:22.17467+00,448042,1847,23,0,2,exact,exact,exact,exact,f,f,1
B01-007,2026-09-12 20:56:33.815484+00,449613,1850,23,0,2,exact,exact,exact,exact,f,f,1
B01-007,2026-09-12 21:23:35.698114+00,451235,1854,23,0,2,exact,exact,exact,exact,f,f,1
B01-007,2026-09-12 21:58:38.567365+00,453338,1857,23,0,2,exact,exact,exact,exact,f,f,1
B01-007,2026-09-12 22:25:11.226731+00,454931,1858,23,0,2,exact,exact,exact,exact,f,f,0
B01-007,2026-09-12 22:42:55.871695+00,455995,1859,23,0,2,exact,exact,exact,exact,f,f,0
B01-007,2026-09-13 01:29:18.358087+00,465978,1860,23,0,2,exact,exact,exact,exact,f,f,0
B01-007,2026-09-13 03:33:04.607466+00,473404,1861,23,0,2,exact,exact,exact,exact,f,f,0
B01-007,2026-09-13 03:41:32.433517+00,473912,1862,23,0,2,exact,exact,exact,exact,f,f,0
B01-007,2026-09-13 05:40:06.581257+00,481026,1864,23,0,2,exact,exact,exact,exact,f,f,0
B01-007,2026-09-13 06:25:17.017363+00,483737,1865,23,0,2,exact,exact,exact,exact,f,f,0
B01-007,2026-09-13 06:43:16.121202+00,484816,1869,23,0,2,exact,exact,exact,exact,f,f,0
B01-007,2026-09-13 07:58:18.195489+00,489318,1871,23,0,2,exact,exact,exact,exact,f,f,1
B01-007,2026-09-13 08:53:03.270867+00,492603,1873,23,0,2,exact,exact,exact,exact,f,f,0
B01-007,2026-09-13 09:59:39.83344+00,496599,1875,23,0,2,exact,exact,exact,exact,f,f,1
B01-007,2026-09-13 10:27:24.062482+00,498264,1881,23,0,2,exact,exact,exact,exact,f,f,1
B01-007,2026-09-13 10:35:52.302038+00,498772,1882,23,0,2,exact,exact,exact,exact,f,f,0
B01-007,2026-09-13 11:14:45.488432+00,501105,1884,23,0,2,exact,exact,exact,exact,f,f,1
B01-007,2026-09-13 11:51:29.872404+00,503309,1885,23,0,2,exact,exact,exact,exact,f,f,0
B01-007,2026-09-13 12:57:50.263993+00,507290,1887,23,0,2,exact,exact,exact,exact,f,f,1
B01-007,2026-09-13 13:26:02.037479+00,508982,1889,23,0,2,exact,exact,exact,exact,f,f,1
B01-007,2026-09-13 14:23:24.707971+00,512424,1891,23,0,2,exact,exact,exact,exact,f,f,0
B01-007,2026-09-13 14:51:27.816384+00,514107,1894,23,0,2,exact,exact,exact,exact,f,f,1
B01-007,2026-09-13 15:29:20.468023+00,516380,1895,23,0,2,exact,exact,exact,exact,f,f,0
B01-007,2026-09-13 15:57:23.954749+00,518063,1903,24,0,3,exact,exact,exact,exact,f,f,1
B01-007,2026-09-13 16:25:29.093109+00,519749,1922,25,0,4,exact,exact,exact,exact,f,f,1
B01-007,2026-09-13 17:02:57.763049+00,521997,1933,25,0,4,exact,exact,exact,exact,f,f,1
B01-007,2026-09-13 17:30:56.998299+00,523676,1940,25,0,4,exact,exact,exact,exact,f,f,1
B01-007,2026-09-13 17:49:05.134768+00,524765,1942,25,0,4,exact,exact,exact,exact,f,f,0
B01-007,2026-09-13 18:26:48.905479+00,527028,1948,25,0,4,exact,exact,exact,exact,f,f,1
B01-007,2026-09-13 18:57:14.279082+00,528854,1961,25,0,4,exact,exact,exact,exact,f,f,1
B01-007,2026-09-13 19:25:27.355958+00,530547,1975,25,0,4,exact,exact,exact,exact,f,f,1
B01-007,2026-09-13 20:01:39.990422+00,532719,1990,25,0,4,exact,exact,exact,exact,f,f,1
B01-007,2026-09-13 20:27:32.718302+00,534272,2002,25,0,4,exact,exact,exact,exact,f,f,1
B01-007,2026-09-13 20:36:28.700961+00,534808,2003,25,0,4,exact,exact,exact,exact,f,f,0
B01-007,2026-09-13 21:27:23.255163+00,537863,2009,25,0,4,exact,exact,exact,exact,f,f,1
B01-007,2026-09-13 22:00:34.415867+00,539854,2021,25,0,4,exact,exact,exact,exact,f,f,1
B01-007,2026-09-13 22:12:28.949692+00,540568,2024,25,0,4,exact,exact,exact,exact,f,f,0
B01-007,2026-09-13 22:44:19.040456+00,542479,2025,25,0,4,exact,exact,exact,exact,f,f,0
B01-007,2026-09-13 23:27:26.809645+00,545066,2030,25,0,4,exact,exact,exact,exact,f,f,1
B01-007,2026-09-14 00:31:20.406567+00,548900,2032,25,0,4,exact,exact,exact,exact,f,f,0
B01-007,2026-09-14 00:42:27.013589+00,549567,2033,25,0,4,exact,exact,exact,exact,f,f,0
B01-007,2026-09-14 01:35:04.490161+00,552724,2034,25,0,4,exact,exact,exact,exact,f,f,0
B01-007,2026-09-14 03:00:41.642539+00,557861,2036,25,0,4,exact,exact,exact,exact,f,f,0
B01-007,2026-09-14 03:31:50.819183+00,559730,2040,25,0,4,exact,exact,exact,exact,f,f,1
B01-007,2026-09-14 04:03:37.854703+00,561637,2054,25,0,4,exact,exact,exact,exact,f,f,1
B01-007,2026-09-14 04:25:46.934595+00,562966,2058,25,0,4,exact,exact,exact,exact,f,f,1
B01-007,2026-09-14 04:58:44.503747+00,564944,2067,25,0,4,exact,exact,exact,exact,f,f,1
B01-007,2026-09-14 05:32:25.617728+00,566965,2075,25,0,4,exact,exact,exact,exact,f,f,1
B01-007,2026-09-14 05:54:46.723551+00,568306,2085,25,0,4,exact,exact,exact,exact,f,f,1
B01-007,2026-09-14 06:28:47.821203+00,570347,2091,25,0,4,exact,exact,exact,exact,f,f,1
B01-007,2026-09-14 07:03:37.329237+00,572437,2100,25,0,4,exact,exact,exact,exact,f,f,1
B01-007,2026-09-14 07:27:03.656858+00,573843,2103,25,0,4,exact,exact,exact,exact,f,f,0
B01-007,2026-09-14 08:00:34.226864+00,575854,2107,25,0,4,exact,exact,exact,exact,f,f,0
B01-007,2026-09-14 08:35:07.639472+00,577927,2114,25,0,4,exact,exact,exact,exact,f,f,1
B01-007,2026-09-14 08:56:54.584285+00,579234,2115,25,0,4,exact,exact,exact,exact,f,f,0
B01-007,2026-09-14 09:31:58.721822+00,581338,2122,25,0,4,exact,exact,exact,exact,f,f,1
B01-007,2026-09-14 09:42:57.047643+00,581997,2124,25,0,4,exact,exact,exact,exact,f,f,0
B01-007,2026-09-14 10:29:07.109868+00,584767,2138,25,0,4,exact,exact,exact,exact,f,f,1
B01-007,2026-09-14 11:03:36.795953+00,586836,2142,25,0,4,exact,exact,exact,exact,f,f,1
B01-007,2026-09-14 11:26:50.162702+00,588230,2145,25,0,4,exact,exact,exact,exact,f,f,1
B01-007,2026-09-14 12:09:06.413109+00,590766,2147,25,0,4,exact,exact,exact,exact,f,f,1
B01-007,2026-09-14 12:30:31.863435+00,592051,2152,25,0,4,exact,exact,exact,exact,f,f,1
B01-007,2026-09-14 12:53:13.468872+00,593413,2154,25,0,4,exact,exact,exact,exact,f,f,1
B01-007,2026-09-14 13:19:07.472368+00,594967,2156,25,0,4,exact,exact,exact,exact,f,f,1
B01-007,2026-09-14 14:53:36.901507+00,600636,2162,25,0,4,exact,exact,exact,exact,f,f,1
B01-007,2026-09-14 15:19:38.020253+00,602198,2163,25,0,4,exact,exact,exact,exact,f,f,0
B01-007,2026-09-14 16:00:49.423319+00,604669,2168,25,0,4,exact,exact,exact,exact,f,f,1
B01-007,2026-09-14 16:56:26.890697+00,608006,2177,25,0,4,exact,exact,exact,exact,f,f,1
B01-007,2026-09-14 17:54:39.999905+00,611499,2185,25,0,4,exact,exact,exact,exact,f,f,1
B01-007,2026-09-14 18:49:56.152081+00,614816,2192,25,0,4,exact,exact,exact,exact,f,f,1
B01-007,2026-09-14 19:56:59.184531+00,618839,2195,25,0,4,exact,exact,exact,exact,f,f,1
B01-007,2026-09-14 20:37:05.860037+00,621245,2202,25,0,4,exact,exact,exact,exact,f,f,1
B01-007,2026-09-14 22:45:23.43584+00,628943,2206,25,0,4,exact,exact,exact,exact,f,f,1
B01-007,2026-09-14 23:05:25.778363+00,630145,2207,25,0,4,exact,exact,exact,exact,f,f,0
B01-007,2026-09-15 00:40:18.263807+00,635838,2208,25,0,4,exact,exact,exact,exact,f,f,0
B01-007,2026-09-15 02:40:15.624849+00,643035,2209,25,0,4,exact,exact,exact,exact,f,f,0
B01-007,2026-09-15 05:00:39.751338+00,651459,2210,25,0,4,exact,exact,exact,exact,f,f,0
B01-007,2026-09-15 06:00:26.518095+00,655046,2212,25,0,4,exact,exact,exact,exact,f,f,0
B01-007,2026-09-15 07:00:39.820999+00,658659,2213,25,0,4,exact,exact,exact,exact,f,f,0
B01-007,2026-09-15 07:50:32.061807+00,661652,2215,25,0,4,exact,exact,exact,exact,f,f,1
B01-007,2026-09-15 08:50:32.740621+00,665252,2218,25,0,4,exact,exact,exact,exact,f,f,1
B01-007,2026-09-15 09:50:31.762038+00,668851,2222,25,0,4,exact,exact,exact,exact,f,f,1
B01-007,2026-09-15 12:00:32.285625+00,676652,2223,25,0,4,exact,exact,exact,exact,f,f,0
B01-007,2026-09-15 12:15:41.672721+00,677561,2227,25,0,4,exact,exact,exact,exact,f,f,0
B01-007,2026-09-15 13:05:45.797991+00,680565,2230,25,0,4,exact,exact,exact,exact,f,f,0
B01-007,2026-09-15 14:10:38.825403+00,684458,2231,25,0,4,exact,exact,exact,exact,f,f,0
B01-007,2026-09-15 17:15:49.63326+00,695569,2238,25,0,4,exact,exact,exact,exact,f,f,1
B01-007,2026-09-15 18:45:36.009861+00,700956,2240,25,0,4,exact,exact,exact,exact,f,f,0
B01-007,2026-09-15 20:00:37.9802+00,705457,2245,25,0,4,exact,exact,exact,exact,f,f,1
B01-007,2026-09-15 21:55:34.879264+00,712354,2248,25,0,4,exact,exact,exact,exact,f,f,1
B01-007,2026-09-16 02:26:08.082753+00,728588,2249,25,0,4,exact,exact,exact,exact,f,f,0
B01-007,2026-09-16 05:56:22.246356+00,741202,2250,25,0,4,exact,exact,exact,exact,f,f,0
B01-007,2026-09-16 06:26:17.044782+00,742997,2252,25,0,4,exact,exact,exact,exact,f,f,0
B01-007,2026-09-16 07:56:28.415345+00,748408,2255,25,0,4,exact,exact,exact,exact,f,f,1
B01-007,2026-09-16 08:56:23.39757+00,752003,2258,25,0,4,exact,exact,exact,exact,f,f,1
B01-007,2026-09-16 09:56:22.533356+00,755602,2259,25,0,4,exact,exact,exact,exact,f,f,0
B01-007,2026-09-16 10:56:24.62273+00,759204,2261,25,0,4,exact,exact,exact,exact,f,f,1
B01-007,2026-09-16 11:51:26.776381+00,762506,2267,25,0,4,exact,exact,exact,exact,f,f,1
B01-007,2026-09-16 12:46:26.55251+00,765806,2268,25,0,4,exact,exact,exact,exact,f,f,0
B01-007,2026-09-16 13:12:58.292828+00,767398,2270,25,0,4,exact,exact,exact,exact,f,f,0
B01-007,2026-09-16 16:41:47.654043+00,779927,2277,25,0,4,exact,exact,exact,exact,f,f,1
B01-007,2026-09-16 17:56:45.427726+00,784425,2280,25,0,4,exact,exact,exact,exact,f,f,1
B01-007,2026-09-16 18:21:42.58995+00,785922,2281,25,0,4,exact,exact,exact,exact,f,f,0
B01-007,2026-09-16 19:56:45.472045+00,791625,2285,25,0,4,exact,exact,exact,exact,f,f,1
B01-007,2026-09-16 20:21:27.055937+00,793107,2287,25,0,4,exact,exact,exact,exact,f,f,1
B01-007,2026-09-16 23:15:43.046765+00,803563,2288,25,0,4,exact,exact,exact,exact,f,f,0
B01-007,2026-09-17 05:00:51.187301+00,824271,2289,25,0,4,exact,exact,exact,exact,f,f,0
B01-007,2026-09-17 05:56:27.450105+00,827607,2293,25,0,4,exact,exact,exact,exact,f,f,1
B01-007,2026-09-17 06:51:01.42227+00,830881,2295,25,0,4,exact,exact,exact,exact,f,f,1
B01-007,2026-09-17 08:00:54.125235+00,835074,2301,25,0,5,exact,exact,exact,exact,f,f,1
B01-007,2026-09-17 08:56:33.51852+00,838413,2303,25,0,5,exact,exact,exact,exact,f,f,1
B01-007,2026-09-17 09:06:19.595174+00,838999,2304,25,0,5,exact,exact,exact,exact,f,f,0
B01-007,2026-09-17 11:53:33.461524+00,849033,2307,25,0,5,exact,exact,exact,exact,f,f,1
B01-007,2026-09-17 13:30:29.364994+00,854849,2308,25,0,5,exact,exact,exact,exact,f,f,0
B01-007,2026-09-17 15:50:28.328062+00,863248,2311,25,0,5,exact,exact,exact,exact,f,f,1
B01-007,2026-09-17 16:20:35.552256+00,865055,2312,25,0,5,exact,exact,exact,exact,f,f,0
B01-007,2026-09-17 17:40:37.761022+00,869857,2316,25,0,5,exact,exact,exact,exact,f,f,1
B01-007,2026-09-17 18:55:34.040103+00,874354,2322,25,0,5,exact,exact,exact,exact,f,f,1
B01-007,2026-09-17 21:00:24.2973+00,881844,2328,25,0,5,exact,exact,exact,exact,f,f,1
B01-007,2026-09-17 22:45:21.11264+00,888141,2329,25,0,5,exact,exact,exact,exact,f,f,0
B01-007,2026-09-17 23:10:31.622169+00,889651,2330,25,0,5,exact,exact,exact,exact,f,f,0
B01-007,2026-09-18 04:45:57.099576+00,909777,2332,25,0,5,exact,exact,exact,exact,f,f,1
B01-007,2026-09-18 05:41:08.157626+00,913088,2335,25,0,5,exact,exact,exact,exact,f,f,0
B01-007,2026-09-18 06:26:42.453982+00,915822,2336,25,0,5,exact,exact,exact,exact,f,f,0
B01-007,2026-09-18 07:11:20.056378+00,918500,2337,25,0,5,exact,exact,exact,exact,f,f,0
B01-007,2026-09-18 08:21:15.175321+00,922695,2339,25,0,5,exact,exact,exact,exact,f,f,1
B01-007,2026-09-18 09:51:07.836997+00,928087,2342,25,0,5,exact,exact,exact,exact,f,f,1
B01-007,2026-09-18 10:41:22.385982+00,931102,2345,25,0,5,exact,exact,exact,exact,f,f,1
B01-007,2026-09-18 11:41:21.202273+00,934701,2347,25,0,5,exact,exact,exact,exact,f,f,0
B01-007,2026-09-18 12:56:22.892608+00,939202,2347,25,0,5,exact,exact,exact,exact,f,f,1
B01-007,2026-09-18 14:36:10.661414+00,945190,2349,25,0,5,exact,exact,exact,exact,f,f,0
B01-007,2026-09-18 15:26:35.536321+00,948215,2350,25,0,5,exact,exact,exact,exact,f,f,0
B01-007,2026-09-18 16:46:16.089133+00,952996,2352,25,0,5,exact,exact,exact,exact,f,f,0
B01-007,2026-09-18 17:41:25.663771+00,956305,2354,25,0,5,exact,exact,exact,exact,f,f,1
B01-007,2026-09-18 18:11:30.282471+00,958110,2355,25,0,5,exact,exact,exact,exact,f,f,0
B01-007,2026-09-18 19:16:22.415345+00,962002,2356,25,0,5,exact,exact,exact,exact,f,f,0
B01-007,2026-09-18 21:40:34.494541+00,970654,2359,25,0,5,exact,exact,exact,exact,f,f,1
B01-007,2026-09-18 22:55:38.459846+00,975158,2361,25,0,5,exact,exact,exact,exact,f,f,0
B01-007,2026-09-18 23:40:36.462375+00,977856,2362,25,0,5,exact,exact,exact,exact,f,f,0
B01-007,2026-09-19 00:10:39.292205+00,979659,2363,25,0,5,exact,exact,exact,exact,f,f,0
B01-007,2026-09-19 08:15:38.736785+00,1008758,2364,25,0,5,exact,exact,exact,exact,f,f,0
B01-007,2026-09-19 11:45:36.073193+00,1021356,2365,25,0,5,exact,exact,exact,exact,f,f,0
B01-007,2026-09-19 12:55:34.108646+00,1025554,2368,25,0,5,exact,exact,exact,exact,f,f,1
B01-007,2026-09-19 17:25:46.22817+00,1041766,2369,25,0,5,exact,exact,exact,exact,f,f,0
B01-007,2026-09-19 18:15:43.348559+00,1044763,2371,25,0,5,exact,exact,exact,exact,f,f,0
B01-007,2026-09-19 19:45:36.701408+00,1050156,2372,25,0,5,exact,exact,exact,exact,f,f,0
B01-007,2026-09-19 20:05:41.761977+00,1051361,2373,25,0,5,exact,exact,exact,exact,f,f,0
B01-007,2026-09-20 04:30:31.595073+00,1081651,2375,25,0,5,exact,exact,exact,exact,f,f,1
B01-007,2026-09-20 07:40:44.428672+00,1093064,2375,25,0,5,exact,exact,exact,exact,f,f,1
B01-007,2026-09-20 12:00:48.384245+00,1108668,2377,25,0,5,exact,exact,exact,exact,f,f,0
B01-007,2026-09-20 12:20:53.135451+00,1109873,2379,25,0,5,exact,exact,exact,exact,f,f,1
B01-007,2026-09-20 14:20:49.235495+00,1117069,2380,25,0,5,exact,exact,exact,exact,f,f,0
B01-007,2026-09-20 17:55:39.833553+00,1129959,2380,25,0,5,exact,exact,exact,exact,f,f,1
B01-007,2026-09-20 18:20:49.749592+00,1131469,2381,25,0,5,exact,exact,exact,exact,f,f,0
B01-007,2026-09-20 23:20:43.060437+00,1149463,2383,25,0,5,exact,exact,exact,exact,f,f,0
B01-007,2026-09-21 04:02:34.878188+00,1166374,2386,25,0,5,exact,exact,exact,exact,f,f,0
B01-007,2026-09-21 05:38:52.489894+00,1172152,2388,25,0,5,exact,exact,exact,exact,f,f,1
B01-007,2026-09-21 07:45:18.87679+00,1179738,2392,25,0,5,exact,exact,exact,exact,f,f,0
B01-007,2026-09-21 09:45:03.215453+00,1186923,2393,25,0,5,exact,exact,exact,exact,f,f,0
B01-007,2026-09-21 10:12:55.44752+00,1188595,2394,25,0,5,exact,exact,exact,exact,f,f,0
B01-007,2026-09-21 13:07:15.685068+00,1199055,2396,25,0,5,exact,exact,exact,exact,f,f,1
B01-007,2026-09-21 14:35:42.460254+00,1204362,2397,25,0,5,exact,exact,exact,exact,f,f,0
B01-007,2026-09-21 16:50:08.476813+00,1212428,2399,25,0,5,exact,exact,exact,exact,f,f,0
B01-007,2026-09-21 17:45:36.855747+00,1215756,2400,25,0,5,exact,exact,exact,exact,f,f,0
B01-007,2026-09-21 22:06:30.857395+00,1231410,2401,25,0,5,exact,exact,exact,exact,f,f,0
B01-007,2026-09-22 01:41:09.520297+00,1244289,2402,25,0,5,exact,exact,exact,exact,f,f,0
B01-007,2026-09-22 05:36:36.467922+00,1258416,2404,25,0,5,exact,exact,exact,exact,f,f,0
B01-007,2026-09-22 07:41:29.709467+00,1265909,2406,25,0,5,exact,exact,exact,exact,f,f,0
B01-007,2026-09-22 08:36:51.238356+00,1269231,2407,25,0,5,exact,exact,exact,exact,f,f,0
B01-007,2026-09-22 11:08:16.166748+00,1278316,2408,25,0,5,exact,exact,exact,exact,f,f,0
B01-007,2026-09-22 12:46:20.524811+00,1284200,2414,25,0,5,exact,exact,exact,exact,f,f,0
B01-007,2026-09-22 13:56:53.257561+00,1288433,2418,25,0,5,exact,exact,exact,exact,f,f,1
B01-007,2026-09-22 14:36:04.381116+00,1290784,2422,25,0,5,exact,exact,exact,exact,f,f,1
B01-007,2026-09-22 16:02:04.304238+00,1295944,2427,25,0,5,exact,exact,exact,exact,f,f,1
B01-007,2026-09-22 17:42:08.345516+00,1301948,2428,25,0,5,exact,exact,exact,exact,f,f,0
B01-007,2026-09-22 18:35:50.56283+00,1305170,2430,25,0,5,exact,exact,exact,exact,f,f,0
B01-007,2026-09-22 19:55:44.923476+00,1309964,2431,25,0,5,exact,exact,exact,exact,f,f,0
B01-007,2026-09-22 20:55:37.065803+00,1313557,2433,25,0,5,exact,exact,exact,exact,f,f,1
B01-007,2026-09-22 22:55:30.454061+00,1320750,2437,25,0,5,exact,exact,exact,exact,f,f,0
B01-007,2026-09-23 03:00:31.123644+00,1335451,2440,25,0,5,exact,exact,exact,exact,f,f,1
B01-007,2026-09-23 06:15:41.678824+00,1347161,2442,25,0,5,exact,exact,exact,exact,f,f,1
B01-007,2026-09-23 09:00:39.819765+00,1357059,2445,25,0,5,exact,exact,exact,exact,f,f,1
B01-007,2026-09-23 09:40:45.365398+00,1359465,2448,25,0,5,exact,exact,exact,exact,f,f,0
B01-007,2026-09-23 13:00:37.303147+00,1371457,2449,25,0,5,exact,exact,exact,exact,f,f,0
B01-007,2026-09-23 15:35:40.83255+00,1380760,2450,25,0,5,exact,exact,exact,exact,f,f,0
B01-007,2026-09-23 17:00:44.092748+00,1385864,2462,25,0,5,exact,exact,exact,exact,f,f,1
B01-007,2026-09-23 17:50:43.428014+00,1388863,2466,25,0,5,exact,exact,exact,exact,f,f,1
B01-007,2026-09-23 18:45:37.637115+00,1392157,2473,25,0,5,exact,exact,exact,exact,f,f,1
B01-007,2026-09-23 19:15:45.835322+00,1393965,2476,25,0,5,exact,exact,exact,exact,f,f,0
B01-007,2026-09-23 21:00:42.750881+00,1400262,2481,25,0,5,exact,exact,exact,exact,f,f,1
B01-007,2026-09-23 21:55:36.256223+00,1403556,2484,25,0,5,exact,exact,exact,exact,f,f,0
B01-007,2026-09-23 22:05:40.652187+00,1404160,2485,25,0,5,exact,exact,exact,exact,f,f,0
B01-007,2026-09-24 03:00:36.191401+00,1421856,2486,25,0,5,exact,exact,exact,exact,f,f,0
B01-007,2026-09-24 03:55:33.997958+00,1425153,2497,26,0,6,exact,exact,exact,exact,f,f,1
B01-007,2026-09-24 05:35:39.264896+00,1431159,2500,26,0,6,exact,exact,exact,exact,f,f,0
B01-007,2026-09-24 06:40:41.16185+00,1435061,2503,26,0,6,exact,exact,exact,exact,f,f,0
B01-007,2026-09-24 08:45:41.922918+00,1442561,2504,26,0,6,exact,exact,exact,exact,f,f,0
B01-007,2026-09-24 11:50:43.355359+00,1453663,2518,26,0,6,exact,exact,exact,exact,f,f,1
B01-007,2026-09-24 12:45:44.153673+00,1456964,2522,26,0,6,exact,exact,exact,exact,f,f,1
B01-007,2026-09-24 13:05:52.587702+00,1458172,2523,26,0,6,exact,exact,exact,exact,f,f,0
B01-007,2026-09-24 15:00:40.889577+00,1465060,2531,26,0,6,exact,exact,exact,exact,f,f,1
B01-007,2026-09-24 15:55:48.645475+00,1468368,2539,26,0,6,exact,exact,exact,exact,f,f,1
B01-007,2026-09-24 16:55:44.258039+00,1471964,2547,26,0,6,exact,exact,exact,exact,f,f,1
B01-007,2026-09-24 18:50:43.344986+00,1478863,2555,26,0,6,exact,exact,exact,exact,f,f,1
B01-007,2026-09-24 19:55:41.386278+00,1482761,2569,26,0,6,exact,exact,exact,exact,f,f,1
B01-007,2026-09-24 20:55:38.356814+00,1486358,2571,26,0,6,exact,exact,exact,exact,f,f,0
B01-007,2026-09-24 21:55:43.290378+00,1489963,2574,26,0,6,exact,exact,exact,exact,f,f,1
B01-007,2026-09-24 23:10:37.970774+00,1494457,2575,26,0,6,exact,exact,exact,exact,f,f,0
B01-007,2026-09-25 03:15:45.298939+00,1509165,2578,26,0,6,exact,exact,exact,exact,f,f,1
B01-007,2026-09-25 04:35:38.40258+00,1513958,2580,26,0,6,exact,exact,exact,exact,f,f,0
B01-007,2026-09-25 05:30:42.509301+00,1517262,2581,26,0,6,exact,exact,exact,exact,f,f,0
B01-007,2026-09-25 06:30:40.68207+00,1520860,2582,26,0,6,exact,exact,exact,exact,f,f,0
B01-007,2026-09-25 08:00:40.601572+00,1526260,2585,26,0,6,exact,exact,exact,exact,f,f,1
B01-007,2026-09-25 08:40:39.136463+00,1528659,2586,26,0,6,exact,exact,exact,exact,f,f,0
B01-007,2026-09-25 09:35:41.375662+00,1531961,2587,26,0,6,exact,exact,exact,exact,f,f,0
B01-007,2026-09-25 10:05:44.973537+00,1533764,2590,26,0,6,exact,exact,exact,exact,f,f,0
B01-007,2026-09-25 11:25:52.690459+00,1538572,2593,26,0,6,exact,exact,exact,exact,f,f,0
B01-007,2026-09-25 13:55:43.105508+00,1547563,2597,26,0,6,exact,exact,exact,exact,f,f,1
B01-007,2026-09-25 14:50:44.397888+00,1550864,2600,26,0,6,exact,exact,exact,exact,f,f,1
B01-007,2026-09-25 15:50:39.347284+00,1554459,2603,26,0,6,exact,exact,exact,exact,f,f,1
B01-007,2026-09-25 18:00:42.35393+00,1562262,2616,26,0,6,exact,exact,exact,exact,f,f,1
B01-007,2026-09-25 19:00:39.773634+00,1565859,2619,26,0,6,exact,exact,exact,exact,f,f,1
B01-007,2026-09-25 19:05:48.49992+00,1566168,2621,26,0,6,exact,exact,exact,exact,f,f,0
B01-007,2026-09-25 20:20:51.747529+00,1570671,2622,26,0,6,exact,exact,exact,exact,f,f,0
B01-007,2026-09-25 22:55:36.202549+00,1579956,2626,26,0,6,exact,exact,exact,exact,f,f,1
B01-008,2026-09-16 00:42:37.65365+00,648515,2900,0,,,rounded,rounded,unknown,unknown,f,f,0
B01-008,2026-09-16 10:08:24.373039+00,682462,2910,0,,,rounded,rounded,unknown,unknown,f,f,0
B01-008,2026-09-16 14:26:02.828638+00,697920,2920,0,,,rounded,rounded,unknown,unknown,f,f,0
B01-008,2026-09-17 08:34:08.565893+00,763206,2930,0,,,rounded,rounded,unknown,unknown,f,f,0
B01-008,2026-09-17 10:54:08.601565+00,771606,2940,0,,,rounded,rounded,unknown,unknown,f,f,0
B01-008,2026-09-17 12:34:13.372543+00,777611,2950,0,,,rounded,rounded,unknown,unknown,f,f,0
B01-008,2026-09-17 17:39:14.269687+00,795912,2960,0,,,rounded,rounded,unknown,unknown,f,f,0
B01-008,2026-09-18 08:59:47.249036+00,851145,2970,0,,,rounded,rounded,unknown,unknown,f,f,0
B01-008,2026-09-18 12:04:52.549638+00,862250,2980,0,,,rounded,rounded,unknown,unknown,f,f,0
B01-008,2026-09-18 13:49:46.995537+00,868544,2990,0,,,rounded,rounded,unknown,unknown,f,f,0
B01-008,2026-09-18 15:20:01.080231+00,873959,3000,0,,,rounded,rounded,unknown,unknown,f,f,0
B01-008,2026-09-18 16:20:03.975284+00,877561,3010,0,,,rounded,rounded,unknown,unknown,f,f,0
B01-008,2026-09-18 17:09:59.701168+00,880557,3020,0,,,rounded,rounded,unknown,unknown,f,f,0
B01-008,2026-09-18 21:14:59.708426+00,895257,3030,0,,,rounded,rounded,unknown,unknown,f,f,0
B01-008,2026-09-19 10:04:32.025373+00,941430,3040,0,,,rounded,rounded,unknown,unknown,f,f,0
B01-008,2026-09-19 17:49:23.25933+00,969321,3050,0,,,rounded,rounded,unknown,unknown,f,f,0
B01-008,2026-09-20 17:54:27.019869+00,1056025,3050,0,,,rounded,rounded,unknown,unknown,f,f,0
B01-008,2026-09-21 10:10:45.241578+00,1114603,3060,0,,,rounded,rounded,unknown,unknown,f,f,0
B01-008,2026-09-21 11:40:07.94021+00,1119965,3070,0,,,rounded,rounded,unknown,unknown,f,f,0
B01-008,2026-09-21 15:40:49.338624+00,1134407,3080,0,,,rounded,rounded,unknown,unknown,f,f,0
B01-008,2026-09-22 11:01:39.878227+00,1204057,3090,0,,,rounded,rounded,unknown,unknown,f,f,0
B01-008,2026-09-22 17:10:53.610247+00,1226211,3100,0,,,rounded,rounded,unknown,unknown,f,f,0
B01-008,2026-09-23 06:04:22.075639+00,1272620,3110,0,,,rounded,rounded,unknown,unknown,f,f,0
B01-008,2026-09-23 15:54:20.440946+00,1308018,3120,0,,,rounded,rounded,unknown,unknown,f,f,0
B01-008,2026-09-24 12:49:15.330958+00,1383313,3130,0,,,rounded,rounded,unknown,unknown,f,f,0
B01-008,2026-09-25 12:54:15.213971+00,1470013,3130,0,,,rounded,rounded,unknown,unknown,f,f,0
B01-008,2026-09-25 16:49:18.014443+00,1484116,3140,0,,,rounded,rounded,unknown,unknown,f,f,0
B01-009,2026-09-08 17:57:06.914141+00,3337,200,0,,,rounded,rounded,unknown,unknown,f,f,0
B01-009,2026-09-08 20:21:39.323506+00,12010,322,0,,,rounded,rounded,unknown,unknown,f,f,0
B01-009,2026-09-08 22:41:51.194826+00,20422,361,0,,,rounded,rounded,unknown,unknown,f,f,0
B01-009,2026-09-09 01:03:26.080882+00,28917,370,0,,,rounded,rounded,unknown,unknown,f,f,0
B01-009,2026-09-09 03:21:45.808281+00,37216,375,0,,,rounded,rounded,unknown,unknown,f,f,0
B01-009,2026-09-09 05:40:47.663377+00,45558,395,0,,,rounded,rounded,unknown,unknown,f,f,0
B01-009,2026-09-09 08:03:17.320789+00,54108,438,4,,,rounded,rounded,unknown,unknown,f,f,0
B01-009,2026-09-09 10:25:56.604515+00,62667,532,4,,,rounded,rounded,unknown,unknown,f,f,0
B01-009,2026-09-09 12:44:34.174679+00,70985,558,4,,,rounded,rounded,unknown,unknown,f,f,0
B01-009,2026-09-09 15:07:08.951457+00,79539,586,6,,,rounded,rounded,unknown,unknown,f,f,0
B01-009,2026-09-09 17:29:45.824015+00,88096,606,6,,,rounded,rounded,unknown,unknown,f,f,0
B01-009,2026-09-09 19:49:02.69672+00,96453,612,6,,,rounded,rounded,unknown,unknown,f,f,0
B01-009,2026-09-09 22:12:08.229621+00,105039,616,6,,,rounded,rounded,unknown,unknown,f,f,0
B01-009,2026-09-10 00:33:52.599116+00,113543,617,6,,,rounded,rounded,unknown,unknown,f,f,0
B01-009,2026-09-10 02:51:59.350914+00,121830,617,6,,,rounded,rounded,unknown,unknown,f,f,0
B01-009,2026-09-10 05:14:57.155692+00,130408,622,6,,,rounded,rounded,unknown,unknown,f,f,0
B01-009,2026-09-10 07:36:58.524453+00,138929,629,6,,,rounded,rounded,unknown,unknown,f,f,0
B01-009,2026-09-10 09:58:34.333532+00,147425,636,6,,,rounded,rounded,unknown,unknown,f,f,0
B01-009,2026-09-10 12:22:04.056822+00,156035,644,6,,,rounded,rounded,unknown,unknown,f,f,0
B01-009,2026-09-10 14:38:46.29842+00,164237,648,6,,,rounded,rounded,unknown,unknown,f,f,0
B01-009,2026-09-10 17:02:22.89656+00,172853,657,6,,,rounded,rounded,unknown,unknown,f,f,0
B01-009,2026-09-10 19:40:29.651413+00,182340,658,6,,,rounded,rounded,unknown,unknown,f,f,0
B01-009,2026-09-10 19:47:06.594833+00,182737,659,6,,,rounded,rounded,unknown,unknown,f,f,0
B01-009,2026-09-11 06:58:08.006945+00,222999,663,6,,,rounded,rounded,unknown,unknown,f,f,0
B01-009,2026-09-11 08:29:07.646567+00,228458,664,6,,,rounded,rounded,unknown,unknown,f,f,0
B01-009,2026-09-11 10:46:54.255822+00,236725,665,6,,,rounded,rounded,unknown,unknown,f,f,0
B01-009,2026-09-11 12:08:04.69183+00,241595,667,6,,,rounded,rounded,unknown,unknown,f,f,0
B01-009,2026-09-11 13:07:25.553292+00,245156,668,6,,,rounded,rounded,unknown,unknown,f,f,0
B01-009,2026-09-11 13:52:27.928398+00,247858,669,6,,,rounded,rounded,unknown,unknown,f,f,0
B01-009,2026-09-11 14:21:00.00627+00,249571,670,6,,,rounded,rounded,unknown,unknown,f,f,0
B01-009,2026-09-11 16:06:30.347628+00,255901,671,6,,,rounded,rounded,unknown,unknown,f,f,0
B01-009,2026-09-11 16:19:18.580771+00,256669,672,6,,,rounded,rounded,unknown,unknown,f,f,0
B01-009,2026-09-11 16:51:24.892383+00,258595,674,6,,,rounded,rounded,unknown,unknown,f,f,0
B01-009,2026-09-11 17:04:23.97174+00,259374,675,6,,,rounded,rounded,unknown,unknown,f,f,0
B01-009,2026-09-11 17:37:36.854436+00,261367,676,6,,,rounded,rounded,unknown,unknown,f,f,0
B01-009,2026-09-11 18:14:05.842273+00,263556,677,6,,,rounded,rounded,unknown,unknown,f,f,0
B01-009,2026-09-11 20:42:58.337662+00,272489,678,6,,,rounded,rounded,unknown,unknown,f,f,0
B01-009,2026-09-11 21:03:58.039248+00,273749,679,6,,,rounded,rounded,unknown,unknown,f,f,0
B01-009,2026-09-12 05:10:21.87365+00,302932,680,6,,,rounded,rounded,unknown,unknown,f,f,0
B01-009,2026-09-12 06:12:14.684903+00,306645,681,6,,,rounded,rounded,unknown,unknown,f,f,0
B01-009,2026-09-12 06:32:49.74346+00,307880,683,6,,,rounded,rounded,unknown,unknown,f,f,0
B01-009,2026-09-12 11:05:31.55307+00,324242,684,6,,,rounded,rounded,unknown,unknown,f,f,0
B01-009,2026-09-12 11:31:37.632173+00,325808,685,6,,,rounded,rounded,unknown,unknown,f,f,0
B01-009,2026-09-12 13:25:07.309451+00,332618,686,6,,,rounded,rounded,unknown,unknown,f,f,0
B01-009,2026-09-12 19:05:06.020633+00,353017,687,6,,,rounded,rounded,unknown,unknown,f,f,0
B01-009,2026-09-12 19:51:16.073556+00,355787,688,6,,,rounded,rounded,unknown,unknown,f,f,0
B01-009,2026-09-12 20:04:40.764198+00,356591,689,6,,,rounded,rounded,unknown,unknown,f,f,0
B01-009,2026-09-12 21:46:19.456742+00,362690,690,6,,,rounded,rounded,unknown,unknown,f,f,0
B01-009,2026-09-13 05:50:15.198767+00,391726,691,6,,,rounded,rounded,unknown,unknown,f,f,0
B01-009,2026-09-13 09:08:43.713641+00,403634,692,6,,,rounded,rounded,unknown,unknown,f,f,0
B01-009,2026-09-13 16:15:29.037147+00,429240,693,6,,,rounded,rounded,unknown,unknown,f,f,0
B01-009,2026-09-13 18:24:47.564297+00,436998,694,6,,,rounded,rounded,unknown,unknown,f,f,0
B01-009,2026-09-13 21:07:14.286784+00,446745,695,6,,,rounded,rounded,unknown,unknown,f,f,0
B01-009,2026-09-14 01:54:21.2148+00,463972,696,6,,,rounded,rounded,unknown,unknown,f,f,0
B01-009,2026-09-14 02:21:55.91881+00,465626,697,6,,,rounded,rounded,unknown,unknown,f,f,0
B01-009,2026-09-14 04:53:30.18729+00,474721,698,6,,,rounded,rounded,unknown,unknown,f,f,0
B01-009,2026-09-14 08:12:39.768673+00,486670,699,6,,,rounded,rounded,unknown,unknown,f,f,0
B01-009,2026-09-14 11:43:36.98875+00,499327,700,6,,,rounded,rounded,unknown,unknown,f,f,0
B01-009,2026-09-14 13:53:38.767035+00,507129,701,6,,,rounded,rounded,unknown,unknown,f,f,0
B01-009,2026-09-14 15:48:37.908196+00,514028,702,6,,,rounded,rounded,unknown,unknown,f,f,0
B01-009,2026-09-14 17:29:23.688101+00,520074,703,6,,,rounded,rounded,unknown,unknown,f,f,0
B01-009,2026-09-14 17:38:53.75155+00,520644,704,6,,,rounded,rounded,unknown,unknown,f,f,0
B01-009,2026-09-14 18:04:01.636644+00,522152,705,6,,,rounded,rounded,unknown,unknown,f,f,0
B01-009,2026-09-14 18:33:59.392897+00,523950,706,6,,,rounded,rounded,unknown,unknown,f,f,0
B01-009,2026-09-15 05:42:38.781598+00,564069,707,6,,,rounded,rounded,unknown,unknown,f,f,0
B01-009,2026-09-15 06:02:41.43529+00,565272,708,6,,,rounded,rounded,unknown,unknown,f,f,0
B01-009,2026-09-15 08:12:54.143726+00,573085,709,6,,,rounded,rounded,unknown,unknown,f,f,0
B01-009,2026-09-15 11:13:07.285497+00,583898,710,6,,,rounded,rounded,unknown,unknown,f,f,0
B01-009,2026-09-15 15:38:36.120746+00,599827,711,6,,,rounded,rounded,unknown,unknown,f,f,0
B01-009,2026-09-15 16:43:40.221228+00,603731,712,6,,,rounded,rounded,unknown,unknown,f,f,0
B01-009,2026-09-16 11:03:13.164012+00,669704,713,6,,,rounded,rounded,unknown,unknown,f,f,0
B01-009,2026-09-16 17:32:05.839965+00,693036,714,6,,,rounded,rounded,unknown,unknown,f,f,0
B01-009,2026-09-16 19:39:21.941192+00,700672,715,6,,,rounded,rounded,unknown,unknown,f,f,0
B01-009,2026-09-16 20:44:27.718137+00,704578,716,6,,,rounded,rounded,unknown,unknown,f,f,0
B01-009,2026-09-17 11:34:10.340957+00,757961,717,6,,,rounded,rounded,unknown,unknown,f,f,0
B01-009,2026-09-17 12:38:57.638876+00,761848,718,6,,,rounded,rounded,unknown,unknown,f,f,0
B01-009,2026-09-17 14:13:56.653994+00,767547,719,6,,,rounded,rounded,unknown,unknown,f,f,0
B01-009,2026-09-17 15:09:10.081684+00,770861,721,6,,,rounded,rounded,unknown,unknown,f,f,0
B01-009,2026-09-18 11:04:25.359397+00,842576,722,6,,,rounded,rounded,unknown,unknown,f,f,0
B01-009,2026-09-18 19:54:08.870852+00,874359,723,6,,,rounded,rounded,unknown,unknown,f,f,0
B01-009,2026-09-19 16:44:12.738226+00,949363,724,6,,,rounded,rounded,unknown,unknown,f,f,0
B01-009,2026-09-20 16:49:03.199263+00,1036054,724,6,,,rounded,rounded,unknown,unknown,f,f,0
B01-009,2026-09-21 13:40:26.080226+00,1111137,725,6,,,rounded,rounded,unknown,unknown,f,f,0
B01-009,2026-09-22 09:16:05.155744+00,1181676,726,6,,,rounded,rounded,unknown,unknown,f,f,0
B01-009,2026-09-22 13:26:48.196619+00,1196719,727,6,,,rounded,rounded,unknown,unknown,f,f,0
B01-009,2026-09-22 20:59:02.189867+00,1223853,728,6,,,rounded,rounded,unknown,unknown,f,f,0
B01-009,2026-09-23 11:04:23.919206+00,1274574,729,6,,,rounded,rounded,unknown,unknown,f,f,0
B01-009,2026-09-23 16:14:05.361754+00,1293156,730,6,,,rounded,rounded,unknown,unknown,f,f,0
B01-009,2026-09-23 18:54:09.05663+00,1302760,731,6,,,rounded,rounded,unknown,unknown,f,f,0
B01-009,2026-09-24 13:24:36.415881+00,1369387,732,6,,,rounded,rounded,unknown,unknown,f,f,0
B01-009,2026-09-25 13:34:01.597065+00,1456352,732,6,,,rounded,rounded,unknown,unknown,f,f,0
B01-010,2026-09-07 15:36:31.263263+00,4882,3,0,0,,exact,exact,exact,unknown,f,f,0
B01-010,2026-09-07 16:49:11.724038+00,9242,3,0,0,,exact,exact,exact,unknown,f,f,0
B01-010,2026-09-07 18:02:30.368485+00,13641,3,0,0,,exact,exact,exact,unknown,f,f,0
B01-010,2026-09-07 19:15:53.50586+00,18044,3,0,0,,exact,exact,exact,unknown,f,f,0
B01-010,2026-09-07 21:29:36.993812+00,26067,3,0,0,,exact,exact,exact,unknown,f,f,0
B01-010,2026-09-07 23:42:02.767234+00,34013,3,0,0,,exact,exact,exact,unknown,f,f,0
B01-010,2026-09-08 00:53:15.608171+00,38286,3,0,0,,exact,exact,exact,unknown,f,f,0
B01-010,2026-09-08 02:04:25.671562+00,42556,3,0,0,,exact,exact,exact,unknown,f,f,0
B01-010,2026-09-08 03:15:31.609559+00,46822,3,0,0,,exact,exact,exact,unknown,f,f,0
B01-010,2026-09-08 04:26:41.71093+00,51092,3,0,0,,exact,exact,exact,unknown,f,f,0
B01-010,2026-09-08 05:38:40.572141+00,55411,3,0,0,,exact,exact,exact,unknown,f,f,0
B01-010,2026-09-08 07:50:52.597294+00,63343,3,0,0,,exact,exact,exact,unknown,f,f,0
B01-010,2026-09-08 09:02:53.417158+00,67664,3,0,0,,exact,exact,exact,unknown,f,f,0
B01-010,2026-09-08 10:15:21.391759+00,72012,3,0,0,,exact,exact,exact,unknown,f,f,0
B01-010,2026-09-08 11:27:51.5815+00,76362,3,0,0,,exact,exact,exact,unknown,f,f,0
B01-010,2026-09-08 13:41:10.42445+00,84361,3,0,0,,exact,exact,exact,unknown,f,f,0
B01-010,2026-09-08 14:54:30.718408+00,88761,3,0,0,,exact,exact,exact,unknown,f,f,0
B01-010,2026-09-08 16:07:39.739733+00,93150,3,0,0,,exact,exact,exact,unknown,f,f,0
B01-010,2026-09-08 18:20:29.705563+00,101120,3,0,0,,exact,exact,exact,unknown,f,f,0
B01-010,2026-09-08 19:34:03.12044+00,105534,3,0,0,,exact,exact,exact,unknown,f,f,0
B01-010,2026-09-08 20:47:25.768327+00,109936,3,0,0,,exact,exact,exact,unknown,f,f,0
B01-010,2026-09-08 21:59:59.222259+00,114290,3,0,0,,exact,exact,exact,unknown,f,f,0
B01-010,2026-09-08 23:11:17.522707+00,118568,3,0,0,,exact,exact,exact,unknown,f,f,0
B01-010,2026-09-09 00:22:27.333661+00,122838,3,0,0,,exact,exact,exact,unknown,f,f,0
B01-010,2026-09-09 01:33:19.214172+00,127090,3,0,0,,exact,exact,exact,unknown,f,f,0
B01-010,2026-09-09 02:44:20.629042+00,131351,3,0,0,,exact,exact,exact,unknown,f,f,0
B01-010,2026-09-09 03:55:23.787637+00,135614,3,0,0,,exact,exact,exact,unknown,f,f,0
B01-010,2026-09-09 05:06:59.868014+00,139910,3,0,0,,exact,exact,exact,unknown,f,f,0
B01-010,2026-09-09 06:19:17.08346+00,144248,3,0,0,,exact,exact,exact,unknown,f,f,0
B01-010,2026-09-09 07:30:56.964797+00,148547,3,0,0,,exact,exact,exact,unknown,f,f,0
B01-010,2026-09-09 08:42:56.447607+00,152867,3,0,0,,exact,exact,exact,unknown,f,f,0
B01-010,2026-09-09 09:54:56.902786+00,157187,3,0,0,,exact,exact,exact,unknown,f,f,0
B01-010,2026-09-09 11:07:01.071629+00,161512,3,0,0,,exact,exact,exact,unknown,f,f,0
B01-010,2026-09-09 12:19:54.881739+00,165885,3,0,0,,exact,exact,exact,unknown,f,f,0
B01-010,2026-09-09 13:32:35.282988+00,170246,3,0,0,,exact,exact,exact,unknown,f,f,0
B01-010,2026-09-09 14:45:29.729018+00,174620,3,0,0,,exact,exact,exact,unknown,f,f,0
B01-010,2026-09-09 15:58:40.67343+00,179011,3,0,0,,exact,exact,exact,unknown,f,f,0
B01-010,2026-09-09 17:16:59.444167+00,183710,3,0,0,,exact,exact,exact,unknown,f,f,0
B01-010,2026-09-09 18:33:26.502253+00,188297,3,0,0,,exact,exact,exact,unknown,f,f,0
B01-010,2026-09-09 20:45:33.738792+00,196224,3,0,0,,exact,exact,exact,unknown,f,f,0
B01-010,2026-09-09 21:56:53.445421+00,200504,3,0,0,,exact,exact,exact,unknown,f,f,0
B01-010,2026-09-09 23:08:25.69564+00,204796,3,0,0,,exact,exact,exact,unknown,f,f,0
B01-010,2026-09-10 00:19:47.425445+00,209078,3,0,0,,exact,exact,exact,unknown,f,f,0
B01-010,2026-09-10 01:30:42.983176+00,213333,3,0,0,,exact,exact,exact,unknown,f,f,0
B01-010,2026-09-10 02:42:09.434749+00,217620,3,0,0,,exact,exact,exact,unknown,f,f,0
B01-010,2026-09-10 03:53:30.155742+00,221901,3,0,0,,exact,exact,exact,unknown,f,f,0
B01-010,2026-09-10 05:05:08.167672+00,226199,3,0,0,,exact,exact,exact,unknown,f,f,0
B01-010,2026-09-10 06:16:55.801143+00,230506,3,0,0,,exact,exact,exact,unknown,f,f,0
B01-010,2026-09-10 08:30:35.117457+00,238526,3,0,0,,exact,exact,exact,unknown,f,f,0
B01-010,2026-09-10 09:43:31.788578+00,242902,3,0,0,,exact,exact,exact,unknown,f,f,0
B01-010,2026-09-10 11:56:57.254212+00,250908,3,0,0,,exact,exact,exact,unknown,f,f,0
B01-010,2026-09-10 13:11:44.552602+00,255395,3,0,0,,exact,exact,exact,unknown,f,f,0
B01-010,2026-09-10 15:25:15.725082+00,263406,3,0,0,,exact,exact,exact,unknown,f,f,0
B01-010,2026-09-10 19:47:37.524255+00,279148,3,0,0,,exact,exact,exact,unknown,f,f,0
B01-010,2026-09-11 19:50:45.716118+00,365736,3,0,0,,exact,exact,exact,unknown,f,f,1
B01-010,2026-09-12 00:37:21.541367+00,382932,3,0,0,,exact,exact,exact,unknown,f,f,1
B01-010,2026-09-13 00:47:25.164894+00,469936,3,0,0,,exact,exact,exact,unknown,f,f,0
B01-010,2026-09-14 00:55:50.369504+00,556841,3,0,0,,exact,exact,exact,unknown,f,f,0
B01-010,2026-09-15 00:57:00.363914+00,643311,3,0,0,,exact,exact,exact,unknown,f,f,0
B01-010,2026-09-15 20:33:13.105484+00,713884,3,0,0,,exact,exact,exact,unknown,f,f,1
B01-010,2026-09-16 09:26:35.225515+00,760286,3989,0,0,,exact,exact,exact,unknown,f,f,1
B01-010,2026-09-17 09:26:36.821291+00,846687,3989,0,0,,exact,exact,exact,unknown,f,f,0
B01-010,2026-09-18 12:24:50.681752+00,943781,3989,0,0,,exact,exact,exact,unknown,f,f,0
B01-010,2026-09-19 13:24:47.24189+00,1033778,3989,0,0,,exact,exact,exact,unknown,f,f,0
B01-010,2026-09-20 14:25:29.033909+00,1123820,3990,0,0,,exact,exact,exact,unknown,f,f,1
B01-010,2026-09-21 18:35:10.810854+00,1225201,3990,0,0,,exact,exact,exact,unknown,f,f,0
B01-010,2026-09-22 19:24:43.148285+00,1314574,3990,0,0,,exact,exact,exact,unknown,f,f,0
B01-010,2026-09-23 20:22:56.848712+00,1404467,3990,0,0,,exact,exact,exact,unknown,f,f,0
B01-010,2026-09-24 20:23:16.232813+00,1490887,3990,0,0,,exact,exact,exact,unknown,f,f,0
B01-010,2026-09-25 20:23:25.223167+00,1577296,3990,0,0,,exact,exact,exact,unknown,f,f,0
B01-011,2026-09-09 11:07:49.682282+00,399,1,0,0,,exact,exact,exact,unknown,f,f,0
B01-011,2026-09-09 12:20:52.379094+00,4782,1,0,0,,exact,exact,exact,unknown,f,f,0
B01-011,2026-09-09 13:33:27.194964+00,9137,1,0,0,,exact,exact,exact,unknown,f,f,0
B01-011,2026-09-09 14:46:22.159349+00,13512,1,0,0,,exact,exact,exact,unknown,f,f,0
B01-011,2026-09-09 15:59:32.311602+00,17902,1,0,0,,exact,exact,exact,unknown,f,f,0
B01-011,2026-09-09 17:18:01.573034+00,22611,1,0,0,,exact,exact,exact,unknown,f,f,0
B01-011,2026-09-09 18:34:26.566193+00,27196,1,0,0,,exact,exact,exact,unknown,f,f,0
B01-011,2026-09-09 20:46:17.443081+00,35107,1,0,0,,exact,exact,exact,unknown,f,f,0
B01-011,2026-09-09 21:57:38.075755+00,39388,1,0,0,,exact,exact,exact,unknown,f,f,0
B01-011,2026-09-09 23:09:16.211963+00,43686,1,0,0,,exact,exact,exact,unknown,f,f,0
B01-011,2026-09-10 00:20:32.371723+00,47962,1,0,0,,exact,exact,exact,unknown,f,f,0
B01-011,2026-09-10 01:31:50.617642+00,52240,1,0,0,,exact,exact,exact,unknown,f,f,0
B01-011,2026-09-10 02:42:54.553513+00,56504,1,0,0,,exact,exact,exact,unknown,f,f,0
B01-011,2026-09-10 03:54:22.836986+00,60792,1,0,0,,exact,exact,exact,unknown,f,f,0
B01-011,2026-09-10 05:05:52.965974+00,65082,1,0,0,,exact,exact,exact,unknown,f,f,0
B01-011,2026-09-10 06:17:45.914823+00,69395,1,0,0,,exact,exact,exact,unknown,f,f,0
B01-011,2026-09-10 08:31:29.796496+00,77419,1,0,0,,exact,exact,exact,unknown,f,f,0
B01-011,2026-09-10 09:44:25.185823+00,81795,1,0,0,,exact,exact,exact,unknown,f,f,0
B01-011,2026-09-10 11:57:50.97152+00,89800,1,0,0,,exact,exact,exact,unknown,f,f,0
B01-011,2026-09-10 13:12:43.294742+00,94293,1,0,0,,exact,exact,exact,unknown,f,f,0
B01-011,2026-09-10 15:26:08.502166+00,102298,1,0,0,,exact,exact,exact,unknown,f,f,0
B01-011,2026-09-10 16:40:15.515158+00,106745,1,0,0,,exact,exact,exact,unknown,f,f,0
B01-011,2026-09-10 17:53:32.298709+00,111142,2,0,0,,exact,exact,exact,unknown,f,f,0
B01-011,2026-09-10 19:48:24.433219+00,118034,2,0,0,,exact,exact,exact,unknown,f,f,0
B01-011,2026-09-11 19:51:36.064665+00,204626,2,0,0,,exact,exact,exact,unknown,f,f,0
B01-011,2026-09-12 20:05:06.566037+00,291836,2,0,0,,exact,exact,exact,unknown,f,f,0
B01-011,2026-09-13 08:13:16.161276+00,335526,171,3,0,,exact,exact,exact,unknown,f,f,1
B01-011,2026-09-13 09:59:44.265712+00,341914,173,3,0,,exact,exact,exact,unknown,f,f,0
B01-011,2026-09-14 19:12:23.770848+00,461473,173,3,0,,exact,exact,exact,unknown,f,f,0
B01-011,2026-09-15 19:19:48.520028+00,548318,173,3,0,,exact,exact,exact,unknown,f,f,0
B01-011,2026-09-16 19:30:56.217219+00,635386,173,3,0,,exact,exact,exact,unknown,f,f,0
B01-011,2026-09-17 20:24:20.919635+00,724990,173,3,0,,exact,exact,exact,unknown,f,f,0
B01-011,2026-09-18 21:25:37.045786+00,815067,173,3,0,,exact,exact,exact,unknown,f,f,0
B01-011,2026-09-19 22:23:26.142015+00,904936,173,3,0,,exact,exact,exact,unknown,f,f,0
B01-011,2026-09-20 23:23:12.238276+00,994922,173,3,0,,exact,exact,exact,unknown,f,f,0
B01-011,2026-09-21 23:23:24.449754+00,1081334,173,3,0,,exact,exact,exact,unknown,f,f,0
B01-011,2026-09-23 00:23:01.219617+00,1171311,173,3,0,,exact,exact,exact,unknown,f,f,0
B01-011,2026-09-24 00:23:09.807483+00,1257719,173,3,0,,exact,exact,exact,unknown,f,f,0
B01-011,2026-09-25 00:23:58.389447+00,1344168,173,3,0,,exact,exact,exact,unknown,f,f,0
B01-012,2026-09-09 15:50:14.137147+00,394,165,7,,,exact,exact,unknown,unknown,f,f,0
B01-012,2026-09-09 15:57:00.962009+00,800,243,7,,,exact,exact,unknown,unknown,f,f,0
B01-012,2026-09-09 16:04:07.941392+00,1227,320,8,,,exact,exact,unknown,unknown,f,f,0
B01-012,2026-09-09 16:11:49.133475+00,1689,374,8,,,exact,exact,unknown,unknown,f,f,0
B01-012,2026-09-09 16:18:16.497155+00,2076,423,8,,,exact,exact,unknown,unknown,f,f,0
B01-012,2026-09-09 16:25:11.145899+00,2491,486,8,,,exact,exact,unknown,unknown,f,f,0
B01-012,2026-09-09 16:31:48.405091+00,2888,533,8,,,exact,exact,unknown,unknown,f,f,0
B01-012,2026-09-09 16:38:36.350208+00,3296,559,8,,,exact,exact,unknown,unknown,f,f,0
B01-012,2026-09-09 16:45:30.932634+00,3710,610,8,,,exact,exact,unknown,unknown,f,f,0
B01-012,2026-09-09 16:52:10.54181+00,4110,651,8,,,exact,exact,unknown,unknown,f,f,0
B01-012,2026-09-09 16:58:53.703346+00,4513,659,9,,,exact,exact,unknown,unknown,f,f,0
B01-012,2026-09-09 17:05:46.169362+00,4926,713,10,,,exact,exact,unknown,unknown,f,f,0
B01-012,2026-09-09 17:13:00.972609+00,5360,758,10,,,exact,exact,unknown,unknown,f,f,0
B01-012,2026-09-09 17:19:54.842502+00,5774,790,10,,,exact,exact,unknown,unknown,f,f,0
B01-012,2026-09-09 17:26:38.927702+00,6178,810,11,,,exact,exact,unknown,unknown,f,f,0
B01-012,2026-09-09 17:34:03.960112+00,6623,848,11,,,exact,exact,unknown,unknown,f,f,0
B01-012,2026-09-09 17:43:33.177563+00,7193,869,11,,,exact,exact,unknown,unknown,f,f,0
B01-012,2026-09-09 17:50:53.863729+00,7633,910,11,,,exact,exact,unknown,unknown,f,f,0
B01-012,2026-09-09 17:57:45.763582+00,8045,947,12,,,exact,exact,unknown,unknown,f,f,0
B01-012,2026-09-09 18:04:29.457532+00,8449,970,12,,,exact,exact,unknown,unknown,f,f,0
B01-012,2026-09-09 18:11:47.403131+00,8887,993,12,,,exact,exact,unknown,unknown,f,f,0
B01-012,2026-09-09 18:18:41.475518+00,9301,1004,12,,,exact,exact,unknown,unknown,f,f,0
B01-012,2026-09-09 18:25:14.040895+00,9694,1028,13,,,exact,exact,unknown,unknown,f,f,0
B01-012,2026-09-09 18:32:11.772002+00,10111,1028,13,,,exact,exact,unknown,unknown,f,f,0
B01-012,2026-09-09 18:39:30.146149+00,10550,1061,14,,,exact,exact,unknown,unknown,f,f,0
B01-012,2026-09-09 18:46:05.739005+00,10945,1073,14,,,exact,exact,unknown,unknown,f,f,0
B01-012,2026-09-09 18:52:55.968208+00,11355,1105,14,,,exact,exact,unknown,unknown,f,f,0
B01-012,2026-09-09 18:59:39.973243+00,11759,1114,14,,,exact,exact,unknown,unknown,f,f,0
B01-012,2026-09-09 19:06:29.385821+00,12169,1135,16,,,exact,exact,unknown,unknown,f,f,0
B01-012,2026-09-09 19:14:28.24704+00,12648,1144,17,,,exact,exact,unknown,unknown,f,f,0
B01-012,2026-09-09 19:20:54.099781+00,13034,1168,17,,,exact,exact,unknown,unknown,f,f,0
B01-012,2026-09-09 19:27:36.762826+00,13436,1181,17,,,exact,exact,unknown,unknown,f,f,0
B01-012,2026-09-09 19:34:37.748148+00,13857,1197,18,,,exact,exact,unknown,unknown,f,f,0
B01-012,2026-09-09 19:41:25.057637+00,14265,1207,18,,,exact,exact,unknown,unknown,f,f,0
B01-012,2026-09-09 19:48:06.272265+00,14666,1213,18,,,exact,exact,unknown,unknown,f,f,0
B01-012,2026-09-09 19:54:59.516249+00,15079,1220,18,,,exact,exact,unknown,unknown,f,f,0
B01-012,2026-09-09 20:01:58.549628+00,15498,1240,18,,,exact,exact,unknown,unknown,f,f,0
B01-012,2026-09-09 20:09:38.688391+00,15958,1253,18,,,exact,exact,unknown,unknown,f,f,0
B01-012,2026-09-09 20:16:23.791698+00,16363,1260,18,,,exact,exact,unknown,unknown,f,f,0
B01-012,2026-09-09 20:22:54.68886+00,16754,1264,18,,,exact,exact,unknown,unknown,f,f,0
B01-012,2026-09-09 20:29:43.581207+00,17163,1267,18,,,exact,exact,unknown,unknown,f,f,0
B01-012,2026-09-09 20:36:33.339515+00,17573,1281,18,,,exact,exact,unknown,unknown,f,f,0
B01-012,2026-09-09 20:43:10.094777+00,17970,1281,18,,,exact,exact,unknown,unknown,f,f,0
B01-012,2026-09-09 20:50:03.744198+00,18383,1288,18,,,exact,exact,unknown,unknown,f,f,0
B01-012,2026-09-09 20:56:46.773292+00,18786,1288,18,,,exact,exact,unknown,unknown,f,f,0
B01-012,2026-09-09 21:03:25.577079+00,19185,1295,18,,,exact,exact,unknown,unknown,f,f,0
B01-012,2026-09-09 21:11:06.728486+00,19646,1295,18,,,exact,exact,unknown,unknown,f,f,0
B01-012,2026-09-09 21:17:33.996429+00,20033,1295,18,,,exact,exact,unknown,unknown,f,f,0
B01-012,2026-09-09 21:24:06.800031+00,20426,1302,18,,,exact,exact,unknown,unknown,f,f,0
B01-012,2026-09-09 21:30:55.267198+00,20835,1309,18,,,exact,exact,unknown,unknown,f,f,0
B01-012,2026-09-09 21:37:31.185392+00,21231,1309,18,,,exact,exact,unknown,unknown,f,f,0
B01-012,2026-09-09 21:44:00.395234+00,21620,1309,18,,,exact,exact,unknown,unknown,f,f,0
B01-012,2026-09-09 21:51:08.569364+00,22048,1309,18,,,exact,exact,unknown,unknown,f,f,0
B01-012,2026-09-09 21:57:50.276938+00,22450,1313,18,,,exact,exact,unknown,unknown,f,f,0
B01-012,2026-09-09 22:04:51.225787+00,22871,1320,18,,,exact,exact,unknown,unknown,f,f,0
B01-012,2026-09-09 22:13:03.843218+00,23363,1320,18,,,exact,exact,unknown,unknown,f,f,0
B01-012,2026-09-09 22:19:42.548213+00,23762,1324,18,,,exact,exact,unknown,unknown,f,f,0
B01-012,2026-09-09 22:26:26.152203+00,24166,1327,18,,,exact,exact,unknown,unknown,f,f,0
B01-012,2026-09-09 22:33:13.446915+00,24573,1327,18,,,exact,exact,unknown,unknown,f,f,0
B01-012,2026-09-09 22:39:46.705406+00,24966,1327,18,,,exact,exact,unknown,unknown,f,f,0
B01-012,2026-09-09 22:46:25.199509+00,25365,1331,18,,,exact,exact,unknown,unknown,f,f,0
B01-012,2026-09-09 22:53:12.820418+00,25772,1331,18,,,exact,exact,unknown,unknown,f,f,0
B01-012,2026-09-09 22:59:38.553419+00,26158,1331,18,,,exact,exact,unknown,unknown,f,f,0
B01-012,2026-09-09 23:06:50.906839+00,26590,1335,18,,,exact,exact,unknown,unknown,f,f,0
B01-012,2026-09-09 23:14:51.532112+00,27071,1335,18,,,exact,exact,unknown,unknown,f,f,0
B01-012,2026-09-09 23:21:16.568964+00,27456,1338,18,,,exact,exact,unknown,unknown,f,f,0
B01-012,2026-09-09 23:28:10.244834+00,27870,1338,18,,,exact,exact,unknown,unknown,f,f,0
B01-012,2026-09-09 23:34:52.958426+00,28272,1338,18,,,exact,exact,unknown,unknown,f,f,0
B01-012,2026-09-09 23:41:24.299355+00,28664,1338,18,,,exact,exact,unknown,unknown,f,f,0
B01-012,2026-09-09 23:48:15.100541+00,29075,1338,18,,,exact,exact,unknown,unknown,f,f,0
B01-012,2026-09-09 23:55:13.440265+00,29493,1338,18,,,exact,exact,unknown,unknown,f,f,0
B01-012,2026-09-10 00:02:08.640113+00,29908,1338,18,,,exact,exact,unknown,unknown,f,f,0
B01-012,2026-09-10 00:09:56.013672+00,30375,1342,18,,,exact,exact,unknown,unknown,f,f,0
B01-012,2026-09-10 00:16:33.371598+00,30773,1342,18,,,exact,exact,unknown,unknown,f,f,0
B01-012,2026-09-10 00:23:21.690586+00,31181,1342,18,,,exact,exact,unknown,unknown,f,f,0
B01-012,2026-09-10 00:30:01.30512+00,31581,1342,18,,,exact,exact,unknown,unknown,f,f,0
B01-012,2026-09-10 00:36:29.121186+00,31969,1342,18,,,exact,exact,unknown,unknown,f,f,0
B01-012,2026-09-10 00:43:14.081686+00,32374,1342,18,,,exact,exact,unknown,unknown,f,f,0
B01-012,2026-09-10 00:49:55.167889+00,32775,1346,18,,,exact,exact,unknown,unknown,f,f,0
B01-012,2026-09-10 00:56:23.133333+00,33163,1346,18,,,exact,exact,unknown,unknown,f,f,0
B01-012,2026-09-10 01:03:10.733011+00,33570,1346,18,,,exact,exact,unknown,unknown,f,f,0
B01-012,2026-09-10 01:10:51.577051+00,34031,1346,18,,,exact,exact,unknown,unknown,f,f,0
B01-012,2026-09-10 01:17:12.052755+00,34412,1346,18,,,exact,exact,unknown,unknown,f,f,0
B01-012,2026-09-10 01:23:53.832502+00,34813,1346,18,,,exact,exact,unknown,unknown,f,f,0
B01-012,2026-09-10 01:30:34.959455+00,35214,1346,18,,,exact,exact,unknown,unknown,f,f,0
B01-012,2026-09-10 01:37:03.712774+00,35603,1346,18,,,exact,exact,unknown,unknown,f,f,0
B01-012,2026-09-10 01:43:38.520012+00,35998,1346,18,,,exact,exact,unknown,unknown,f,f,0
B01-012,2026-09-10 01:49:58.67399+00,36378,1349,18,,,exact,exact,unknown,unknown,f,f,0
B01-012,2026-09-10 01:56:26.757853+00,36766,1349,18,,,exact,exact,unknown,unknown,f,f,0
B01-012,2026-09-10 02:03:20.475818+00,37180,1349,18,,,exact,exact,unknown,unknown,f,f,0
B01-012,2026-09-10 02:10:39.43087+00,37619,1349,18,,,exact,exact,unknown,unknown,f,f,0
B01-012,2026-09-10 02:17:09.697854+00,38009,1349,18,,,exact,exact,unknown,unknown,f,f,0
B01-012,2026-09-10 02:24:00.617836+00,38420,1349,18,,,exact,exact,unknown,unknown,f,f,0
B01-012,2026-09-10 02:30:29.972514+00,38809,1353,18,,,exact,exact,unknown,unknown,f,f,0
B01-012,2026-09-10 02:37:12.471035+00,39212,1353,18,,,exact,exact,unknown,unknown,f,f,0
B01-012,2026-09-10 02:44:17.371325+00,39637,1353,18,,,exact,exact,unknown,unknown,f,f,0
B01-012,2026-09-10 02:50:45.217635+00,40025,1357,18,,,exact,exact,unknown,unknown,f,f,0
B01-012,2026-09-10 02:57:41.146369+00,40441,1357,18,,,exact,exact,unknown,unknown,f,f,0
B01-012,2026-09-10 03:04:33.852677+00,40853,1365,18,,,exact,exact,unknown,unknown,f,f,0
B01-012,2026-09-10 03:11:49.433423+00,41289,1365,18,,,exact,exact,unknown,unknown,f,f,0
B01-012,2026-09-10 03:18:44.333777+00,41704,1368,18,,,exact,exact,unknown,unknown,f,f,0
B01-012,2026-09-10 03:25:31.062635+00,42111,1368,18,,,exact,exact,unknown,unknown,f,f,0
B01-012,2026-09-10 03:32:08.665645+00,42508,1368,18,,,exact,exact,unknown,unknown,f,f,0
B01-012,2026-09-10 03:39:22.148457+00,42942,1368,18,,,exact,exact,unknown,unknown,f,f,0
B01-012,2026-09-10 03:46:11.838666+00,43351,1372,18,,,exact,exact,unknown,unknown,f,f,0
B01-012,2026-09-10 03:53:09.947846+00,43769,1376,18,,,exact,exact,unknown,unknown,f,f,0
B01-012,2026-09-10 04:00:40.544542+00,44220,1388,18,,,exact,exact,unknown,unknown,f,f,0
B01-012,2026-09-10 04:08:51.174854+00,44711,1388,18,,,exact,exact,unknown,unknown,f,f,0
B01-012,2026-09-10 04:15:53.474797+00,45133,1395,18,,,exact,exact,unknown,unknown,f,f,0
B01-012,2026-09-10 04:22:50.659556+00,45550,1399,18,,,exact,exact,unknown,unknown,f,f,0
B01-012,2026-09-10 04:29:17.395278+00,45937,1407,18,,,exact,exact,unknown,unknown,f,f,0
B01-012,2026-09-10 04:36:09.800387+00,46349,1407,18,,,exact,exact,unknown,unknown,f,f,0
B01-012,2026-09-10 04:42:57.059914+00,46757,1415,18,,,exact,exact,unknown,unknown,f,f,0
B01-012,2026-09-10 04:49:26.339847+00,47146,1415,18,,,exact,exact,unknown,unknown,f,f,0
B01-012,2026-09-10 04:56:13.028795+00,47553,1423,18,,,exact,exact,unknown,unknown,f,f,0
B01-012,2026-09-10 05:03:12.424533+00,47972,1427,18,,,exact,exact,unknown,unknown,f,f,0
B01-012,2026-09-10 05:10:27.653578+00,48407,1439,18,,,exact,exact,unknown,unknown,f,f,0
B01-012,2026-09-10 05:17:18.308532+00,48818,1439,18,,,exact,exact,unknown,unknown,f,f,0
B01-012,2026-09-10 05:23:47.004645+00,49206,1439,18,,,exact,exact,unknown,unknown,f,f,0
B01-012,2026-09-10 05:30:13.720647+00,49593,1443,18,,,exact,exact,unknown,unknown,f,f,0
B01-012,2026-09-10 05:37:01.05233+00,50001,1447,18,,,exact,exact,unknown,unknown,f,f,0
B01-012,2026-09-10 05:43:36.568639+00,50396,1452,18,,,exact,exact,unknown,unknown,f,f,0
B01-012,2026-09-10 05:50:25.258278+00,50805,1464,18,,,exact,exact,unknown,unknown,f,f,0
B01-012,2026-09-10 05:57:21.379994+00,51221,1468,18,,,exact,exact,unknown,unknown,f,f,0
B01-012,2026-09-10 06:04:01.714016+00,51621,1472,18,,,exact,exact,unknown,unknown,f,f,0
B01-012,2026-09-10 06:11:47.6651+00,52087,1498,18,,,exact,exact,unknown,unknown,f,f,0
B01-012,2026-09-10 06:18:34.864712+00,52494,1507,18,,,exact,exact,unknown,unknown,f,f,0
B01-012,2026-09-10 06:25:11.580344+00,52891,1520,18,,,exact,exact,unknown,unknown,f,f,0
B01-012,2026-09-10 06:31:55.991193+00,53295,1529,18,,,exact,exact,unknown,unknown,f,f,0
B01-012,2026-09-10 06:38:28.736785+00,53688,1533,18,,,exact,exact,unknown,unknown,f,f,0
B01-012,2026-09-10 06:45:05.238571+00,54085,1538,18,,,exact,exact,unknown,unknown,f,f,0
B01-012,2026-09-10 06:51:51.891644+00,54491,1538,18,,,exact,exact,unknown,unknown,f,f,0
B01-012,2026-09-10 06:58:28.452929+00,54888,1547,18,,,exact,exact,unknown,unknown,f,f,0
B01-012,2026-09-10 07:05:30.876469+00,55310,1560,18,,,exact,exact,unknown,unknown,f,f,0
B01-012,2026-09-10 07:13:15.300653+00,55775,1574,18,,,exact,exact,unknown,unknown,f,f,0
B01-012,2026-09-10 07:19:45.804088+00,56165,1588,18,,,exact,exact,unknown,unknown,f,f,0
B01-012,2026-09-10 07:26:46.165849+00,56586,1593,18,,,exact,exact,unknown,unknown,f,f,0
B01-012,2026-09-10 07:33:32.814975+00,56992,1593,18,,,exact,exact,unknown,unknown,f,f,0
B01-012,2026-09-10 07:40:08.140934+00,57388,1598,18,,,exact,exact,unknown,unknown,f,f,0
B01-012,2026-09-10 07:46:59.456743+00,57799,1598,18,,,exact,exact,unknown,unknown,f,f,0
B01-012,2026-09-10 07:53:35.523322+00,58195,1612,18,,,exact,exact,unknown,unknown,f,f,0
B01-012,2026-09-10 08:00:03.31492+00,58583,1627,18,,,exact,exact,unknown,unknown,f,f,0
B01-012,2026-09-10 08:06:55.944142+00,58995,1627,18,,,exact,exact,unknown,unknown,f,f,0
B01-012,2026-09-10 08:14:12.400644+00,59432,1627,18,,,exact,exact,unknown,unknown,f,f,0
B01-012,2026-09-10 08:21:07.910018+00,59847,1632,18,,,exact,exact,unknown,unknown,f,f,0
B01-012,2026-09-10 08:28:07.968762+00,60267,1632,18,,,exact,exact,unknown,unknown,f,f,0
B01-012,2026-09-10 08:34:44.279466+00,60664,1637,18,,,exact,exact,unknown,unknown,f,f,0
B01-012,2026-09-10 08:41:50.132803+00,61090,1642,18,,,exact,exact,unknown,unknown,f,f,0
B01-012,2026-09-10 08:48:39.521227+00,61499,1657,18,,,exact,exact,unknown,unknown,f,f,0
B01-012,2026-09-10 08:55:12.208881+00,61892,1657,18,,,exact,exact,unknown,unknown,f,f,0
B01-012,2026-09-10 09:02:03.572091+00,62303,1667,18,,,exact,exact,unknown,unknown,f,f,0
B01-012,2026-09-10 09:09:35.663686+00,62755,1677,18,,,exact,exact,unknown,unknown,f,f,0
B01-012,2026-09-10 09:16:07.773527+00,63147,1682,18,,,exact,exact,unknown,unknown,f,f,0
B01-012,2026-09-10 09:22:58.642748+00,63558,1682,18,,,exact,exact,unknown,unknown,f,f,0
B01-012,2026-09-10 09:29:27.312302+00,63947,1698,18,,,exact,exact,unknown,unknown,f,f,0
B01-012,2026-09-10 09:36:12.001943+00,64351,1703,18,,,exact,exact,unknown,unknown,f,f,0
B01-012,2026-09-10 09:43:15.771388+00,64775,1708,18,,,exact,exact,unknown,unknown,f,f,0
B01-012,2026-09-10 09:49:54.785591+00,65174,1714,18,,,exact,exact,unknown,unknown,f,f,0
B01-012,2026-09-10 09:56:49.44922+00,65589,1719,18,,,exact,exact,unknown,unknown,f,f,0
B01-012,2026-09-10 10:03:42.929633+00,66002,1724,18,,,exact,exact,unknown,unknown,f,f,0
B01-012,2026-09-10 10:10:49.911057+00,66429,1724,18,,,exact,exact,unknown,unknown,f,f,0
B01-012,2026-09-10 10:17:39.39501+00,66839,1724,18,,,exact,exact,unknown,unknown,f,f,0
B01-012,2026-09-10 10:24:04.669485+00,67224,1730,18,,,exact,exact,unknown,unknown,f,f,0
B01-012,2026-09-10 10:30:29.533793+00,67609,1735,18,,,exact,exact,unknown,unknown,f,f,0
B01-012,2026-09-10 10:37:26.816161+00,68026,1735,18,,,exact,exact,unknown,unknown,f,f,0
B01-012,2026-09-10 10:43:59.862169+00,68419,1741,18,,,exact,exact,unknown,unknown,f,f,0
B01-012,2026-09-10 10:50:44.606046+00,68824,1741,18,,,exact,exact,unknown,unknown,f,f,0
B01-012,2026-09-10 10:57:39.507132+00,69239,1752,18,,,exact,exact,unknown,unknown,f,f,0
B01-012,2026-09-10 11:04:21.198847+00,69641,1752,18,,,exact,exact,unknown,unknown,f,f,0
B01-012,2026-09-10 11:12:12.358946+00,70112,1757,18,,,exact,exact,unknown,unknown,f,f,0
B01-012,2026-09-10 11:18:55.35496+00,70515,1774,18,,,exact,exact,unknown,unknown,f,f,0
B01-012,2026-09-10 11:25:26.534701+00,70906,1780,18,,,exact,exact,unknown,unknown,f,f,0
B01-012,2026-09-10 11:32:18.388847+00,71318,1780,18,,,exact,exact,unknown,unknown,f,f,0
B01-012,2026-09-10 11:39:04.910554+00,71724,1785,18,,,exact,exact,unknown,unknown,f,f,0
B01-012,2026-09-10 11:45:41.848848+00,72121,1791,18,,,exact,exact,unknown,unknown,f,f,0
B01-012,2026-09-10 11:52:55.88351+00,72555,1803,18,,,exact,exact,unknown,unknown,f,f,0
B01-012,2026-09-10 11:59:35.936718+00,72955,1814,18,,,exact,exact,unknown,unknown,f,f,0
B01-012,2026-09-10 12:06:48.940392+00,73388,1814,18,,,exact,exact,unknown,unknown,f,f,0
B01-012,2026-09-10 12:14:41.480689+00,73861,1814,18,,,exact,exact,unknown,unknown,f,f,0
B01-012,2026-09-10 12:21:16.093222+00,74256,1844,18,,,exact,exact,unknown,unknown,f,f,0
B01-012,2026-09-10 12:28:13.671495+00,74673,1857,18,,,exact,exact,unknown,unknown,f,f,0
B01-012,2026-09-10 12:34:58.626728+00,75078,1857,18,,,exact,exact,unknown,unknown,f,f,0
B01-012,2026-09-10 12:41:37.107819+00,75477,1857,18,,,exact,exact,unknown,unknown,f,f,0
B01-012,2026-09-10 12:48:19.745654+00,75879,1857,18,,,exact,exact,unknown,unknown,f,f,0
B01-012,2026-09-10 12:54:56.00747+00,76275,1869,18,,,exact,exact,unknown,unknown,f,f,0
B01-012,2026-09-10 13:01:54.994921+00,76694,1913,19,,,exact,exact,unknown,unknown,f,f,0
B01-012,2026-09-10 13:10:16.148512+00,77196,1933,19,,,exact,exact,unknown,unknown,f,f,0
B01-012,2026-09-10 13:17:18.793982+00,77618,1946,19,,,exact,exact,unknown,unknown,f,f,0
B01-012,2026-09-10 13:23:57.65925+00,78017,1966,19,,,exact,exact,unknown,unknown,f,f,0
B01-012,2026-09-10 13:30:52.400426+00,78432,1966,19,,,exact,exact,unknown,unknown,f,f,0
B01-012,2026-09-10 13:37:27.950004+00,78827,1966,19,,,exact,exact,unknown,unknown,f,f,0
B01-012,2026-09-10 13:44:25.574271+00,79245,1980,19,,,exact,exact,unknown,unknown,f,f,0
B01-012,2026-09-10 13:51:24.645475+00,79664,1980,19,,,exact,exact,unknown,unknown,f,f,0
B01-012,2026-09-10 13:58:03.52978+00,80063,1980,19,,,exact,exact,unknown,unknown,f,f,0
B01-012,2026-09-10 14:05:06.992988+00,80486,1980,19,,,exact,exact,unknown,unknown,f,f,0
B01-012,2026-09-10 14:13:05.858603+00,80965,1987,20,,,exact,exact,unknown,unknown,f,f,0
B01-012,2026-09-10 14:19:37.773119+00,81357,2015,20,,,exact,exact,unknown,unknown,f,f,0
B01-012,2026-09-10 14:26:36.738557+00,81776,2030,21,,,exact,exact,unknown,unknown,f,f,0
B01-012,2026-09-10 14:33:10.593132+00,82170,2037,21,,,exact,exact,unknown,unknown,f,f,0
B01-012,2026-09-10 14:39:53.764917+00,82573,2044,21,,,exact,exact,unknown,unknown,f,f,0
B01-012,2026-09-10 14:46:47.440821+00,82987,2044,21,,,exact,exact,unknown,unknown,f,f,0
B01-012,2026-09-10 14:53:24.280633+00,83384,2044,21,,,exact,exact,unknown,unknown,f,f,0
B01-012,2026-09-10 15:01:27.970285+00,83867,2052,21,,,exact,exact,unknown,unknown,f,f,0
B01-012,2026-09-10 15:09:03.594449+00,84323,2052,21,,,exact,exact,unknown,unknown,f,f,0
B01-012,2026-09-10 15:15:34.294284+00,84714,2052,21,,,exact,exact,unknown,unknown,f,f,0
B01-012,2026-09-10 15:22:40.568553+00,85140,2052,21,,,exact,exact,unknown,unknown,f,f,0
B01-012,2026-09-10 15:29:39.498407+00,85559,2052,21,,,exact,exact,unknown,unknown,f,f,0
B01-012,2026-09-10 15:36:10.817394+00,85950,2052,21,,,exact,exact,unknown,unknown,f,f,0
B01-012,2026-09-10 15:43:05.946427+00,86365,2052,21,,,exact,exact,unknown,unknown,f,f,0
B01-012,2026-09-10 15:49:40.748729+00,86760,2082,21,,,exact,exact,unknown,unknown,f,f,0
B01-012,2026-09-10 16:03:17.178647+00,87577,2082,21,,,exact,exact,unknown,unknown,f,f,0
B01-012,2026-09-10 16:16:09.104648+00,88349,2082,21,,,exact,exact,unknown,unknown,f,f,0
B01-012,2026-09-10 16:37:03.608089+00,89603,2083,21,,,exact,exact,unknown,unknown,f,f,0
B01-012,2026-09-10 16:51:11.378471+00,90451,2093,21,,,exact,exact,unknown,unknown,f,f,0
B01-012,2026-09-10 17:05:26.245063+00,91306,2104,21,,,exact,exact,unknown,unknown,f,f,0
B01-012,2026-09-10 17:20:01.537765+00,92181,2107,21,,,exact,exact,unknown,unknown,f,f,0
B01-012,2026-09-10 17:33:21.045354+00,92981,2113,21,,,exact,exact,unknown,unknown,f,f,0
B01-012,2026-09-10 17:47:09.492674+00,93809,2119,21,,,exact,exact,unknown,unknown,f,f,0
B01-012,2026-09-10 18:02:01.12225+00,94701,2123,21,,,exact,exact,unknown,unknown,f,f,0
B01-012,2026-09-10 18:22:42.715728+00,95942,2130,21,,,exact,exact,unknown,unknown,f,f,0
B01-012,2026-09-10 19:45:40.914342+00,100920,2164,21,,,exact,exact,unknown,unknown,f,f,0
B01-012,2026-09-10 21:13:50.360397+00,106210,2182,21,,,exact,exact,unknown,unknown,f,f,0
B01-012,2026-09-11 06:53:37.596165+00,140997,2240,22,,,exact,exact,unknown,unknown,f,f,0
B01-012,2026-09-11 07:12:17.713443+00,142117,2245,22,,,exact,exact,unknown,unknown,f,f,1
B01-012,2026-09-11 07:24:54.121044+00,142874,2248,22,,,exact,exact,unknown,unknown,f,f,1
B01-012,2026-09-11 07:43:54.438666+00,144014,2250,22,,,exact,exact,unknown,unknown,f,f,1
B01-012,2026-09-11 07:56:14.031017+00,144754,2254,22,,,exact,exact,unknown,unknown,f,f,1
B01-012,2026-09-11 08:02:33.592639+00,145133,2261,22,,,exact,exact,unknown,unknown,f,f,0
B01-012,2026-09-11 08:28:31.635254+00,146691,2267,22,,,exact,exact,unknown,unknown,f,f,1
B01-012,2026-09-11 08:35:32.483732+00,147112,2269,22,,,exact,exact,unknown,unknown,f,f,0
B01-012,2026-09-11 08:55:12.777854+00,148292,2277,22,,,exact,exact,unknown,unknown,f,f,1
B01-012,2026-09-11 09:28:51.900551+00,150311,2310,22,,,exact,exact,unknown,unknown,f,f,1
B01-012,2026-09-11 09:35:25.948481+00,150705,2323,22,,,exact,exact,unknown,unknown,f,f,0
B01-012,2026-09-11 09:55:41.001011+00,151920,2338,22,,,exact,exact,unknown,unknown,f,f,1
B01-012,2026-09-11 10:14:05.709932+00,153025,2355,22,,,exact,exact,unknown,unknown,f,f,1
B01-012,2026-09-11 10:27:07.042195+00,153807,2362,22,,,exact,exact,unknown,unknown,f,f,1
B01-012,2026-09-11 10:41:04.857044+00,154644,2365,22,,,exact,exact,unknown,unknown,f,f,0
B01-012,2026-09-11 10:53:51.249464+00,155411,2368,22,,,exact,exact,unknown,unknown,f,f,0
B01-012,2026-09-11 11:13:42.76151+00,156602,2376,22,,,exact,exact,unknown,unknown,f,f,1
B01-012,2026-09-11 11:26:24.469403+00,157364,2387,22,,,exact,exact,unknown,unknown,f,f,0
B01-012,2026-09-11 11:39:37.620768+00,158157,2398,22,,,exact,exact,unknown,unknown,f,f,0
B01-012,2026-09-11 11:58:51.323832+00,159311,2417,22,,,exact,exact,unknown,unknown,f,f,1
B01-012,2026-09-11 12:12:10.105675+00,160110,2422,22,,,exact,exact,unknown,unknown,f,f,1
B01-012,2026-09-11 12:18:28.298659+00,160488,2424,22,,,exact,exact,unknown,unknown,f,f,0
B01-012,2026-09-11 12:39:55.133702+00,161775,2434,22,,,exact,exact,unknown,unknown,f,f,1
B01-012,2026-09-11 13:00:14.679923+00,162994,2444,22,,,exact,exact,unknown,unknown,f,f,1
B01-012,2026-09-11 13:14:12.897957+00,163832,2448,22,,,exact,exact,unknown,unknown,f,f,1
B01-012,2026-09-11 13:20:50.432586+00,164230,2449,22,,,exact,exact,unknown,unknown,f,f,0
B01-012,2026-09-11 13:41:16.70517+00,165456,2461,22,,,exact,exact,unknown,unknown,f,f,1
B01-012,2026-09-11 14:00:16.359549+00,166596,2475,22,,,exact,exact,unknown,unknown,f,f,1
B01-012,2026-09-11 14:14:39.670177+00,167459,2480,22,,,exact,exact,unknown,unknown,f,f,1
B01-012,2026-09-11 14:21:52.863385+00,167892,2484,22,,,exact,exact,unknown,unknown,f,f,0
B01-012,2026-09-11 14:41:59.935557+00,169099,2490,22,,,exact,exact,unknown,unknown,f,f,1
B01-012,2026-09-11 14:55:05.801901+00,169885,2498,22,,,exact,exact,unknown,unknown,f,f,1
B01-012,2026-09-11 15:14:49.939087+00,171069,2505,22,,,exact,exact,unknown,unknown,f,f,1
B01-012,2026-09-11 15:27:41.242687+00,171841,2511,22,,,exact,exact,unknown,unknown,f,f,1
B01-012,2026-09-11 15:33:57.226193+00,172217,2514,22,,,exact,exact,unknown,unknown,f,f,0
B01-012,2026-09-11 16:00:09.366352+00,173789,2537,22,,,exact,exact,unknown,unknown,f,f,1
B01-012,2026-09-11 16:13:30.700775+00,174590,2548,22,,,exact,exact,unknown,unknown,f,f,0
B01-012,2026-09-11 16:26:33.148389+00,175373,2560,22,,,exact,exact,unknown,unknown,f,f,1
B01-012,2026-09-11 16:39:46.081132+00,176166,2568,22,,,exact,exact,unknown,unknown,f,f,1
B01-012,2026-09-11 16:59:22.739805+00,177342,2580,22,,,exact,exact,unknown,unknown,f,f,1
B01-012,2026-09-11 17:11:20.930285+00,178060,2584,22,,,exact,exact,unknown,unknown,f,f,0
B01-012,2026-09-11 17:23:58.160808+00,178818,2588,22,,,exact,exact,unknown,unknown,f,f,1
B01-012,2026-09-11 17:37:46.273568+00,179646,2593,22,,,exact,exact,unknown,unknown,f,f,1
B01-012,2026-09-11 17:56:58.559659+00,180798,2595,22,,,exact,exact,unknown,unknown,f,f,0
B01-012,2026-09-11 18:03:32.308198+00,181192,2596,22,,,exact,exact,unknown,unknown,f,f,0
B01-012,2026-09-11 18:28:57.659128+00,182717,2605,22,,,exact,exact,unknown,unknown,f,f,1
B01-012,2026-09-11 18:40:41.496496+00,183421,2611,22,,,exact,exact,unknown,unknown,f,f,1
B01-012,2026-09-11 18:56:07.933776+00,184347,2613,22,,,exact,exact,unknown,unknown,f,f,0
B01-012,2026-09-11 19:12:00.100074+00,185300,2618,22,,,exact,exact,unknown,unknown,f,f,0
B01-012,2026-09-11 19:19:45.866197+00,185765,2621,22,,,exact,exact,unknown,unknown,f,f,0
B01-012,2026-09-11 19:42:28.683077+00,187128,2624,22,,,exact,exact,unknown,unknown,f,f,1
B01-012,2026-09-11 19:50:17.677013+00,187597,2628,22,,,exact,exact,unknown,unknown,f,f,0
B01-012,2026-09-11 20:12:54.600301+00,188954,2633,22,,,exact,exact,unknown,unknown,f,f,1
B01-012,2026-09-11 20:28:07.214733+00,189867,2636,22,,,exact,exact,unknown,unknown,f,f,0
B01-012,2026-09-11 20:42:10.32478+00,190710,2640,22,,,exact,exact,unknown,unknown,f,f,1
B01-012,2026-09-11 20:55:25.330099+00,191505,2643,22,,,exact,exact,unknown,unknown,f,f,1
B01-012,2026-09-11 21:09:23.508896+00,192343,2645,22,,,exact,exact,unknown,unknown,f,f,1
B01-012,2026-09-11 21:17:34.931246+00,192834,2647,22,,,exact,exact,unknown,unknown,f,f,0
B01-012,2026-09-11 21:41:01.489764+00,194241,2649,22,,,exact,exact,unknown,unknown,f,f,1
B01-012,2026-09-11 21:54:38.947784+00,195058,2652,22,,,exact,exact,unknown,unknown,f,f,0
B01-012,2026-09-11 22:46:46.050582+00,198186,2653,22,,,exact,exact,unknown,unknown,f,f,0
B01-012,2026-09-12 01:19:54.636065+00,207374,2654,22,,,exact,exact,unknown,unknown,f,f,0
B01-012,2026-09-12 02:59:34.934713+00,213354,2655,22,,,exact,exact,unknown,unknown,f,f,0
B01-012,2026-09-12 03:12:30.159089+00,214130,2656,22,,,exact,exact,unknown,unknown,f,f,0
B01-012,2026-09-12 03:25:50.292373+00,214930,2657,22,,,exact,exact,unknown,unknown,f,f,0
B01-012,2026-09-12 03:52:32.171927+00,216532,2658,22,,,exact,exact,unknown,unknown,f,f,0
B01-012,2026-09-12 04:12:46.733914+00,217746,2659,22,,,exact,exact,unknown,unknown,f,f,0
B01-012,2026-09-12 04:19:38.578873+00,218158,2661,22,,,exact,exact,unknown,unknown,f,f,0
B01-012,2026-09-12 04:39:45.52833+00,219365,2662,22,,,exact,exact,unknown,unknown,f,f,0
B01-012,2026-09-12 05:08:33.117133+00,221093,2666,22,,,exact,exact,unknown,unknown,f,f,1
B01-012,2026-09-12 05:17:29.17995+00,221629,2668,22,,,exact,exact,unknown,unknown,f,f,0
B01-012,2026-09-12 05:33:22.779573+00,222582,2669,22,,,exact,exact,unknown,unknown,f,f,0
B01-012,2026-09-12 05:56:34.578515+00,223974,2670,22,,,exact,exact,unknown,unknown,f,f,0
B01-012,2026-09-12 06:11:23.042172+00,224863,2673,22,,,exact,exact,unknown,unknown,f,f,1
B01-012,2026-09-12 06:18:45.972159+00,225305,2675,22,,,exact,exact,unknown,unknown,f,f,0
B01-012,2026-09-12 06:41:01.51767+00,226641,2679,22,,,exact,exact,unknown,unknown,f,f,1
B01-012,2026-09-12 06:55:22.215017+00,227502,2681,22,,,exact,exact,unknown,unknown,f,f,1
B01-012,2026-09-12 07:09:24.611233+00,228344,2683,22,,,exact,exact,unknown,unknown,f,f,1
B01-012,2026-09-12 07:23:25.532595+00,229185,2690,22,,,exact,exact,unknown,unknown,f,f,1
B01-012,2026-09-12 07:38:36.992759+00,230096,2695,22,,,exact,exact,unknown,unknown,f,f,0
B01-012,2026-09-12 07:54:07.895048+00,231027,2699,22,,,exact,exact,unknown,unknown,f,f,1
B01-012,2026-09-12 08:29:22.531425+00,233142,2701,22,,,exact,exact,unknown,unknown,f,f,1
B01-012,2026-09-12 08:35:47.299514+00,233527,2702,22,,,exact,exact,unknown,unknown,f,f,0
B01-012,2026-09-12 08:55:14.110363+00,234694,2703,22,,,exact,exact,unknown,unknown,f,f,0
B01-012,2026-09-12 09:14:59.40229+00,235879,2709,22,,,exact,exact,unknown,unknown,f,f,1
B01-012,2026-09-12 09:28:18.0244+00,236678,2712,22,,,exact,exact,unknown,unknown,f,f,1
B01-012,2026-09-12 09:55:53.543853+00,238333,2715,22,,,exact,exact,unknown,unknown,f,f,1
B01-012,2026-09-12 10:10:33.547893+00,239213,2716,22,,,exact,exact,unknown,unknown,f,f,0
B01-012,2026-09-12 10:17:15.201114+00,239615,2717,22,,,exact,exact,unknown,unknown,f,f,0
B01-012,2026-09-12 10:43:43.847499+00,241203,2724,22,,,exact,exact,unknown,unknown,f,f,1
B01-012,2026-09-12 10:56:43.265978+00,241983,2725,22,,,exact,exact,unknown,unknown,f,f,0
B01-012,2026-09-12 11:09:37.416508+00,242757,2730,22,,,exact,exact,unknown,unknown,f,f,1
B01-012,2026-09-12 11:28:32.434676+00,243892,2733,22,,,exact,exact,unknown,unknown,f,f,1
B01-012,2026-09-12 11:41:16.596268+00,244656,2735,22,,,exact,exact,unknown,unknown,f,f,1
B01-012,2026-09-12 12:00:14.885739+00,245794,2737,22,,,exact,exact,unknown,unknown,f,f,1
B01-012,2026-09-12 12:13:02.361635+00,246562,2739,22,,,exact,exact,unknown,unknown,f,f,1
B01-012,2026-09-12 12:25:43.701481+00,247323,2741,22,,,exact,exact,unknown,unknown,f,f,1
B01-012,2026-09-12 12:32:15.085058+00,247715,2743,22,,,exact,exact,unknown,unknown,f,f,0
B01-012,2026-09-12 12:58:08.224582+00,249268,2746,22,,,exact,exact,unknown,unknown,f,f,0
B01-012,2026-09-12 13:04:28.70168+00,249648,2748,22,,,exact,exact,unknown,unknown,f,f,0
B01-012,2026-09-12 13:17:50.727424+00,250450,2749,22,,,exact,exact,unknown,unknown,f,f,0
B01-012,2026-09-12 13:37:45.457209+00,251645,2747,22,,,exact,exact,unknown,unknown,f,f,0
B01-012,2026-09-12 13:58:34.843566+00,252894,2748,22,,,exact,exact,unknown,unknown,f,f,0
B01-012,2026-09-12 14:27:25.275874+00,254625,2749,22,,,exact,exact,unknown,unknown,f,f,0
B01-012,2026-09-12 14:40:15.733895+00,255395,2750,22,,,exact,exact,unknown,unknown,f,f,0
B01-012,2026-09-12 14:59:40.582805+00,256560,2751,22,,,exact,exact,unknown,unknown,f,f,0
B01-012,2026-09-12 15:12:48.388957+00,257348,2752,22,,,exact,exact,unknown,unknown,f,f,0
B01-012,2026-09-12 15:38:28.6199+00,258888,2755,22,,,exact,exact,unknown,unknown,f,f,1
B01-012,2026-09-12 15:50:58.741626+00,259638,2760,23,,,exact,exact,unknown,unknown,f,f,1
B01-012,2026-09-12 16:29:16.155652+00,261936,2769,23,,,exact,exact,unknown,unknown,f,f,1
B01-012,2026-09-12 16:55:01.289663+00,263481,2773,23,,,exact,exact,unknown,unknown,f,f,1
B01-012,2026-09-12 17:28:58.1635+00,265518,2775,23,,,exact,exact,unknown,unknown,f,f,0
B01-012,2026-09-12 17:56:15.7528+00,267155,2782,23,,,exact,exact,unknown,unknown,f,f,1
B01-012,2026-09-12 18:10:04.951819+00,267984,2783,23,,,exact,exact,unknown,unknown,f,f,0
B01-012,2026-09-12 18:56:07.174007+00,270747,2791,23,,,exact,exact,unknown,unknown,f,f,1
B01-012,2026-09-12 19:21:16.290502+00,272256,2793,23,,,exact,exact,unknown,unknown,f,f,1
B01-012,2026-09-12 19:40:37.884794+00,273417,2795,23,,,exact,exact,unknown,unknown,f,f,0
B01-012,2026-09-12 20:25:34.721835+00,276114,2796,23,,,exact,exact,unknown,unknown,f,f,0
B01-012,2026-09-12 20:38:03.534607+00,276863,2797,23,,,exact,exact,unknown,unknown,f,f,0
B01-012,2026-09-12 21:04:10.543189+00,278430,2798,23,,,exact,exact,unknown,unknown,f,f,0
B01-012,2026-09-12 21:56:34.278214+00,281574,2800,23,,,exact,exact,unknown,unknown,f,f,1
B01-012,2026-09-12 22:53:23.418569+00,284983,2802,23,,,exact,exact,unknown,unknown,f,f,1
B01-012,2026-09-13 00:20:17.673855+00,290197,2803,23,,,exact,exact,unknown,unknown,f,f,0
B01-012,2026-09-13 00:39:33.331017+00,291353,2804,23,,,exact,exact,unknown,unknown,f,f,0
B01-012,2026-09-13 04:54:36.927841+00,306656,2805,23,,,exact,exact,unknown,unknown,f,f,0
B01-012,2026-09-13 05:21:43.848826+00,308283,2807,23,,,exact,exact,unknown,unknown,f,f,1
B01-012,2026-09-13 05:34:47.855872+00,309067,2808,23,,,exact,exact,unknown,unknown,f,f,0
B01-012,2026-09-13 06:26:14.838795+00,312154,2812,23,,,exact,exact,unknown,unknown,f,f,1
B01-012,2026-09-13 06:58:15.84235+00,314075,2813,23,,,exact,exact,unknown,unknown,f,f,0
B01-012,2026-09-13 07:17:47.329842+00,315247,2815,23,,,exact,exact,unknown,unknown,f,f,1
B01-012,2026-09-13 07:56:30.715468+00,317570,2818,23,,,exact,exact,unknown,unknown,f,f,1
B01-012,2026-09-13 08:23:42.628352+00,319202,2821,23,,,exact,exact,unknown,unknown,f,f,1
B01-012,2026-09-13 09:18:39.524412+00,322499,2825,23,,,exact,exact,unknown,unknown,f,f,1
B01-012,2026-09-13 09:57:04.075242+00,324804,2829,23,,,exact,exact,unknown,unknown,f,f,1
B01-012,2026-09-13 10:16:28.755131+00,325968,2832,23,,,exact,exact,unknown,unknown,f,f,1
B01-012,2026-09-13 10:58:10.801895+00,328470,2837,23,,,exact,exact,unknown,unknown,f,f,1
B01-012,2026-09-13 12:16:52.823483+00,333192,2841,23,,,exact,exact,unknown,unknown,f,f,1
B01-012,2026-09-13 12:30:31.375465+00,334011,2842,23,,,exact,exact,unknown,unknown,f,f,0
B01-012,2026-09-13 13:23:33.32117+00,337193,2844,23,,,exact,exact,unknown,unknown,f,f,0
B01-012,2026-09-13 13:55:55.203673+00,339135,2845,23,,,exact,exact,unknown,unknown,f,f,0
B01-012,2026-09-13 14:21:43.727159+00,340683,2849,23,,,exact,exact,unknown,unknown,f,f,1
B01-012,2026-09-13 14:41:14.697622+00,341854,2852,23,,,exact,exact,unknown,unknown,f,f,1
B01-012,2026-09-13 15:24:17.072814+00,344437,2853,23,,,exact,exact,unknown,unknown,f,f,0
B01-012,2026-09-13 15:52:33.621215+00,346133,2858,23,,,exact,exact,unknown,unknown,f,f,1
B01-012,2026-09-13 16:26:33.29544+00,348173,2861,23,,,exact,exact,unknown,unknown,f,f,1
B01-012,2026-09-13 16:59:09.990693+00,350129,2865,23,,,exact,exact,unknown,unknown,f,f,1
B01-012,2026-09-13 17:25:33.463962+00,351713,2868,23,,,exact,exact,unknown,unknown,f,f,1
B01-012,2026-09-13 17:51:07.901241+00,353247,2871,23,,,exact,exact,unknown,unknown,f,f,1
B01-012,2026-09-13 18:24:05.882709+00,355225,2873,23,,,exact,exact,unknown,unknown,f,f,1
B01-012,2026-09-13 18:53:05.426556+00,356965,2878,23,,,exact,exact,unknown,unknown,f,f,1
B01-012,2026-09-13 19:29:10.845063+00,359130,2881,23,,,exact,exact,unknown,unknown,f,f,1
B01-012,2026-09-13 19:42:28.397745+00,359928,2883,23,,,exact,exact,unknown,unknown,f,f,1
B01-012,2026-09-13 20:02:47.35473+00,361147,2887,23,,,exact,exact,unknown,unknown,f,f,0
B01-012,2026-09-13 21:21:33.907993+00,365873,2888,23,,,exact,exact,unknown,unknown,f,f,0
B01-012,2026-09-13 21:45:23.266159+00,367303,2890,23,,,exact,exact,unknown,unknown,f,f,0
B01-012,2026-09-13 22:15:56.999929+00,369136,2892,23,,,exact,exact,unknown,unknown,f,f,1
B01-012,2026-09-13 22:52:58.893976+00,371358,2893,23,,,exact,exact,unknown,unknown,f,f,0
B01-012,2026-09-14 00:39:50.333226+00,377770,2894,23,,,exact,exact,unknown,unknown,f,f,0
B01-012,2026-09-14 03:46:34.864539+00,388974,2895,23,,,exact,exact,unknown,unknown,f,f,0
B01-012,2026-09-14 04:14:13.217838+00,390633,2896,23,,,exact,exact,unknown,unknown,f,f,0
B01-012,2026-09-14 04:56:53.290664+00,393193,2899,23,,,exact,exact,unknown,unknown,f,f,0
B01-012,2026-09-14 05:26:25.224663+00,394965,2902,23,,,exact,exact,unknown,unknown,f,f,1
B01-012,2026-09-14 05:55:31.381489+00,396711,2908,23,,,exact,exact,unknown,unknown,f,f,1
B01-012,2026-09-14 06:18:26.395946+00,398086,2911,23,,,exact,exact,unknown,unknown,f,f,0
B01-012,2026-09-14 06:42:05.440921+00,399505,2914,23,,,exact,exact,unknown,unknown,f,f,0
B01-012,2026-09-14 07:14:17.239771+00,401437,2917,23,,,exact,exact,unknown,unknown,f,f,1
B01-012,2026-09-14 07:59:52.73686+00,404172,2923,23,,,exact,exact,unknown,unknown,f,f,1
B01-012,2026-09-14 08:29:20.046562+00,405940,2934,23,,,exact,exact,unknown,unknown,f,f,1
B01-012,2026-09-14 08:57:54.499324+00,407654,2938,23,,,exact,exact,unknown,unknown,f,f,1
B01-012,2026-09-14 09:27:09.799595+00,409409,2949,23,,,exact,exact,unknown,unknown,f,f,1
B01-012,2026-09-14 09:49:39.90743+00,410759,2962,23,,,exact,exact,unknown,unknown,f,f,1
B01-012,2026-09-14 10:30:16.090604+00,413196,2967,23,,,exact,exact,unknown,unknown,f,f,1
B01-012,2026-09-14 10:54:04.536248+00,414624,2971,23,,,exact,exact,unknown,unknown,f,f,1
B01-012,2026-09-14 11:09:39.086699+00,415559,2973,23,,,exact,exact,unknown,unknown,f,f,1
B01-012,2026-09-14 11:57:03.824929+00,418403,2983,23,,,exact,exact,unknown,unknown,f,f,1
B01-012,2026-09-14 12:26:58.367219+00,420198,2991,23,,,exact,exact,unknown,unknown,f,f,1
B01-012,2026-09-14 12:56:48.108955+00,421988,2997,23,,,exact,exact,unknown,unknown,f,f,1
B01-012,2026-09-14 13:21:49.773048+00,423489,3001,23,,,exact,exact,unknown,unknown,f,f,1
B01-012,2026-09-14 13:56:44.482595+00,425584,3005,23,,,exact,exact,unknown,unknown,f,f,1
B01-012,2026-09-14 14:21:50.70135+00,427090,3006,23,,,exact,exact,unknown,unknown,f,f,1
B01-012,2026-09-14 14:46:45.901022+00,428585,3011,23,,,exact,exact,unknown,unknown,f,f,1
B01-012,2026-09-14 15:11:52.325604+00,430092,3015,23,,,exact,exact,unknown,unknown,f,f,1
B01-012,2026-09-14 15:46:47.628491+00,432187,3016,23,,,exact,exact,unknown,unknown,f,f,0
B01-012,2026-09-14 16:22:10.876327+00,434310,3017,23,,,exact,exact,unknown,unknown,f,f,0
B01-012,2026-09-14 16:56:49.42391+00,436389,3027,23,,,exact,exact,unknown,unknown,f,f,1
B01-012,2026-09-14 17:28:02.534288+00,438262,3031,23,,,exact,exact,unknown,unknown,f,f,1
B01-012,2026-09-14 17:55:22.532986+00,439902,3033,23,,,exact,exact,unknown,unknown,f,f,1
B01-012,2026-09-14 18:20:27.098201+00,441407,3037,23,,,exact,exact,unknown,unknown,f,f,1
B01-012,2026-09-14 18:45:24.96274+00,442904,3040,23,,,exact,exact,unknown,unknown,f,f,1
B01-012,2026-09-14 19:25:24.871796+00,445304,3041,23,,,exact,exact,unknown,unknown,f,f,0
B01-012,2026-09-14 19:50:24.847833+00,446804,3044,23,,,exact,exact,unknown,unknown,f,f,1
B01-012,2026-09-14 20:20:24.604595+00,448604,3047,23,,,exact,exact,unknown,unknown,f,f,1
B01-012,2026-09-14 20:50:19.441551+00,450399,3051,23,,,exact,exact,unknown,unknown,f,f,1
B01-012,2026-09-14 21:05:20.493983+00,451300,3052,23,,,exact,exact,unknown,unknown,f,f,0
B01-012,2026-09-14 21:35:19.005815+00,453098,3053,23,,,exact,exact,unknown,unknown,f,f,0
B01-012,2026-09-14 23:00:19.362126+00,458199,3054,23,,,exact,exact,unknown,unknown,f,f,0
B01-012,2026-09-15 01:50:19.296579+00,468399,3055,23,,,exact,exact,unknown,unknown,f,f,0
B01-012,2026-09-15 02:20:17.606843+00,470197,3056,23,,,exact,exact,unknown,unknown,f,f,0
B01-012,2026-09-15 02:40:18.310245+00,471398,3057,23,,,exact,exact,unknown,unknown,f,f,0
B01-012,2026-09-15 04:10:23.041423+00,476803,3059,23,,,exact,exact,unknown,unknown,f,f,1
B01-012,2026-09-15 04:45:19.433907+00,478899,3060,23,,,exact,exact,unknown,unknown,f,f,0
B01-012,2026-09-15 05:25:20.647976+00,481300,3064,23,,,exact,exact,unknown,unknown,f,f,1
B01-012,2026-09-15 05:55:20.683374+00,483100,3066,23,,,exact,exact,unknown,unknown,f,f,0
B01-012,2026-09-15 06:15:24.597616+00,484304,3068,23,,,exact,exact,unknown,unknown,f,f,1
B01-012,2026-09-15 07:15:24.74557+00,487904,3072,23,,,exact,exact,unknown,unknown,f,f,1
B01-012,2026-09-15 07:55:19.945285+00,490299,3076,23,,,exact,exact,unknown,unknown,f,f,1
B01-012,2026-09-15 08:25:22.275307+00,492102,3081,23,,,exact,exact,unknown,unknown,f,f,1
B01-012,2026-09-15 08:45:20.972884+00,493300,3082,23,,,exact,exact,unknown,unknown,f,f,0
B01-012,2026-09-15 09:10:24.539987+00,494804,3083,23,,,exact,exact,unknown,unknown,f,f,0
B01-012,2026-09-15 09:55:20.130324+00,497500,3088,23,,,exact,exact,unknown,unknown,f,f,1
B01-012,2026-09-15 10:20:21.273623+00,499001,3093,23,,,exact,exact,unknown,unknown,f,f,1
B01-012,2026-09-15 10:55:19.495271+00,501099,3097,23,,,exact,exact,unknown,unknown,f,f,1
B01-012,2026-09-15 11:00:21.662607+00,501401,3098,23,,,exact,exact,unknown,unknown,f,f,0
B01-012,2026-09-15 11:55:23.135275+00,504703,3101,23,,,exact,exact,unknown,unknown,f,f,1
B01-012,2026-09-15 12:05:24.632269+00,505304,3102,23,,,exact,exact,unknown,unknown,f,f,0
B01-012,2026-09-15 12:40:23.765538+00,507403,3104,23,,,exact,exact,unknown,unknown,f,f,1
B01-012,2026-09-15 13:25:22.107719+00,510102,3107,23,,,exact,exact,unknown,unknown,f,f,1
B01-012,2026-09-15 13:45:22.178301+00,511302,3110,23,,,exact,exact,unknown,unknown,f,f,1
B01-012,2026-09-15 14:15:22.530855+00,513102,3113,23,,,exact,exact,unknown,unknown,f,f,1
B01-012,2026-09-15 14:45:38.426995+00,514918,3115,23,,,exact,exact,unknown,unknown,f,f,1
B01-012,2026-09-15 15:20:21.113131+00,517001,3120,23,,,exact,exact,unknown,unknown,f,f,1
B01-012,2026-09-15 15:45:21.998189+00,518501,3124,23,,,exact,exact,unknown,unknown,f,f,1
B01-012,2026-09-15 16:20:21.405368+00,520601,3126,23,,,exact,exact,unknown,unknown,f,f,1
B01-012,2026-09-15 16:30:21.415834+00,521201,3127,23,,,exact,exact,unknown,unknown,f,f,0
B01-012,2026-09-15 17:25:23.661354+00,524503,3132,23,,,exact,exact,unknown,unknown,f,f,1
B01-012,2026-09-15 17:35:27.768738+00,525107,3135,23,,,exact,exact,unknown,unknown,f,f,1
B01-012,2026-09-15 19:55:21.038075+00,533501,3139,23,,,exact,exact,unknown,unknown,f,f,1
B01-012,2026-09-15 20:00:21.363101+00,533801,3140,23,,,exact,exact,unknown,unknown,f,f,0
B01-012,2026-09-15 20:35:22.514064+00,535902,3141,23,,,exact,exact,unknown,unknown,f,f,0
B01-012,2026-09-15 21:35:19.479321+00,539499,3142,23,,,exact,exact,unknown,unknown,f,f,0
B01-012,2026-09-16 13:08:52.414629+00,595512,3179,23,,,exact,exact,unknown,unknown,f,f,0
B01-012,2026-09-16 13:29:25.024086+00,596745,3181,23,,,exact,exact,unknown,unknown,f,f,1
B01-012,2026-09-16 13:39:25.555311+00,597345,3182,23,,,exact,exact,unknown,unknown,f,f,0
B01-012,2026-09-16 14:24:33.162079+00,600053,3185,23,,,exact,exact,unknown,unknown,f,f,1
B01-012,2026-09-16 21:25:48.481485+00,625328,3203,23,,,exact,exact,unknown,unknown,f,f,0
B01-012,2026-09-16 22:25:16.465723+00,628896,3204,23,,,exact,exact,unknown,unknown,f,f,0
B01-012,2026-09-17 00:30:08.314136+00,636388,3205,23,,,exact,exact,unknown,unknown,f,f,0
B01-012,2026-09-17 05:20:17.141308+00,653797,3209,23,,,exact,exact,unknown,unknown,f,f,1
B01-012,2026-09-17 05:45:25.224541+00,655305,3212,23,,,exact,exact,unknown,unknown,f,f,1
B01-012,2026-09-17 07:25:47.664588+00,661327,3217,23,,,exact,exact,unknown,unknown,f,f,0
B01-012,2026-09-17 09:00:24.399031+00,667004,3220,23,,,exact,exact,unknown,unknown,f,f,1
B01-012,2026-09-17 10:00:25.894226+00,670605,3228,23,,,exact,exact,unknown,unknown,f,f,1
B01-012,2026-09-17 10:30:26.930484+00,672406,3230,23,,,exact,exact,unknown,unknown,f,f,1
B01-012,2026-09-17 11:10:38.750735+00,674818,3231,23,,,exact,exact,unknown,unknown,f,f,0
B01-012,2026-09-17 12:55:20.56574+00,681100,3240,23,,,exact,exact,unknown,unknown,f,f,1
B01-012,2026-09-17 13:55:18.765418+00,684698,3246,23,,,exact,exact,unknown,unknown,f,f,1
B01-012,2026-09-17 14:50:16.831264+00,687996,3252,23,,,exact,exact,unknown,unknown,f,f,1
B01-012,2026-09-17 15:45:17.064387+00,691297,3255,23,,,exact,exact,unknown,unknown,f,f,1
B01-012,2026-09-17 16:55:32.414614+00,695512,3261,23,,,exact,exact,unknown,unknown,f,f,1
B01-012,2026-09-17 17:50:16.981652+00,698796,3264,23,,,exact,exact,unknown,unknown,f,f,1
B01-012,2026-09-17 18:55:19.215198+00,702699,3266,23,,,exact,exact,unknown,unknown,f,f,1
B01-012,2026-09-17 19:35:17.635624+00,705097,3268,23,,,exact,exact,unknown,unknown,f,f,1
B01-012,2026-09-17 20:35:18.002+00,708697,3271,23,,,exact,exact,unknown,unknown,f,f,1
B01-012,2026-09-17 21:15:18.565886+00,711098,3272,23,,,exact,exact,unknown,unknown,f,f,0
B01-012,2026-09-17 22:05:17.019252+00,714096,3273,23,,,exact,exact,unknown,unknown,f,f,0
B01-012,2026-09-18 01:30:18.179314+00,726398,3274,23,,,exact,exact,unknown,unknown,f,f,0
B01-012,2026-09-18 02:55:20.164773+00,731500,3277,23,,,exact,exact,unknown,unknown,f,f,1
B01-012,2026-09-18 05:45:20.160321+00,741700,3281,23,,,exact,exact,unknown,unknown,f,f,1
B01-012,2026-09-18 06:10:24.798001+00,743204,3283,23,,,exact,exact,unknown,unknown,f,f,1
B01-012,2026-09-18 08:45:20.450154+00,752500,3284,23,,,exact,exact,unknown,unknown,f,f,0
B01-012,2026-09-18 09:50:25.453153+00,756405,3286,23,,,exact,exact,unknown,unknown,f,f,1
B01-012,2026-09-18 10:20:36.301122+00,758216,3288,23,,,exact,exact,unknown,unknown,f,f,1
B01-012,2026-09-18 11:45:26.350549+00,763306,3290,23,,,exact,exact,unknown,unknown,f,f,1
B01-012,2026-09-18 12:55:25.745302+00,767505,3297,23,,,exact,exact,unknown,unknown,f,f,1
B01-012,2026-09-18 13:20:31.799758+00,769011,3298,23,,,exact,exact,unknown,unknown,f,f,0
B01-012,2026-09-18 14:55:25.671772+00,774705,3301,23,,,exact,exact,unknown,unknown,f,f,1
B01-012,2026-09-18 15:50:23.325372+00,778003,3305,23,,,exact,exact,unknown,unknown,f,f,1
B01-012,2026-09-18 16:45:28.084393+00,781308,3308,23,,,exact,exact,unknown,unknown,f,f,1
B01-012,2026-09-18 17:45:25.998126+00,784905,3310,23,,,exact,exact,unknown,unknown,f,f,0
B01-012,2026-09-18 18:40:29.008648+00,788208,3312,23,,,exact,exact,unknown,unknown,f,f,1
B01-012,2026-09-18 19:20:34.369109+00,790614,3313,23,,,exact,exact,unknown,unknown,f,f,0
B01-012,2026-09-18 20:50:17.380635+00,795997,3317,23,,,exact,exact,unknown,unknown,f,f,1
B01-012,2026-09-18 21:55:18.684579+00,799898,3319,23,,,exact,exact,unknown,unknown,f,f,1
B01-012,2026-09-18 22:05:17.759437+00,800497,3320,23,,,exact,exact,unknown,unknown,f,f,0
B01-012,2026-09-19 00:55:15.609115+00,810695,3321,23,,,exact,exact,unknown,unknown,f,f,0
B01-012,2026-09-19 03:30:16.892839+00,819996,3322,23,,,exact,exact,unknown,unknown,f,f,0
B01-012,2026-09-19 04:20:18.141329+00,822998,3323,23,,,exact,exact,unknown,unknown,f,f,0
B01-012,2026-09-19 05:00:18.612469+00,825398,3324,23,,,exact,exact,unknown,unknown,f,f,0
B01-012,2026-09-19 06:35:18.273964+00,831098,3326,23,,,exact,exact,unknown,unknown,f,f,1
B01-012,2026-09-19 07:20:19.528296+00,833799,3327,23,,,exact,exact,unknown,unknown,f,f,0
B01-012,2026-09-19 08:30:17.948572+00,837997,3331,24,,,exact,exact,unknown,unknown,f,f,1
B01-012,2026-09-19 10:25:19.237493+00,844899,3332,24,,,exact,exact,unknown,unknown,f,f,0
B01-012,2026-09-19 11:10:18.364557+00,847598,3335,24,,,exact,exact,unknown,unknown,f,f,1
B01-012,2026-09-19 13:45:19.287234+00,856899,3336,24,,,exact,exact,unknown,unknown,f,f,0
B01-012,2026-09-19 14:15:21.322568+00,858701,3337,24,,,exact,exact,unknown,unknown,f,f,0
B01-012,2026-09-19 15:55:20.795397+00,864700,3340,24,,,exact,exact,unknown,unknown,f,f,1
B01-012,2026-09-19 16:10:19.073202+00,865599,3342,24,,,exact,exact,unknown,unknown,f,f,0
B01-012,2026-09-19 17:45:19.283926+00,871299,3344,24,,,exact,exact,unknown,unknown,f,f,1
B01-012,2026-09-19 19:50:19.216979+00,878799,3345,24,,,exact,exact,unknown,unknown,f,f,0
B01-012,2026-09-19 23:10:16.262958+00,890796,3347,24,,,exact,exact,unknown,unknown,f,f,1
B01-012,2026-09-20 04:50:17.955033+00,911197,3348,24,,,exact,exact,unknown,unknown,f,f,0
B01-012,2026-09-20 06:35:20.095989+00,917500,3349,24,,,exact,exact,unknown,unknown,f,f,0
B01-012,2026-09-20 07:55:21.626709+00,922301,3350,24,,,exact,exact,unknown,unknown,f,f,0
B01-012,2026-09-20 09:20:24.232032+00,927404,3351,24,,,exact,exact,unknown,unknown,f,f,0
B01-012,2026-09-20 10:25:24.923666+00,931304,3352,24,,,exact,exact,unknown,unknown,f,f,0
B01-012,2026-09-20 11:55:24.72681+00,936704,3355,24,,,exact,exact,unknown,unknown,f,f,1
B01-012,2026-09-20 12:25:27.952682+00,938507,3356,24,,,exact,exact,unknown,unknown,f,f,0
B01-012,2026-09-20 13:00:29.724246+00,940609,3357,24,,,exact,exact,unknown,unknown,f,f,0
B01-012,2026-09-20 15:45:19.134067+00,950499,3358,24,,,exact,exact,unknown,unknown,f,f,0
B01-012,2026-09-20 17:30:19.502793+00,956799,3360,24,,,exact,exact,unknown,unknown,f,f,1
B01-012,2026-09-20 18:20:19.365211+00,959799,3363,24,,,exact,exact,unknown,unknown,f,f,1
B01-012,2026-09-20 20:25:21.136595+00,967301,3365,24,,,exact,exact,unknown,unknown,f,f,0
B01-012,2026-09-20 21:05:19.083802+00,969699,3366,24,,,exact,exact,unknown,unknown,f,f,0
B01-012,2026-09-21 00:55:16.51293+00,983496,3367,24,,,exact,exact,unknown,unknown,f,f,0
B01-012,2026-09-21 02:05:18.832742+00,987698,3368,24,,,exact,exact,unknown,unknown,f,f,0
B01-012,2026-09-21 08:19:45.275078+00,1010165,3369,24,,,exact,exact,unknown,unknown,f,f,0
B01-012,2026-09-21 09:45:40.122031+00,1015320,3372,24,,,exact,exact,unknown,unknown,f,f,1
B01-012,2026-09-21 11:01:19.057713+00,1019859,3376,24,,,exact,exact,unknown,unknown,f,f,1
B01-012,2026-09-21 11:59:47.965307+00,1023367,3381,24,,,exact,exact,unknown,unknown,f,f,1
B01-012,2026-09-21 12:43:15.986671+00,1025975,3384,25,,,exact,exact,unknown,unknown,f,f,1
B01-012,2026-09-21 13:17:05.37576+00,1028005,3386,25,,,exact,exact,unknown,unknown,f,f,0
B01-012,2026-09-21 15:59:34.670826+00,1037754,3393,25,,,exact,exact,unknown,unknown,f,f,0
B01-012,2026-09-21 16:45:09.303942+00,1040489,3395,25,,,exact,exact,unknown,unknown,f,f,1
B01-012,2026-09-21 18:03:11.025128+00,1045171,3399,25,,,exact,exact,unknown,unknown,f,f,1
B01-012,2026-09-21 18:20:26.635685+00,1046206,3402,25,,,exact,exact,unknown,unknown,f,f,1
B01-012,2026-09-21 19:16:16.42022+00,1049556,3403,25,,,exact,exact,unknown,unknown,f,f,0
B01-012,2026-09-21 20:41:34.65816+00,1054674,3404,25,,,exact,exact,unknown,unknown,f,f,0
B01-012,2026-09-22 02:35:48.848606+00,1075928,3406,25,,,exact,exact,unknown,unknown,f,f,1
B01-012,2026-09-22 03:10:46.456384+00,1078026,3407,25,,,exact,exact,unknown,unknown,f,f,0
B01-012,2026-09-22 04:55:48.780797+00,1084328,3409,25,,,exact,exact,unknown,unknown,f,f,1
B01-012,2026-09-22 05:55:56.838853+00,1087936,3410,25,,,exact,exact,unknown,unknown,f,f,0
B01-012,2026-09-22 06:56:00.296299+00,1091540,3411,25,,,exact,exact,unknown,unknown,f,f,0
B01-012,2026-09-22 07:05:53.154285+00,1092133,3412,25,,,exact,exact,unknown,unknown,f,f,0
B01-012,2026-09-22 08:21:29.797032+00,1096669,3413,25,,,exact,exact,unknown,unknown,f,f,0
B01-012,2026-09-22 09:53:16.462902+00,1102176,3415,25,,,exact,exact,unknown,unknown,f,f,1
B01-012,2026-09-22 10:56:53.840486+00,1105993,3418,25,,,exact,exact,unknown,unknown,f,f,1
B01-012,2026-09-22 11:29:53.233214+00,1107973,3420,25,,,exact,exact,unknown,unknown,f,f,1
B01-012,2026-09-22 12:18:09.276083+00,1110869,3421,25,,,exact,exact,unknown,unknown,f,f,0
B01-012,2026-09-22 13:26:31.810235+00,1114971,3422,25,,,exact,exact,unknown,unknown,f,f,0
B01-012,2026-09-22 14:40:36.806036+00,1119416,3423,25,,,exact,exact,unknown,unknown,f,f,0
B01-012,2026-09-22 15:51:53.10831+00,1123693,3425,25,,,exact,exact,unknown,unknown,f,f,1
B01-012,2026-09-22 16:46:05.832864+00,1126945,3427,25,,,exact,exact,unknown,unknown,f,f,1
B01-012,2026-09-22 17:50:54.721467+00,1130834,3428,25,,,exact,exact,unknown,unknown,f,f,0
B01-012,2026-09-22 18:30:34.929318+00,1133214,3430,25,,,exact,exact,unknown,unknown,f,f,1
B01-012,2026-09-22 19:35:34.976686+00,1137114,3431,25,,,exact,exact,unknown,unknown,f,f,0
B01-012,2026-09-23 08:50:25.915596+00,1184805,3435,25,,,exact,exact,unknown,unknown,f,f,1
B01-012,2026-09-23 10:25:29.492502+00,1190509,3435,25,,,exact,exact,unknown,unknown,f,f,1
B01-012,2026-09-23 11:55:27.699599+00,1195907,3439,25,,,exact,exact,unknown,unknown,f,f,1
B01-012,2026-09-23 12:10:27.353897+00,1196807,3440,25,,,exact,exact,unknown,unknown,f,f,0
B01-012,2026-09-23 13:40:25.81277+00,1202205,3444,25,,,exact,exact,unknown,unknown,f,f,1
B01-012,2026-09-23 14:50:27.885272+00,1206407,3448,25,,,exact,exact,unknown,unknown,f,f,1
B01-012,2026-09-23 15:45:25.608909+00,1209705,3449,25,,,exact,exact,unknown,unknown,f,f,0
B01-012,2026-09-23 16:45:26.756784+00,1213306,3456,25,,,exact,exact,unknown,unknown,f,f,1
B01-012,2026-09-23 17:55:25.677287+00,1217505,3460,25,,,exact,exact,unknown,unknown,f,f,1
B01-012,2026-09-23 19:40:26.021998+00,1223805,3461,25,,,exact,exact,unknown,unknown,f,f,0
B01-012,2026-09-23 21:30:24.750748+00,1230404,3462,25,,,exact,exact,unknown,unknown,f,f,0
B01-012,2026-09-23 22:25:26.055819+00,1233706,3463,25,,,exact,exact,unknown,unknown,f,f,0
B01-012,2026-09-24 09:55:29.732757+00,1275109,3466,25,,,exact,exact,unknown,unknown,f,f,1
B01-012,2026-09-24 11:40:26.932879+00,1281406,3467,25,,,exact,exact,unknown,unknown,f,f,0
B01-012,2026-09-24 12:30:29.717112+00,1284409,3469,25,,,exact,exact,unknown,unknown,f,f,1
B01-012,2026-09-24 13:15:28.871092+00,1287108,3471,25,,,exact,exact,unknown,unknown,f,f,1
B01-012,2026-09-24 14:45:26.265502+00,1292506,3473,25,,,exact,exact,unknown,unknown,f,f,1
B01-012,2026-09-24 15:50:28.265926+00,1296408,3476,25,,,exact,exact,unknown,unknown,f,f,1
B01-012,2026-09-24 16:55:25.495555+00,1300305,3481,25,,,exact,exact,unknown,unknown,f,f,1
B01-012,2026-09-24 17:55:26.140703+00,1303906,3486,25,,,exact,exact,unknown,unknown,f,f,1
B01-012,2026-09-24 18:55:28.377778+00,1307508,3488,25,,,exact,exact,unknown,unknown,f,f,1
B01-012,2026-09-24 19:35:26.810057+00,1309906,3489,25,,,exact,exact,unknown,unknown,f,f,0
B01-012,2026-09-24 22:40:30.745129+00,1321010,3492,25,,,exact,exact,unknown,unknown,f,f,1
B01-012,2026-09-24 23:35:26.054617+00,1324306,3494,25,,,exact,exact,unknown,unknown,f,f,1
B01-012,2026-09-25 06:20:26.925727+00,1348606,3495,25,,,exact,exact,unknown,unknown,f,f,0
B01-012,2026-09-25 08:25:29.064215+00,1356109,3497,25,,,exact,exact,unknown,unknown,f,f,1
B01-012,2026-09-25 09:50:26.459209+00,1361206,3500,25,,,exact,exact,unknown,unknown,f,f,1
B01-012,2026-09-25 10:25:28.142756+00,1363308,3503,25,,,exact,exact,unknown,unknown,f,f,1
B01-012,2026-09-25 11:00:26.760097+00,1365406,3504,25,,,exact,exact,unknown,unknown,f,f,0
B01-012,2026-09-25 12:55:25.324897+00,1372305,3506,25,,,exact,exact,unknown,unknown,f,f,1
B01-012,2026-09-25 13:25:27.833323+00,1374107,3507,25,,,exact,exact,unknown,unknown,f,f,0
B01-012,2026-09-25 15:45:23.536546+00,1382503,3508,25,,,exact,exact,unknown,unknown,f,f,0
B01-012,2026-09-25 16:45:25.632034+00,1386105,3509,25,,,exact,exact,unknown,unknown,f,f,0
B01-012,2026-09-25 17:15:27.973423+00,1387907,3510,25,,,exact,exact,unknown,unknown,f,f,0
B01-012,2026-09-25 21:35:25.359531+00,1403505,3511,25,,,exact,exact,unknown,unknown,f,f,0
B01-012,2026-09-25 22:35:23.994374+00,1407103,3512,25,,,exact,exact,unknown,unknown,f,f,0
B01-013,2026-09-10 12:00:42.174201+00,41,28,0,,,exact,exact,unknown,unknown,f,f,0
B01-013,2026-09-10 12:08:28.457693+00,508,122,0,,,exact,exact,unknown,unknown,f,f,0
B01-013,2026-09-10 12:15:24.98473+00,924,162,0,,,exact,exact,unknown,unknown,f,f,0
B01-013,2026-09-10 12:22:23.106431+00,1342,200,1,,,exact,exact,unknown,unknown,f,f,0
B01-013,2026-09-10 12:29:09.926008+00,1749,220,3,,,exact,exact,unknown,unknown,f,f,0
B01-013,2026-09-10 12:35:50.844952+00,2150,250,4,,,exact,exact,unknown,unknown,f,f,0
B01-013,2026-09-10 12:42:30.827452+00,2550,257,4,,,exact,exact,unknown,unknown,f,f,0
B01-013,2026-09-10 12:49:07.493814+00,2947,272,4,,,exact,exact,unknown,unknown,f,f,0
B01-013,2026-09-10 12:55:41.511198+00,3341,282,4,,,exact,exact,unknown,unknown,f,f,0
B01-013,2026-09-10 13:03:54.497589+00,3834,306,4,,,exact,exact,unknown,unknown,f,f,0
B01-013,2026-09-10 13:11:17.778404+00,4277,329,5,,,exact,exact,unknown,unknown,f,f,0
B01-013,2026-09-10 13:18:11.763855+00,4691,349,5,,,exact,exact,unknown,unknown,f,f,0
B01-013,2026-09-10 13:24:59.412891+00,5099,356,5,,,exact,exact,unknown,unknown,f,f,0
B01-013,2026-09-10 13:31:40.518694+00,5500,362,5,,,exact,exact,unknown,unknown,f,f,0
B01-013,2026-09-10 13:38:29.452161+00,5909,373,5,,,exact,exact,unknown,unknown,f,f,0
B01-013,2026-09-10 13:45:27.03163+00,6326,377,6,,,exact,exact,unknown,unknown,f,f,0
B01-013,2026-09-10 13:52:13.095234+00,6732,386,6,,,exact,exact,unknown,unknown,f,f,0
B01-013,2026-09-10 13:59:03.870645+00,7143,390,6,,,exact,exact,unknown,unknown,f,f,0
B01-013,2026-09-10 14:06:53.034496+00,7612,396,6,,,exact,exact,unknown,unknown,f,f,0
B01-013,2026-09-10 14:13:50.756324+00,8030,404,6,,,exact,exact,unknown,unknown,f,f,0
B01-013,2026-09-10 14:20:45.710988+00,8445,408,6,,,exact,exact,unknown,unknown,f,f,0
B01-013,2026-09-10 14:27:24.328418+00,8844,419,6,,,exact,exact,unknown,unknown,f,f,0
B01-013,2026-09-10 14:34:05.745517+00,9245,420,6,,,exact,exact,unknown,unknown,f,f,0
B01-013,2026-09-10 14:40:55.203028+00,9655,422,6,,,exact,exact,unknown,unknown,f,f,0
B01-013,2026-09-10 14:47:34.180264+00,10053,425,6,,,exact,exact,unknown,unknown,f,f,0
B01-013,2026-09-10 14:55:21.550845+00,10521,428,6,,,exact,exact,unknown,unknown,f,f,0
B01-013,2026-09-10 15:03:00.954433+00,10980,429,6,,,exact,exact,unknown,unknown,f,f,0
B01-013,2026-09-10 15:09:46.598734+00,11386,435,6,,,exact,exact,unknown,unknown,f,f,0
B01-013,2026-09-10 15:16:45.327424+00,11805,435,6,,,exact,exact,unknown,unknown,f,f,0
B01-013,2026-09-10 15:23:47.908343+00,12227,443,6,,,exact,exact,unknown,unknown,f,f,0
B01-013,2026-09-10 15:30:24.186797+00,12623,446,6,,,exact,exact,unknown,unknown,f,f,0
B01-013,2026-09-10 15:37:15.192581+00,13035,451,6,,,exact,exact,unknown,unknown,f,f,0
B01-013,2026-09-10 15:43:54.342119+00,13434,454,6,,,exact,exact,unknown,unknown,f,f,0
B01-013,2026-09-10 15:50:29.840737+00,13829,454,6,,,exact,exact,unknown,unknown,f,f,0
B01-013,2026-09-10 15:57:20.910422+00,14240,455,6,,,exact,exact,unknown,unknown,f,f,0
B01-013,2026-09-10 16:04:35.597319+00,14675,462,6,,,exact,exact,unknown,unknown,f,f,0
B01-013,2026-09-10 16:17:03.102071+00,15422,465,6,,,exact,exact,unknown,unknown,f,f,0
B01-013,2026-09-10 16:23:54.171899+00,15833,468,6,,,exact,exact,unknown,unknown,f,f,0
B01-013,2026-09-10 16:30:40.434626+00,16240,471,6,,,exact,exact,unknown,unknown,f,f,0
B01-013,2026-09-10 16:38:22.894932+00,16702,474,6,,,exact,exact,unknown,unknown,f,f,0
B01-013,2026-09-10 16:45:20.852512+00,17120,474,6,,,exact,exact,unknown,unknown,f,f,0
B01-013,2026-09-10 16:51:55.236304+00,17515,474,6,,,exact,exact,unknown,unknown,f,f,0
B01-013,2026-09-10 16:58:59.663834+00,17939,476,6,,,exact,exact,unknown,unknown,f,f,0
B01-013,2026-09-10 17:07:23.10309+00,18442,479,6,,,exact,exact,unknown,unknown,f,f,0
B01-013,2026-09-10 17:14:17.301123+00,18857,481,6,,,exact,exact,unknown,unknown,f,f,0
B01-013,2026-09-10 17:21:06.311412+00,19266,481,6,,,exact,exact,unknown,unknown,f,f,0
B01-013,2026-09-10 17:27:35.62319+00,19655,484,6,,,exact,exact,unknown,unknown,f,f,0
B01-013,2026-09-10 17:34:27.376545+00,20067,484,6,,,exact,exact,unknown,unknown,f,f,0
B01-013,2026-09-10 17:41:20.684139+00,20480,486,6,,,exact,exact,unknown,unknown,f,f,0
B01-013,2026-09-10 17:47:58.066032+00,20877,486,6,,,exact,exact,unknown,unknown,f,f,0
B01-013,2026-09-10 17:55:59.314207+00,21359,489,6,,,exact,exact,unknown,unknown,f,f,0
B01-013,2026-09-10 18:03:37.496256+00,21817,492,6,,,exact,exact,unknown,unknown,f,f,0
B01-013,2026-09-10 18:16:28.235138+00,22588,494,6,,,exact,exact,unknown,unknown,f,f,0
B01-013,2026-09-10 18:23:44.350017+00,23024,494,6,,,exact,exact,unknown,unknown,f,f,0
B01-013,2026-09-10 19:39:31.425666+00,27571,512,7,,,exact,exact,unknown,unknown,f,f,0
B01-013,2026-09-10 20:01:07.054546+00,28866,515,7,,,exact,exact,unknown,unknown,f,f,0
B01-013,2026-09-11 06:41:32.835785+00,67292,562,7,,,exact,exact,unknown,unknown,f,f,0
B01-013,2026-09-11 07:00:20.755407+00,68420,564,7,,,exact,exact,unknown,unknown,f,f,0
B01-013,2026-09-11 07:06:41.332972+00,68801,566,7,,,exact,exact,unknown,unknown,f,f,0
B01-013,2026-09-11 07:25:29.729844+00,69929,568,7,,,exact,exact,unknown,unknown,f,f,0
B01-013,2026-09-11 07:31:45.905966+00,70305,569,7,,,exact,exact,unknown,unknown,f,f,0
B01-013,2026-09-11 07:56:48.427686+00,71808,571,7,,,exact,exact,unknown,unknown,f,f,0
B01-013,2026-09-11 08:10:06.397308+00,72606,575,7,,,exact,exact,unknown,unknown,f,f,0
B01-013,2026-09-11 08:43:10.528429+00,74590,576,7,,,exact,exact,unknown,unknown,f,f,0
B01-013,2026-09-11 09:02:59.659552+00,75779,580,7,,,exact,exact,unknown,unknown,f,f,0
B01-013,2026-09-11 09:10:03.60991+00,76203,582,7,,,exact,exact,unknown,unknown,f,f,0
B01-013,2026-09-11 09:29:39.50207+00,77379,583,7,,,exact,exact,unknown,unknown,f,f,0
B01-013,2026-09-11 10:08:08.768976+00,79688,585,7,,,exact,exact,unknown,unknown,f,f,0
B01-013,2026-09-11 11:01:22.644667+00,82882,587,7,,,exact,exact,unknown,unknown,f,f,0
B01-013,2026-09-11 11:07:59.369742+00,83279,590,7,,,exact,exact,unknown,unknown,f,f,0
B01-013,2026-09-11 11:27:15.452596+00,84435,592,7,,,exact,exact,unknown,unknown,f,f,0
B01-013,2026-09-11 11:40:19.496491+00,85219,594,7,,,exact,exact,unknown,unknown,f,f,0
B01-013,2026-09-11 11:46:42.048458+00,85601,596,7,,,exact,exact,unknown,unknown,f,f,0
B01-013,2026-09-11 12:26:26.476461+00,87986,599,7,,,exact,exact,unknown,unknown,f,f,0
B01-013,2026-09-11 12:41:01.663206+00,88861,602,7,,,exact,exact,unknown,unknown,f,f,1
B01-013,2026-09-11 13:01:12.844917+00,90072,606,7,,,exact,exact,unknown,unknown,f,f,1
B01-013,2026-09-11 13:15:04.441918+00,90904,608,7,,,exact,exact,unknown,unknown,f,f,1
B01-013,2026-09-11 13:27:55.676398+00,91675,612,7,,,exact,exact,unknown,unknown,f,f,1
B01-013,2026-09-11 14:01:22.58688+00,93682,614,7,,,exact,exact,unknown,unknown,f,f,1
B01-013,2026-09-11 15:01:57.524122+00,97317,615,7,,,exact,exact,unknown,unknown,f,f,0
B01-013,2026-09-11 15:22:00.417684+00,98520,616,7,,,exact,exact,unknown,unknown,f,f,0
B01-013,2026-09-11 15:54:29.669586+00,100469,617,7,,,exact,exact,unknown,unknown,f,f,0
B01-013,2026-09-11 16:14:24.669913+00,101664,618,7,,,exact,exact,unknown,unknown,f,f,0
B01-013,2026-09-11 16:20:52.286664+00,102052,619,7,,,exact,exact,unknown,unknown,f,f,0
B01-013,2026-09-11 16:40:42.052261+00,103241,623,7,,,exact,exact,unknown,unknown,f,f,0
B01-013,2026-09-11 16:53:19.741841+00,103999,625,7,,,exact,exact,unknown,unknown,f,f,1
B01-013,2026-09-11 17:11:57.839596+00,105117,626,7,,,exact,exact,unknown,unknown,f,f,0
B01-013,2026-09-11 17:25:05.921753+00,105905,628,7,,,exact,exact,unknown,unknown,f,f,1
B01-013,2026-09-11 17:44:41.825482+00,107081,629,7,,,exact,exact,unknown,unknown,f,f,0
B01-013,2026-09-11 18:57:33.572563+00,111453,630,7,,,exact,exact,unknown,unknown,f,f,0
B01-013,2026-09-11 19:05:47.398604+00,111947,631,7,,,exact,exact,unknown,unknown,f,f,0
B01-013,2026-09-11 19:21:02.317101+00,112862,632,7,,,exact,exact,unknown,unknown,f,f,0
B01-013,2026-09-11 20:06:37.124778+00,115596,633,7,,,exact,exact,unknown,unknown,f,f,0
B01-013,2026-09-11 20:36:22.113182+00,117381,634,7,,,exact,exact,unknown,unknown,f,f,0
B01-013,2026-09-12 00:59:55.517738+00,133195,635,7,,,exact,exact,unknown,unknown,f,f,0
B01-013,2026-09-12 02:27:26.733714+00,138446,636,7,,,exact,exact,unknown,unknown,f,f,0
B01-013,2026-09-12 02:47:13.065043+00,139632,637,7,,,exact,exact,unknown,unknown,f,f,0
B01-013,2026-09-12 05:10:47.101794+00,148246,638,8,,,exact,exact,unknown,unknown,f,f,1
B01-013,2026-09-12 05:50:30.832239+00,150630,639,8,,,exact,exact,unknown,unknown,f,f,0
B01-013,2026-09-12 07:10:13.546224+00,155413,640,8,,,exact,exact,unknown,unknown,f,f,0
B01-013,2026-09-12 07:17:17.557356+00,155837,644,8,,,exact,exact,unknown,unknown,f,f,0
B01-013,2026-09-12 07:40:36.857724+00,157236,646,8,,,exact,exact,unknown,unknown,f,f,1
B01-013,2026-09-12 08:09:39.028973+00,158978,647,8,,,exact,exact,unknown,unknown,f,f,0
B01-013,2026-09-12 09:15:46.903274+00,162946,648,8,,,exact,exact,unknown,unknown,f,f,0
B01-013,2026-09-12 09:22:25.984145+00,163345,649,8,,,exact,exact,unknown,unknown,f,f,0
B01-013,2026-09-12 10:04:36.969032+00,165876,651,8,,,exact,exact,unknown,unknown,f,f,0
B01-013,2026-09-12 10:44:22.046908+00,168261,652,8,,,exact,exact,unknown,unknown,f,f,0
B01-013,2026-09-12 10:50:50.399751+00,168650,653,8,,,exact,exact,unknown,unknown,f,f,0
B01-013,2026-09-12 12:07:21.166574+00,173240,654,8,,,exact,exact,unknown,unknown,f,f,0
B01-013,2026-09-12 15:58:07.460452+00,187087,656,8,,,exact,exact,unknown,unknown,f,f,0
B01-013,2026-09-12 16:23:32.562134+00,188612,657,8,,,exact,exact,unknown,unknown,f,f,0
B01-013,2026-09-12 16:56:03.308215+00,190563,658,8,,,exact,exact,unknown,unknown,f,f,0
B01-013,2026-09-12 18:50:25.390263+00,197425,659,8,,,exact,exact,unknown,unknown,f,f,0
B01-013,2026-09-12 20:58:21.575713+00,205101,660,8,,,exact,exact,unknown,unknown,f,f,0
B01-013,2026-09-12 22:16:13.431937+00,209773,661,8,,,exact,exact,unknown,unknown,f,f,0
B01-013,2026-09-13 05:54:10.797556+00,237250,662,8,,,exact,exact,unknown,unknown,f,f,0
B01-013,2026-09-13 10:04:17.16915+00,252256,663,8,,,exact,exact,unknown,unknown,f,f,0
B01-013,2026-09-13 10:59:08.658319+00,255548,664,8,,,exact,exact,unknown,unknown,f,f,0
B01-013,2026-09-13 11:13:37.549915+00,256417,665,8,,,exact,exact,unknown,unknown,f,f,0
B01-013,2026-09-13 12:03:47.077092+00,259426,667,8,,,exact,exact,unknown,unknown,f,f,0
B01-013,2026-09-13 14:42:19.063532+00,268938,668,8,,,exact,exact,unknown,unknown,f,f,0
B01-013,2026-09-13 15:53:27.252519+00,273207,670,8,,,exact,exact,unknown,unknown,f,f,1
B01-013,2026-09-13 16:06:56.926379+00,274016,671,8,,,exact,exact,unknown,unknown,f,f,0
B01-013,2026-09-13 16:40:19.756308+00,276019,674,8,,,exact,exact,unknown,unknown,f,f,1
B01-013,2026-09-13 17:06:30.828162+00,277590,676,8,,,exact,exact,unknown,unknown,f,f,0
B01-013,2026-09-13 17:39:05.619218+00,279545,677,8,,,exact,exact,unknown,unknown,f,f,0
B01-013,2026-09-13 18:11:27.23795+00,281487,678,8,,,exact,exact,unknown,unknown,f,f,0
B01-013,2026-09-13 19:56:31.92367+00,287791,679,8,,,exact,exact,unknown,unknown,f,f,0
B01-013,2026-09-13 21:30:36.798875+00,293436,680,8,,,exact,exact,unknown,unknown,f,f,0
B01-013,2026-09-13 22:01:55.912272+00,295315,681,8,,,exact,exact,unknown,unknown,f,f,0
B01-013,2026-09-14 06:27:38.262147+00,325658,683,8,,,exact,exact,unknown,unknown,f,f,1
B01-013,2026-09-14 08:23:14.517813+00,332594,684,8,,,exact,exact,unknown,unknown,f,f,0
B01-013,2026-09-14 08:51:47.066561+00,334306,685,8,,,exact,exact,unknown,unknown,f,f,0
B01-013,2026-09-14 09:21:01.11054+00,336060,687,8,,,exact,exact,unknown,unknown,f,f,0
B01-013,2026-09-14 09:59:06.280704+00,338346,688,8,,,exact,exact,unknown,unknown,f,f,0
B01-013,2026-09-14 10:24:01.41273+00,339841,690,8,,,exact,exact,unknown,unknown,f,f,1
B01-013,2026-09-14 10:55:17.572825+00,341717,691,8,,,exact,exact,unknown,unknown,f,f,0
B01-013,2026-09-14 11:59:35.289727+00,345575,693,8,,,exact,exact,unknown,unknown,f,f,1
B01-013,2026-09-14 12:24:31.306262+00,347071,695,8,,,exact,exact,unknown,unknown,f,f,1
B01-013,2026-09-14 13:14:06.302216+00,350046,696,8,,,exact,exact,unknown,unknown,f,f,0
B01-013,2026-09-14 13:54:04.006294+00,352443,697,8,,,exact,exact,unknown,unknown,f,f,0
B01-013,2026-09-14 14:24:27.582213+00,354267,698,8,,,exact,exact,unknown,unknown,f,f,0
B01-013,2026-09-14 14:48:56.397306+00,355736,700,8,,,exact,exact,unknown,unknown,f,f,1
B01-013,2026-09-14 15:28:56.62023+00,358136,702,8,,,exact,exact,unknown,unknown,f,f,1
B01-013,2026-09-14 16:38:54.823154+00,362334,703,8,,,exact,exact,unknown,unknown,f,f,0
B01-013,2026-09-14 17:14:36.758088+00,364476,704,8,,,exact,exact,unknown,unknown,f,f,0
B01-013,2026-09-14 18:51:13.37392+00,370273,706,8,,,exact,exact,unknown,unknown,f,f,0
B01-013,2026-09-15 06:16:17.38326+00,411377,707,8,,,exact,exact,unknown,unknown,f,f,0
B01-013,2026-09-15 10:51:08.517933+00,427868,708,8,,,exact,exact,unknown,unknown,f,f,0
B01-013,2026-09-15 11:11:22.870529+00,429082,709,8,,,exact,exact,unknown,unknown,f,f,0
B01-013,2026-09-15 11:56:13.547065+00,431773,710,8,,,exact,exact,unknown,unknown,f,f,0
B01-013,2026-09-15 12:11:24.877261+00,432684,714,8,,,exact,exact,unknown,unknown,f,f,1
B01-013,2026-09-15 13:01:17.487352+00,435677,715,8,,,exact,exact,unknown,unknown,f,f,0
B01-013,2026-09-15 15:06:05.622195+00,443165,716,8,,,exact,exact,unknown,unknown,f,f,0
B01-013,2026-09-15 16:21:14.536336+00,447674,717,8,,,exact,exact,unknown,unknown,f,f,0
B01-013,2026-09-15 18:36:13.941325+00,455773,718,8,,,exact,exact,unknown,unknown,f,f,0
B01-013,2026-09-15 23:57:06.039977+00,475025,719,8,,,exact,exact,unknown,unknown,f,f,0
B01-013,2026-09-16 13:12:16.16068+00,522735,726,8,,,exact,exact,unknown,unknown,f,f,0
B01-013,2026-09-16 20:34:15.139115+00,549254,728,8,,,exact,exact,unknown,unknown,f,f,0
B01-013,2026-09-17 00:41:22.99093+00,564082,729,8,,,exact,exact,unknown,unknown,f,f,0
B01-013,2026-09-17 09:51:35.017058+00,597094,732,8,,,exact,exact,unknown,unknown,f,f,1
B01-013,2026-09-17 10:51:34.771701+00,600694,734,9,,,exact,exact,unknown,unknown,f,f,1
B01-013,2026-09-17 11:55:04.931321+00,604504,735,9,,,exact,exact,unknown,unknown,f,f,0
B01-013,2026-09-17 12:05:08.800909+00,605108,736,9,,,exact,exact,unknown,unknown,f,f,0
B01-013,2026-09-17 14:35:59.439201+00,614159,737,9,,,exact,exact,unknown,unknown,f,f,0
B01-013,2026-09-17 18:35:53.113586+00,628552,739,9,,,exact,exact,unknown,unknown,f,f,1
B01-013,2026-09-17 19:26:05.720197+00,631565,741,9,,,exact,exact,unknown,unknown,f,f,1
B01-013,2026-09-17 23:50:48.591661+00,647448,742,9,,,exact,exact,unknown,unknown,f,f,0
B01-013,2026-09-18 03:31:02.460785+00,660662,743,9,,,exact,exact,unknown,unknown,f,f,0
B01-013,2026-09-18 09:46:15.340913+00,683175,745,9,,,exact,exact,unknown,unknown,f,f,0
B01-013,2026-09-18 12:51:10.040535+00,694269,747,9,,,exact,exact,unknown,unknown,f,f,1
B01-013,2026-09-18 15:26:36.580431+00,703596,748,9,,,exact,exact,unknown,unknown,f,f,0
B01-013,2026-09-18 16:01:21.014404+00,705680,749,9,,,exact,exact,unknown,unknown,f,f,0
B01-013,2026-09-18 17:26:31.286159+00,710791,750,9,,,exact,exact,unknown,unknown,f,f,0
B01-013,2026-09-18 19:45:56.772534+00,719156,752,9,,,exact,exact,unknown,unknown,f,f,1
B01-013,2026-09-18 23:35:51.620434+00,732951,753,9,,,exact,exact,unknown,unknown,f,f,0
B01-013,2026-09-19 03:45:54.197205+00,747954,754,9,,,exact,exact,unknown,unknown,f,f,0
B01-013,2026-09-19 04:20:56.969282+00,750056,755,9,,,exact,exact,unknown,unknown,f,f,0
B01-013,2026-09-19 07:21:01.868383+00,760861,756,9,,,exact,exact,unknown,unknown,f,f,0
B01-013,2026-09-19 09:10:58.156616+00,767457,757,9,,,exact,exact,unknown,unknown,f,f,0
B01-013,2026-09-19 10:21:01.16777+00,771660,759,9,,,exact,exact,unknown,unknown,f,f,0
B01-013,2026-09-19 12:05:58.813868+00,777958,761,9,,,exact,exact,unknown,unknown,f,f,0
B01-013,2026-09-19 13:35:56.434481+00,783356,762,9,,,exact,exact,unknown,unknown,f,f,0
B01-013,2026-09-19 16:46:03.72163+00,794763,764,9,,,exact,exact,unknown,unknown,f,f,1
B01-013,2026-09-19 17:10:57.19903+00,796257,765,9,,,exact,exact,unknown,unknown,f,f,0
B01-013,2026-09-19 20:11:03.094438+00,807062,766,9,,,exact,exact,unknown,unknown,f,f,0
B01-013,2026-09-20 07:11:09.459913+00,846669,767,9,,,exact,exact,unknown,unknown,f,f,0
B01-013,2026-09-20 09:06:13.516963+00,853573,768,9,,,exact,exact,unknown,unknown,f,f,0
B01-013,2026-09-20 10:56:01.991601+00,860161,770,9,,,exact,exact,unknown,unknown,f,f,0
B01-013,2026-09-20 11:21:21.035562+00,861680,771,9,,,exact,exact,unknown,unknown,f,f,0
B01-013,2026-09-20 12:06:12.975281+00,864372,773,9,,,exact,exact,unknown,unknown,f,f,0
B01-013,2026-09-20 17:36:01.745181+00,884161,775,9,,,exact,exact,unknown,unknown,f,f,1
B01-013,2026-09-20 21:16:07.039198+00,897366,776,9,,,exact,exact,unknown,unknown,f,f,0
B01-013,2026-09-21 00:40:56.327884+00,909656,777,9,,,exact,exact,unknown,unknown,f,f,0
B01-013,2026-09-21 03:58:14.633392+00,921494,778,9,,,exact,exact,unknown,unknown,f,f,0
B01-013,2026-09-21 07:40:53.592791+00,934853,780,9,,,exact,exact,unknown,unknown,f,f,1
B01-013,2026-09-21 10:14:19.64563+00,944059,781,9,,,exact,exact,unknown,unknown,f,f,0
B01-013,2026-09-21 11:43:47.211499+00,949427,783,9,,,exact,exact,unknown,unknown,f,f,0
B01-013,2026-09-21 12:08:59.690951+00,950939,784,9,,,exact,exact,unknown,unknown,f,f,0
B01-013,2026-09-21 16:00:36.927064+00,964836,785,9,,,exact,exact,unknown,unknown,f,f,0
B01-013,2026-09-21 16:45:53.648192+00,967553,786,9,,,exact,exact,unknown,unknown,f,f,0
B01-013,2026-09-21 20:14:13.265821+00,980053,787,9,,,exact,exact,unknown,unknown,f,f,0
B01-013,2026-09-21 21:41:27.563499+00,985287,788,9,,,exact,exact,unknown,unknown,f,f,0
B01-013,2026-09-22 00:42:06.670215+00,996126,789,9,,,exact,exact,unknown,unknown,f,f,0
B01-013,2026-09-22 04:12:27.749998+00,1008747,790,9,,,exact,exact,unknown,unknown,f,f,0
B01-013,2026-09-22 08:12:44.621187+00,1023164,791,9,,,exact,exact,unknown,unknown,f,f,0
B01-013,2026-09-22 10:16:38.527617+00,1030598,792,9,,,exact,exact,unknown,unknown,f,f,0
B01-013,2026-09-22 12:02:14.609168+00,1036934,794,9,,,exact,exact,unknown,unknown,f,f,0
B01-013,2026-09-23 06:56:15.882523+00,1104975,795,9,,,exact,exact,unknown,unknown,f,f,0
B01-013,2026-09-23 08:06:09.404041+00,1109169,796,9,,,exact,exact,unknown,unknown,f,f,0
B01-013,2026-09-23 10:56:12.924588+00,1119372,797,9,,,exact,exact,unknown,unknown,f,f,0
B01-013,2026-09-23 12:06:19.910945+00,1123579,799,9,,,exact,exact,unknown,unknown,f,f,0
B01-013,2026-09-23 19:26:32.859733+00,1149992,800,9,,,exact,exact,unknown,unknown,f,f,0
B01-013,2026-09-24 12:06:25.658935+00,1209985,802,9,,,exact,exact,unknown,unknown,f,f,0
B01-013,2026-09-25 12:06:14.94903+00,1296374,803,9,,,exact,exact,unknown,unknown,f,f,0
B01-013,2026-09-25 18:51:13.657075+00,1320673,805,9,,,exact,exact,unknown,unknown,f,f,0
B01-014,2026-09-05 08:37:32+00,0,0,0,0,,unknown,unknown,unknown,unknown,f,t,0
B01-014,2026-09-05 08:38:09.23594+00,37,32,0,0,,unknown,unknown,unknown,unknown,f,f,0
B01-014,2026-09-05 08:43:09.174621+00,337,120,0,0,,unknown,unknown,unknown,unknown,f,f,0
B01-014,2026-09-05 08:48:10.866478+00,638,180,0,0,,unknown,unknown,unknown,unknown,f,f,0
B01-014,2026-09-05 08:53:09.198415+00,937,211,0,0,,unknown,unknown,unknown,unknown,f,f,0
B01-014,2026-09-05 08:58:09.143474+00,1237,241,0,0,,unknown,unknown,unknown,unknown,f,f,0
B01-014,2026-09-05 09:03:42.530189+00,1570,271,1,0,,unknown,unknown,unknown,unknown,f,f,0
B01-014,2026-09-05 09:08:09.384199+00,1837,310,2,0,,unknown,unknown,unknown,unknown,f,f,0
B01-014,2026-09-05 09:13:09.301196+00,2137,334,2,0,,unknown,unknown,unknown,unknown,f,f,0
B01-014,2026-09-05 09:18:10.607965+00,2438,357,2,0,,unknown,unknown,unknown,unknown,f,f,0
B01-014,2026-09-05 09:23:09.233002+00,2737,375,2,0,,unknown,unknown,unknown,unknown,f,f,0
B01-014,2026-09-05 09:28:09.414826+00,3037,387,2,0,,unknown,unknown,unknown,unknown,f,f,0
B01-014,2026-09-05 09:33:39.00145+00,3367,403,2,0,,unknown,unknown,unknown,unknown,f,f,0
B01-014,2026-09-05 09:38:09.327086+00,3637,413,2,0,,unknown,unknown,unknown,unknown,f,f,0
B01-014,2026-09-05 09:43:09.45299+00,3937,420,2,0,,unknown,unknown,unknown,unknown,f,f,0
B01-014,2026-09-05 09:48:10.993311+00,4238,451,2,0,,unknown,unknown,unknown,unknown,f,f,0
B01-014,2026-09-05 09:53:09.453127+00,4537,506,2,0,,unknown,unknown,unknown,unknown,f,f,0
B01-014,2026-09-05 09:58:09.355586+00,4837,549,2,0,,unknown,unknown,unknown,unknown,f,f,0
B01-014,2026-09-05 10:03:43.178195+00,5171,579,2,0,,unknown,unknown,unknown,unknown,f,f,0
B01-014,2026-09-05 10:08:09.713626+00,5437,604,2,0,,unknown,unknown,unknown,unknown,f,f,0
B01-014,2026-09-05 10:13:09.559135+00,5737,624,2,0,,unknown,unknown,unknown,unknown,f,f,0
B01-014,2026-09-05 10:18:11.441239+00,6039,656,2,0,,unknown,unknown,unknown,unknown,f,f,0
B01-014,2026-09-05 10:23:09.545111+00,6337,668,2,0,,unknown,unknown,unknown,unknown,f,f,0
B01-014,2026-09-05 10:28:09.560347+00,6637,668,2,0,,unknown,unknown,unknown,unknown,f,f,0
B01-014,2026-09-05 10:33:38.920944+00,6966,698,2,0,,unknown,unknown,unknown,unknown,f,f,0
B01-014,2026-09-05 10:38:09.579786+00,7237,699,2,0,,unknown,unknown,unknown,unknown,f,f,0
B01-014,2026-09-05 10:43:09.538012+00,7537,729,2,0,,unknown,unknown,unknown,unknown,f,f,0
B01-014,2026-09-05 10:48:10.83387+00,7838,729,2,0,,unknown,unknown,unknown,unknown,f,f,0
B01-014,2026-09-05 10:53:09.504567+00,8137,759,2,0,,unknown,unknown,unknown,unknown,f,f,0
B01-014,2026-09-05 10:58:09.786431+00,8437,770,2,0,,unknown,unknown,unknown,unknown,f,f,0
B01-014,2026-09-05 11:03:42.832805+00,8770,782,2,0,,unknown,unknown,unknown,unknown,f,f,0
B01-014,2026-09-05 11:08:09.480833+00,9037,790,2,0,,unknown,unknown,unknown,unknown,f,f,0
B01-014,2026-09-05 11:13:09.866518+00,9337,795,2,0,,unknown,unknown,unknown,unknown,f,f,0
B01-014,2026-09-05 11:18:11.295326+00,9639,817,2,0,,unknown,unknown,unknown,unknown,f,f,0
B01-014,2026-09-05 11:23:09.906589+00,9937,824,2,0,,unknown,unknown,unknown,unknown,f,f,0
B01-014,2026-09-05 11:28:09.681128+00,10237,855,2,0,,unknown,unknown,unknown,unknown,f,f,0
B01-014,2026-09-05 11:33:38.679836+00,10566,855,3,0,,unknown,unknown,unknown,unknown,f,f,0
B01-014,2026-09-05 11:38:09.522975+00,10837,855,3,0,,unknown,unknown,unknown,unknown,f,f,0
B01-014,2026-09-05 11:43:09.742339+00,11137,855,3,0,,unknown,unknown,unknown,unknown,f,f,0
B01-014,2026-09-05 11:48:11.038011+00,11439,857,3,0,,unknown,unknown,unknown,unknown,f,f,0
B01-014,2026-09-05 11:53:09.564754+00,11737,864,3,0,,unknown,unknown,unknown,unknown,f,f,0
B01-014,2026-09-05 11:58:14.678394+00,12042,870,3,0,,unknown,unknown,unknown,unknown,f,f,0
B01-014,2026-09-05 12:03:43.231039+00,12371,878,3,0,,unknown,unknown,unknown,unknown,f,f,0
B01-014,2026-09-05 12:08:09.585742+00,12637,890,3,0,,unknown,unknown,unknown,unknown,f,f,0
B01-014,2026-09-05 12:13:09.547344+00,12937,903,4,0,,unknown,unknown,unknown,unknown,f,f,0
B01-014,2026-09-05 12:18:10.968976+00,13238,908,4,0,,unknown,unknown,unknown,unknown,f,f,0
B01-014,2026-09-05 12:23:09.649592+00,13537,912,4,0,,unknown,unknown,unknown,unknown,f,f,0
B01-014,2026-09-05 12:28:09.592727+00,13837,919,4,0,,unknown,unknown,unknown,unknown,f,f,0
B01-014,2026-09-05 12:33:38.638062+00,14166,924,4,0,,unknown,unknown,unknown,unknown,f,f,0
B01-014,2026-09-05 12:38:09.666437+00,14437,928,4,0,,unknown,unknown,unknown,unknown,f,f,0
B01-014,2026-09-05 12:43:09.889876+00,14737,932,4,0,,unknown,unknown,unknown,unknown,f,f,0
B01-014,2026-09-05 12:48:10.966703+00,15038,935,4,0,,unknown,unknown,unknown,unknown,f,f,0
B01-014,2026-09-05 12:53:09.611136+00,15337,939,4,0,,unknown,unknown,unknown,unknown,f,f,0
B01-014,2026-09-05 12:58:09.610231+00,15637,939,4,0,,unknown,unknown,unknown,unknown,f,f,0
B01-014,2026-09-05 13:03:43.300799+00,15971,942,4,0,,unknown,unknown,unknown,unknown,f,f,0
B01-014,2026-09-05 13:08:09.592352+00,16237,975,4,0,,unknown,unknown,unknown,unknown,f,f,0
B01-014,2026-09-05 13:13:09.636142+00,16537,975,4,0,,unknown,unknown,unknown,unknown,f,f,0
B01-014,2026-09-05 13:18:10.68538+00,16838,975,4,0,,unknown,unknown,unknown,unknown,f,f,0
B01-014,2026-09-05 13:23:09.633645+00,17137,976,4,0,,unknown,unknown,unknown,unknown,f,f,0
B01-014,2026-09-05 13:28:09.877959+00,17437,976,4,0,,unknown,unknown,unknown,unknown,f,f,0
B01-014,2026-09-05 13:33:38.712037+00,17766,976,4,0,,unknown,unknown,unknown,unknown,f,f,0
B01-014,2026-09-05 13:38:09.803946+00,18037,976,4,0,,unknown,unknown,unknown,unknown,f,f,0
B01-014,2026-09-05 13:43:09.733114+00,18337,976,4,0,,unknown,unknown,unknown,unknown,f,f,0
B01-014,2026-09-05 13:48:10.955853+00,18638,976,4,0,,unknown,unknown,unknown,unknown,f,f,0
B01-014,2026-09-05 13:53:09.781289+00,18937,977,4,0,,unknown,unknown,unknown,unknown,f,f,0
B01-014,2026-09-05 13:58:09.688433+00,19237,983,4,0,,unknown,unknown,unknown,unknown,f,f,0
B01-014,2026-09-05 14:03:45.239601+00,19573,985,4,0,,unknown,unknown,unknown,unknown,f,f,0
B01-014,2026-09-05 14:08:09.683604+00,19837,990,4,0,,unknown,unknown,unknown,unknown,f,f,0
B01-014,2026-09-05 14:13:10.0216+00,20138,1000,4,0,,unknown,unknown,unknown,unknown,f,f,0
B01-014,2026-09-05 14:18:11.516658+00,20439,1010,4,0,,unknown,unknown,unknown,unknown,f,f,0
B01-014,2026-09-05 14:23:09.715542+00,20737,1020,4,0,,unknown,unknown,unknown,unknown,f,f,0
B01-014,2026-09-05 14:28:09.894832+00,21037,1020,4,0,,unknown,unknown,unknown,unknown,f,f,0
B01-014,2026-09-05 14:33:39.827512+00,21367,1030,4,0,,unknown,unknown,unknown,unknown,f,f,0
B01-014,2026-09-05 14:38:59.360504+00,21687,1030,4,0,,unknown,unknown,unknown,unknown,f,f,0
B01-014,2026-09-05 14:43:58.675917+00,21986,1030,4,0,,unknown,unknown,unknown,unknown,f,f,0
B01-014,2026-09-05 14:49:00.035628+00,22288,1030,4,0,,unknown,unknown,unknown,unknown,f,f,0
B01-014,2026-09-05 14:53:58.675617+00,22586,1030,4,0,,unknown,unknown,unknown,unknown,f,f,0
B01-014,2026-09-05 14:58:58.581752+00,22886,1070,4,0,,unknown,unknown,unknown,unknown,f,f,0
B01-014,2026-09-05 15:04:32.742575+00,23220,1070,4,0,,unknown,unknown,unknown,unknown,f,f,0
B01-014,2026-09-05 15:08:58.55325+00,23486,1070,4,0,,unknown,unknown,unknown,unknown,f,f,0
B01-014,2026-09-05 15:13:58.665564+00,23786,1070,4,0,,unknown,unknown,unknown,unknown,f,f,0
B01-014,2026-09-05 15:18:59.920207+00,24087,1070,4,0,,unknown,unknown,unknown,unknown,f,f,0
B01-014,2026-09-05 15:23:58.781363+00,24386,1080,4,0,,unknown,unknown,unknown,unknown,f,f,0
B01-014,2026-09-05 15:28:58.714804+00,24686,1080,4,0,,unknown,unknown,unknown,unknown,f,f,0
B01-014,2026-09-05 15:34:29.205009+00,25017,1090,4,0,,unknown,unknown,unknown,unknown,f,f,0
B01-014,2026-09-05 15:38:58.71569+00,25286,1090,4,0,,unknown,unknown,unknown,unknown,f,f,0
B01-014,2026-09-05 15:43:58.716006+00,25586,1100,4,0,,unknown,unknown,unknown,unknown,f,f,0
B01-014,2026-09-05 15:49:00.231306+00,25888,1100,4,0,,unknown,unknown,unknown,unknown,f,f,0
B01-014,2026-09-05 15:53:58.819353+00,26186,1100,4,0,,unknown,unknown,unknown,unknown,f,f,0
B01-014,2026-09-05 15:58:59.142376+00,26487,1100,4,0,,unknown,unknown,unknown,unknown,f,f,0
B01-014,2026-09-05 16:04:32.992863+00,26820,1110,4,0,,unknown,unknown,unknown,unknown,f,f,0
B01-014,2026-09-05 16:08:59.192574+00,27087,1110,4,0,,unknown,unknown,unknown,unknown,f,f,0
B01-014,2026-09-05 16:13:58.891479+00,27386,1110,4,0,,unknown,unknown,unknown,unknown,f,f,0
B01-014,2026-09-05 16:19:00.179028+00,27688,1110,4,0,,unknown,unknown,unknown,unknown,f,f,0
B01-014,2026-09-05 16:23:58.922112+00,27986,1120,4,0,,unknown,unknown,unknown,unknown,f,f,0
B01-014,2026-09-05 16:28:58.940543+00,28286,1120,4,0,,unknown,unknown,unknown,unknown,f,f,0
B01-014,2026-09-05 16:34:28.922067+00,28616,1120,5,0,,unknown,unknown,unknown,unknown,f,f,0
B01-014,2026-09-05 16:38:58.883421+00,28886,1120,5,0,,unknown,unknown,unknown,unknown,f,f,0
B01-014,2026-09-05 16:43:59.138536+00,29187,1130,5,0,,unknown,unknown,unknown,unknown,f,f,0
B01-014,2026-09-05 16:49:00.231291+00,29488,1130,5,0,,unknown,unknown,unknown,unknown,f,f,0
B01-014,2026-09-05 16:53:58.94124+00,29786,1130,5,0,,unknown,unknown,unknown,unknown,f,f,0
B01-014,2026-09-05 16:58:59.137353+00,30087,1140,5,0,,unknown,unknown,unknown,unknown,f,f,0
B01-014,2026-09-05 17:04:32.213435+00,30420,1140,5,0,,unknown,unknown,unknown,unknown,f,f,0
B01-014,2026-09-05 17:08:58.82377+00,30686,1140,5,0,,unknown,unknown,unknown,unknown,f,f,0
B01-014,2026-09-05 17:13:59.258633+00,30987,1150,5,0,,unknown,unknown,unknown,unknown,f,f,0
B01-014,2026-09-05 17:19:00.312133+00,31288,1150,5,0,,unknown,unknown,unknown,unknown,f,f,0
B01-014,2026-09-05 17:23:58.998191+00,31586,1150,5,0,,unknown,unknown,unknown,unknown,f,f,0
B01-014,2026-09-05 17:28:58.94921+00,31886,1150,5,0,,unknown,unknown,unknown,unknown,f,f,0
B01-014,2026-09-05 17:34:28.714844+00,32216,1150,5,0,,unknown,unknown,unknown,unknown,f,f,0
B01-014,2026-09-05 17:38:58.924308+00,32486,1160,5,0,,unknown,unknown,unknown,unknown,f,f,0
B01-014,2026-09-05 17:43:59.340684+00,32787,1160,5,0,,unknown,unknown,unknown,unknown,f,f,0
B01-014,2026-09-05 17:49:00.33635+00,33088,1160,5,0,,unknown,unknown,unknown,unknown,f,f,0
B01-014,2026-09-05 17:53:58.979002+00,33386,1160,5,0,,unknown,unknown,unknown,unknown,f,f,0
B01-014,2026-09-05 17:58:59.070732+00,33687,1160,6,0,,unknown,unknown,unknown,unknown,f,f,0
B01-014,2026-09-05 18:04:32.664316+00,34020,1160,6,0,,unknown,unknown,unknown,unknown,f,f,0
B01-014,2026-09-05 18:08:59.113323+00,34287,1160,6,0,,unknown,unknown,unknown,unknown,f,f,0
B01-014,2026-09-05 18:13:59.395952+00,34587,1170,6,0,,unknown,unknown,unknown,unknown,f,f,0
B01-014,2026-09-05 18:19:00.38594+00,34888,1170,6,0,,unknown,unknown,unknown,unknown,f,f,0
B01-014,2026-09-05 18:23:58.996369+00,35186,1170,6,0,,unknown,unknown,unknown,unknown,f,f,0
B01-014,2026-09-05 18:28:58.950848+00,35486,1170,6,0,,unknown,unknown,unknown,unknown,f,f,0
B01-014,2026-09-05 18:34:29.185546+00,35817,1170,6,0,,unknown,unknown,unknown,unknown,f,f,0
B01-014,2026-09-05 18:38:59.110751+00,36087,1170,6,0,,unknown,unknown,unknown,unknown,f,f,0
B01-014,2026-09-05 18:43:59.352388+00,36387,1180,6,0,,unknown,unknown,unknown,unknown,f,f,0
B01-014,2026-09-05 18:49:01.097688+00,36689,1180,6,0,,unknown,unknown,unknown,unknown,f,f,0
B01-014,2026-09-05 18:53:59.299165+00,36987,1180,6,0,,unknown,unknown,unknown,unknown,f,f,0
B01-014,2026-09-05 18:58:59.348957+00,37287,1180,6,0,,unknown,unknown,unknown,unknown,f,f,0
B01-014,2026-09-05 19:04:33.206364+00,37621,1190,6,0,,unknown,unknown,unknown,unknown,f,f,0
B01-014,2026-09-05 19:08:59.334139+00,37887,1200,6,0,,unknown,unknown,unknown,unknown,f,f,0
B01-014,2026-09-05 19:13:59.165306+00,38187,1200,6,0,,unknown,unknown,unknown,unknown,f,f,0
B01-014,2026-09-05 19:19:01.062215+00,38489,1200,6,0,,unknown,unknown,unknown,unknown,f,f,0
B01-014,2026-09-05 19:23:59.540475+00,38787,1210,6,0,,unknown,unknown,unknown,unknown,f,f,0
B01-014,2026-09-05 19:28:59.181012+00,39087,1210,6,0,,unknown,unknown,unknown,unknown,f,f,0
B01-014,2026-09-05 19:34:28.977385+00,39416,1220,6,0,,unknown,unknown,unknown,unknown,f,f,0
B01-014,2026-09-05 19:38:59.377202+00,39687,1220,6,0,,unknown,unknown,unknown,unknown,f,f,0
B01-014,2026-09-05 19:43:59.486295+00,39987,1220,6,0,,unknown,unknown,unknown,unknown,f,f,0
B01-014,2026-09-05 19:49:00.688886+00,40288,1220,6,0,,unknown,unknown,unknown,unknown,f,f,0
B01-014,2026-09-05 19:53:59.374425+00,40587,1220,6,0,,unknown,unknown,unknown,unknown,f,f,0
B01-014,2026-09-05 19:58:59.436827+00,40887,1230,6,0,,unknown,unknown,unknown,unknown,f,f,0
B01-014,2026-09-05 20:04:33.142481+00,41221,1230,6,0,,unknown,unknown,unknown,unknown,f,f,0
B01-014,2026-09-05 20:08:59.562544+00,41487,1230,6,0,,unknown,unknown,unknown,unknown,f,f,0
B01-014,2026-09-05 20:13:59.48346+00,41787,1230,6,0,,unknown,unknown,unknown,unknown,f,f,0
B01-014,2026-09-05 20:19:00.993492+00,42088,1230,6,0,,unknown,unknown,unknown,unknown,f,f,0
B01-014,2026-09-05 20:23:59.496812+00,42387,1240,6,0,,unknown,unknown,unknown,unknown,f,f,0
B01-014,2026-09-05 20:28:59.404429+00,42687,1240,6,0,,unknown,unknown,unknown,unknown,f,f,0
B01-014,2026-09-05 20:34:28.8346+00,43016,1240,6,0,,unknown,unknown,unknown,unknown,f,f,0
B01-014,2026-09-05 20:38:59.62861+00,43287,1240,6,0,,unknown,unknown,unknown,unknown,f,f,0
B01-014,2026-09-05 20:43:59.478691+00,43587,1240,6,0,,unknown,unknown,unknown,unknown,f,f,0
B01-014,2026-09-05 20:49:00.982281+00,43888,1240,6,0,,unknown,unknown,unknown,unknown,f,f,0
B01-014,2026-09-05 20:53:59.513619+00,44187,1240,6,0,,unknown,unknown,unknown,unknown,f,f,0
B01-014,2026-09-05 20:58:59.533064+00,44487,1250,6,0,,unknown,unknown,unknown,unknown,f,f,0
B01-014,2026-09-05 21:04:33.254828+00,44821,1250,6,0,,unknown,unknown,unknown,unknown,f,f,0
B01-014,2026-09-05 21:08:59.599536+00,45087,1250,6,0,,unknown,unknown,unknown,unknown,f,f,0
B01-014,2026-09-05 21:13:59.446205+00,45387,1250,6,0,,unknown,unknown,unknown,unknown,f,f,0
B01-014,2026-09-05 21:19:01.109623+00,45689,1250,6,0,,unknown,unknown,unknown,unknown,f,f,0
B01-014,2026-09-05 21:23:59.495558+00,45987,1250,6,0,,unknown,unknown,unknown,unknown,f,f,0
B01-014,2026-09-05 21:28:59.539064+00,46287,1250,6,0,,unknown,unknown,unknown,unknown,f,f,0
B01-014,2026-09-05 21:34:29.055285+00,46617,1250,6,0,,unknown,unknown,unknown,unknown,f,f,0
B01-014,2026-09-05 21:38:59.887022+00,46887,1250,6,0,,unknown,unknown,unknown,unknown,f,f,0
B01-014,2026-09-05 21:43:59.679422+00,47187,1250,6,0,,unknown,unknown,unknown,unknown,f,f,0
B01-014,2026-09-05 21:49:01.215345+00,47489,1250,6,0,,unknown,unknown,unknown,unknown,f,f,0
B01-014,2026-09-05 21:53:59.551423+00,47787,1250,6,0,,unknown,unknown,unknown,unknown,f,f,0
B01-014,2026-09-05 21:58:59.453923+00,48087,1250,6,0,,unknown,unknown,unknown,unknown,f,f,0
B01-014,2026-09-05 22:04:32.834709+00,48420,1250,6,0,,unknown,unknown,unknown,unknown,f,f,0
B01-014,2026-09-05 22:08:59.607722+00,48687,1250,6,0,,unknown,unknown,unknown,unknown,f,f,0
B01-014,2026-09-05 22:13:59.603806+00,48987,1260,6,0,,unknown,unknown,unknown,unknown,f,f,0
B01-014,2026-09-05 22:19:00.971772+00,49288,1260,6,0,,unknown,unknown,unknown,unknown,f,f,0
B01-014,2026-09-05 22:23:59.635017+00,49587,1260,6,0,,unknown,unknown,unknown,unknown,f,f,0
B01-014,2026-09-05 22:28:59.538113+00,49887,1260,6,0,,unknown,unknown,unknown,unknown,f,f,0
B01-014,2026-09-05 22:34:28.787095+00,50216,1260,6,0,,unknown,unknown,unknown,unknown,f,f,0
B01-014,2026-09-05 22:38:59.559784+00,50487,1260,6,0,,unknown,unknown,unknown,unknown,f,f,0
B01-014,2026-09-05 22:43:59.683513+00,50787,1260,6,0,,unknown,unknown,unknown,unknown,f,f,0
B01-014,2026-09-05 22:49:00.924491+00,51088,1260,6,0,,unknown,unknown,unknown,unknown,f,f,0
B01-014,2026-09-05 22:53:59.534362+00,51387,1260,6,0,,unknown,unknown,unknown,unknown,f,f,0
B01-014,2026-09-05 22:58:59.654597+00,51687,1260,6,0,,unknown,unknown,unknown,unknown,f,f,0
B01-014,2026-09-05 23:04:33.027472+00,52021,1260,6,0,,unknown,unknown,unknown,unknown,f,f,0
B01-014,2026-09-05 23:08:59.723003+00,52287,1260,6,0,,unknown,unknown,unknown,unknown,f,f,0
B01-014,2026-09-05 23:13:59.662135+00,52587,1260,6,0,,unknown,unknown,unknown,unknown,f,f,0
B01-014,2026-09-05 23:19:00.889342+00,52888,1260,6,0,,unknown,unknown,unknown,unknown,f,f,0
B01-014,2026-09-05 23:23:59.566259+00,53187,1260,6,0,,unknown,unknown,unknown,unknown,f,f,0
B01-014,2026-09-05 23:28:59.67046+00,53487,1270,6,0,,unknown,unknown,unknown,unknown,f,f,0
B01-014,2026-09-05 23:34:29.912521+00,53817,1270,6,0,,unknown,unknown,unknown,unknown,f,f,0
B01-014,2026-09-05 23:38:59.843321+00,54087,1270,6,0,,unknown,unknown,unknown,unknown,f,f,0
B01-014,2026-09-05 23:43:59.766794+00,54387,1270,6,0,,unknown,unknown,unknown,unknown,f,f,0
B01-014,2026-09-05 23:49:00.81232+00,54688,1270,6,0,,unknown,unknown,unknown,unknown,f,f,0
B01-014,2026-09-05 23:53:59.788929+00,54987,1270,6,0,,unknown,unknown,unknown,unknown,f,f,0
B01-014,2026-09-05 23:58:59.701639+00,55287,1270,6,0,,unknown,unknown,unknown,unknown,f,f,0
B01-014,2026-09-06 00:04:33.343495+00,55621,1270,6,0,,unknown,unknown,unknown,unknown,f,f,0
B01-014,2026-09-06 00:08:59.684088+00,55887,1270,6,0,,unknown,unknown,unknown,unknown,f,f,0
B01-014,2026-09-06 00:13:59.719035+00,56187,1270,6,0,,unknown,unknown,unknown,unknown,f,f,0
B01-014,2026-09-06 00:19:02.462566+00,56490,1270,6,0,,unknown,unknown,unknown,unknown,f,f,0
B01-014,2026-09-06 00:24:00.023164+00,56788,1270,6,0,,unknown,unknown,unknown,unknown,f,f,0
B01-014,2026-09-06 00:28:59.820102+00,57087,1270,6,0,,unknown,unknown,unknown,unknown,f,f,0
B01-014,2026-09-06 00:34:29.88528+00,57417,1270,6,0,,unknown,unknown,unknown,unknown,f,f,0
B01-014,2026-09-06 00:38:59.570787+00,57687,1270,6,0,,unknown,unknown,unknown,unknown,f,f,0
B01-014,2026-09-06 00:43:59.843118+00,57987,1270,6,0,,unknown,unknown,unknown,unknown,f,f,0
B01-014,2026-09-06 00:49:00.899472+00,58288,1270,6,0,,unknown,unknown,unknown,unknown,f,f,0
B01-014,2026-09-06 00:53:59.696317+00,58587,1270,6,0,,unknown,unknown,unknown,unknown,f,f,0
B01-014,2026-09-06 00:58:59.963128+00,58887,1270,6,0,,unknown,unknown,unknown,unknown,f,f,0
B01-014,2026-09-06 01:04:33.692079+00,59221,1270,6,0,,unknown,unknown,unknown,unknown,f,f,0
B01-014,2026-09-06 01:08:59.799438+00,59487,1270,6,0,,unknown,unknown,unknown,unknown,f,f,0
B01-014,2026-09-06 01:13:59.844841+00,59787,1270,6,0,,unknown,unknown,unknown,unknown,f,f,0
B01-014,2026-09-06 01:19:01.132779+00,60089,1270,6,0,,unknown,unknown,unknown,unknown,f,f,0
B01-014,2026-09-06 01:23:59.821383+00,60387,1270,6,0,,unknown,unknown,unknown,unknown,f,f,0
B01-014,2026-09-06 01:28:59.809925+00,60687,1270,6,0,,unknown,unknown,unknown,unknown,f,f,0
B01-014,2026-09-06 01:34:29.688709+00,61017,1270,6,0,,unknown,unknown,unknown,unknown,f,f,0
B01-014,2026-09-06 01:38:59.985335+00,61287,1270,6,0,,unknown,unknown,unknown,unknown,f,f,0
B01-014,2026-09-06 01:43:59.981977+00,61587,1270,6,0,,unknown,unknown,unknown,unknown,f,f,0
B01-014,2026-09-06 01:49:01.187176+00,61889,1270,6,0,,unknown,unknown,unknown,unknown,f,f,0
B01-014,2026-09-06 01:54:00.347506+00,62188,1270,6,0,,unknown,unknown,unknown,unknown,f,f,0
B01-014,2026-09-06 01:59:00.196274+00,62488,1270,6,0,,unknown,unknown,unknown,unknown,f,f,0
B01-014,2026-09-06 02:04:33.78361+00,62821,1270,6,0,,unknown,unknown,unknown,unknown,f,f,0
B01-014,2026-09-06 02:09:00.162669+00,63088,1270,6,0,,unknown,unknown,unknown,unknown,f,f,0
B01-014,2026-09-06 02:14:00.01883+00,63388,1270,6,0,,unknown,unknown,unknown,unknown,f,f,0
B01-014,2026-09-06 02:19:01.273619+00,63689,1270,6,0,,unknown,unknown,unknown,unknown,f,f,0
B01-014,2026-09-06 02:24:00.117684+00,63988,1270,6,0,,unknown,unknown,unknown,unknown,f,f,0
B01-014,2026-09-06 02:28:59.957038+00,64287,1270,6,0,,unknown,unknown,unknown,unknown,f,f,0
B01-014,2026-09-06 02:34:29.903037+00,64617,1270,6,0,,unknown,unknown,unknown,unknown,f,f,0
B01-014,2026-09-06 02:39:00.04576+00,64888,1270,6,0,,unknown,unknown,unknown,unknown,f,f,0
B01-014,2026-09-06 02:44:00.0344+00,65188,1270,6,0,,unknown,unknown,unknown,unknown,f,f,0
B01-014,2026-09-06 02:49:01.058079+00,65489,1270,6,0,,unknown,unknown,unknown,unknown,f,f,0
B01-014,2026-09-06 02:54:00.201435+00,65788,1270,6,0,,unknown,unknown,unknown,unknown,f,f,0
B01-014,2026-09-06 02:59:00.164164+00,66088,1270,6,0,,unknown,unknown,unknown,unknown,f,f,0
B01-014,2026-09-06 03:04:33.229702+00,66421,1270,6,0,,unknown,unknown,unknown,unknown,f,f,0
B01-014,2026-09-06 03:09:00.172869+00,66688,1270,6,0,,unknown,unknown,unknown,unknown,f,f,0
B01-014,2026-09-06 03:14:00.042475+00,66988,1270,6,0,,unknown,unknown,unknown,unknown,f,f,0
B01-014,2026-09-06 03:19:01.361883+00,67289,1270,6,0,,unknown,unknown,unknown,unknown,f,f,0
B01-014,2026-09-06 03:24:00.232947+00,67588,1270,6,0,,unknown,unknown,unknown,unknown,f,f,0
B01-014,2026-09-06 03:29:00.177922+00,67888,1270,6,0,,unknown,unknown,unknown,unknown,f,f,0
B01-014,2026-09-06 03:34:29.830648+00,68217,1270,6,0,,unknown,unknown,unknown,unknown,f,f,0
B01-014,2026-09-06 03:39:00.192012+00,68488,1270,6,0,,unknown,unknown,unknown,unknown,f,f,0
B01-014,2026-09-06 03:44:00.218119+00,68788,1270,6,0,,unknown,unknown,unknown,unknown,f,f,0
B01-014,2026-09-06 03:49:01.180339+00,69089,1270,6,0,,unknown,unknown,unknown,unknown,f,f,0
B01-014,2026-09-06 03:54:00.32441+00,69388,1270,6,0,,unknown,unknown,unknown,unknown,f,f,0
B01-014,2026-09-06 03:59:00.207259+00,69688,1270,6,0,,unknown,unknown,unknown,unknown,f,f,0
B01-014,2026-09-06 04:04:34.40515+00,70022,1270,6,0,,unknown,unknown,unknown,unknown,f,f,0
B01-014,2026-09-06 04:09:00.344915+00,70288,1270,6,0,,unknown,unknown,unknown,unknown,f,f,0
B01-014,2026-09-06 04:14:00.141279+00,70588,1270,6,0,,unknown,unknown,unknown,unknown,f,f,0
B01-014,2026-09-06 04:19:01.410338+00,70889,1270,6,0,,unknown,unknown,unknown,unknown,f,f,0
B01-014,2026-09-06 04:24:00.27209+00,71188,1270,6,0,,unknown,unknown,unknown,unknown,f,f,0
B01-014,2026-09-06 04:29:00.141294+00,71488,1270,6,0,,unknown,unknown,unknown,unknown,f,f,0
B01-014,2026-09-06 04:34:29.836655+00,71817,1280,6,0,,unknown,unknown,unknown,unknown,f,f,0
B01-014,2026-09-06 04:39:00.14101+00,72088,1280,6,0,,unknown,unknown,unknown,unknown,f,f,0
B01-014,2026-09-06 04:44:00.285307+00,72388,1280,6,0,,unknown,unknown,unknown,unknown,f,f,0
B01-014,2026-09-06 04:49:01.566953+00,72689,1280,6,0,,unknown,unknown,unknown,unknown,f,f,0
B01-014,2026-09-06 04:54:00.44932+00,72988,1280,6,0,,unknown,unknown,unknown,unknown,f,f,0
B01-014,2026-09-06 04:59:00.368495+00,73288,1280,6,0,,unknown,unknown,unknown,unknown,f,f,0
B01-014,2026-09-06 05:04:33.939262+00,73621,1280,6,0,,unknown,unknown,unknown,unknown,f,f,0
B01-014,2026-09-06 05:09:00.429633+00,73888,1280,6,0,,unknown,unknown,unknown,unknown,f,f,0
B01-014,2026-09-06 05:14:00.358464+00,74188,1280,6,0,,unknown,unknown,unknown,unknown,f,f,0
B01-014,2026-09-06 05:19:02.020986+00,74490,1280,6,0,,unknown,unknown,unknown,unknown,f,f,0
B01-014,2026-09-06 05:24:00.592322+00,74788,1280,6,0,,unknown,unknown,unknown,unknown,f,f,0
B01-014,2026-09-06 05:29:00.537215+00,75088,1280,6,0,,unknown,unknown,unknown,unknown,f,f,0
B01-014,2026-09-06 05:34:29.609344+00,75417,1280,6,0,,unknown,unknown,unknown,unknown,f,f,0
B01-014,2026-09-06 05:39:00.725979+00,75688,1280,9,0,,unknown,unknown,unknown,unknown,f,f,0
B01-014,2026-09-06 05:44:00.42593+00,75988,1280,9,0,,unknown,unknown,unknown,unknown,f,f,0
B01-014,2026-09-06 05:49:01.806635+00,76289,1280,9,0,,unknown,unknown,unknown,unknown,f,f,0
B01-014,2026-09-06 05:54:00.55403+00,76588,1280,9,0,,unknown,unknown,unknown,unknown,f,f,0
B01-014,2026-09-06 05:59:00.631778+00,76888,1280,9,0,,unknown,unknown,unknown,unknown,f,f,0
B01-014,2026-09-06 06:04:34.834487+00,77222,1290,9,0,,unknown,unknown,unknown,unknown,f,f,0
B01-014,2026-09-06 06:09:00.766527+00,77488,1290,9,0,,unknown,unknown,unknown,unknown,f,f,0
B01-014,2026-09-06 06:14:00.816351+00,77788,1290,9,0,,unknown,unknown,unknown,unknown,f,f,0
B01-014,2026-09-06 06:19:02.240457+00,78090,1290,9,0,,unknown,unknown,unknown,unknown,f,f,0
B01-014,2026-09-06 06:24:00.64753+00,78388,1290,9,0,,unknown,unknown,unknown,unknown,f,f,0
B01-014,2026-09-06 06:29:00.854502+00,78688,1290,9,0,,unknown,unknown,unknown,unknown,f,f,0
B01-014,2026-09-06 06:34:09.826174+00,78997,1290,9,0,,unknown,unknown,unknown,unknown,f,f,0
B01-014,2026-09-06 06:39:01.205933+00,79289,1290,9,0,,unknown,unknown,unknown,unknown,f,f,0
B01-014,2026-09-06 06:44:00.721668+00,79588,1300,9,0,,unknown,unknown,unknown,unknown,f,f,0
B01-014,2026-09-06 06:49:01.817181+00,79889,1300,9,0,,unknown,unknown,unknown,unknown,f,f,0
B01-014,2026-09-06 06:54:00.754095+00,80188,1300,9,0,,unknown,unknown,unknown,unknown,f,f,0
B01-014,2026-09-06 06:59:00.969828+00,80488,1300,9,0,,unknown,unknown,unknown,unknown,f,f,0
B01-014,2026-09-06 07:04:34.743591+00,80822,1310,9,0,,unknown,unknown,unknown,unknown,f,f,0
B01-014,2026-09-06 07:09:01.17373+00,81089,1310,9,0,,unknown,unknown,unknown,unknown,f,f,0
B01-014,2026-09-06 07:14:00.941394+00,81388,1310,9,0,,unknown,unknown,unknown,unknown,f,f,0
B01-014,2026-09-06 07:19:02.152961+00,81690,1310,9,0,,unknown,unknown,unknown,unknown,f,f,0
B01-014,2026-09-06 07:24:01.210134+00,81989,1310,9,0,,unknown,unknown,unknown,unknown,f,f,0
B01-014,2026-09-06 07:29:01.369378+00,82289,1310,9,0,,unknown,unknown,unknown,unknown,f,f,0
B01-014,2026-09-06 07:34:30.971526+00,82618,1320,9,0,,unknown,unknown,unknown,unknown,f,f,0
B01-014,2026-09-06 07:39:01.212921+00,82889,1320,9,0,,unknown,unknown,unknown,unknown,f,f,0
B01-014,2026-09-06 07:44:00.84595+00,83188,1320,9,0,,unknown,unknown,unknown,unknown,f,f,0
B01-014,2026-09-06 07:49:02.088909+00,83490,1320,10,0,,unknown,unknown,unknown,unknown,f,f,0
B01-014,2026-09-06 07:54:00.886745+00,83788,1320,10,0,,unknown,unknown,unknown,unknown,f,f,0
B01-014,2026-09-06 07:59:00.885344+00,84088,1330,10,0,,unknown,unknown,unknown,unknown,f,f,0
B01-014,2026-09-06 08:04:35.373027+00,84423,1330,10,0,,unknown,unknown,unknown,unknown,f,f,0
B01-014,2026-09-06 08:09:00.974141+00,84688,1330,10,0,,unknown,unknown,unknown,unknown,f,f,0
B01-014,2026-09-06 08:14:00.968306+00,84988,1330,10,0,,unknown,unknown,unknown,unknown,f,f,0
B01-014,2026-09-06 08:19:02.254612+00,85290,1330,10,0,,unknown,unknown,unknown,unknown,f,f,0
B01-014,2026-09-06 08:24:01.087969+00,85589,1340,10,0,,unknown,unknown,unknown,unknown,f,f,0
B01-014,2026-09-06 08:29:01.269363+00,85889,1340,10,0,,unknown,unknown,unknown,unknown,f,f,0
B01-014,2026-09-06 08:34:30.951645+00,86218,1340,10,0,,unknown,unknown,unknown,unknown,f,f,0
B01-014,2026-09-06 08:49:02.523544+00,87090,1340,10,0,,unknown,unknown,unknown,unknown,f,f,0
B01-014,2026-09-06 09:04:35.124389+00,88023,1340,10,0,,unknown,unknown,unknown,unknown,f,f,0
B01-014,2026-09-06 09:19:02.336282+00,88890,1350,10,0,,unknown,unknown,unknown,unknown,f,f,0
B01-014,2026-09-06 09:34:30.903769+00,89818,1350,10,0,,unknown,unknown,unknown,unknown,f,f,0
B01-014,2026-09-06 09:49:02.196605+00,90690,1350,10,0,,unknown,unknown,unknown,unknown,f,f,0
B01-014,2026-09-06 10:04:36.967983+00,91624,1350,10,0,,unknown,unknown,unknown,unknown,f,f,0
B01-014,2026-09-06 10:19:02.673633+00,92490,1350,10,0,,unknown,unknown,unknown,unknown,f,f,0
B01-014,2026-09-06 10:34:30.725538+00,93418,1350,10,0,,unknown,unknown,unknown,unknown,f,f,0
B01-014,2026-09-06 10:49:02.206768+00,94290,1360,10,0,,unknown,unknown,unknown,unknown,f,f,0
B01-014,2026-09-06 11:04:35.421176+00,95223,1360,10,0,,unknown,unknown,unknown,unknown,f,f,0
B01-014,2026-09-06 11:19:02.61441+00,96090,1360,11,0,,unknown,unknown,unknown,unknown,f,f,0
B01-014,2026-09-06 11:34:30.82846+00,97018,1370,11,0,,unknown,unknown,unknown,unknown,f,f,0
B01-014,2026-09-06 11:49:02.356649+00,97890,1400,11,0,,unknown,unknown,unknown,unknown,f,f,0
B01-014,2026-09-06 12:04:37.976566+00,98825,1400,11,0,,unknown,unknown,unknown,unknown,f,f,0
B01-014,2026-09-06 12:19:02.858224+00,99690,1400,11,0,,unknown,unknown,unknown,unknown,f,f,0
B01-014,2026-09-06 12:34:37.271965+00,100625,1400,11,0,,unknown,unknown,unknown,unknown,f,f,0
B01-014,2026-09-06 12:49:02.597305+00,101490,1400,11,0,,unknown,unknown,unknown,unknown,f,f,0
B01-014,2026-09-06 13:04:35.900506+00,102423,1410,11,0,,unknown,unknown,unknown,unknown,f,f,0
B01-014,2026-09-06 13:19:03.085887+00,103291,1410,11,0,,unknown,unknown,unknown,unknown,f,f,0
B01-014,2026-09-06 13:34:33.109188+00,104221,1410,11,0,,unknown,unknown,unknown,unknown,f,f,0
B01-014,2026-09-06 13:49:02.928763+00,105090,1410,11,0,,unknown,unknown,unknown,unknown,f,f,0
B01-014,2026-09-06 14:04:36.091811+00,106024,1410,11,0,,unknown,unknown,unknown,unknown,f,f,0
B01-014,2026-09-06 14:19:02.291499+00,106890,1410,11,0,,unknown,unknown,unknown,unknown,f,f,0
B01-014,2026-09-06 14:34:33.302439+00,107821,1410,11,0,,unknown,unknown,unknown,unknown,f,f,0
B01-014,2026-09-06 14:49:02.965072+00,108690,1420,11,0,,unknown,unknown,unknown,unknown,f,f,0
B01-014,2026-09-06 15:04:36.78573+00,109624,1420,11,0,,unknown,unknown,unknown,unknown,f,f,0
B01-014,2026-09-06 15:19:02.88132+00,110490,1420,11,0,,unknown,unknown,unknown,unknown,f,f,0
B01-014,2026-09-06 15:34:31.714249+00,111419,1420,11,0,,unknown,unknown,unknown,unknown,f,f,0
B01-014,2026-09-06 15:49:02.933711+00,112290,1420,11,0,,unknown,unknown,unknown,unknown,f,f,0
B01-014,2026-09-06 16:04:37.426438+00,113225,1420,11,0,,unknown,unknown,unknown,unknown,f,f,0
B01-014,2026-09-06 16:19:02.985444+00,114090,1420,11,0,,unknown,unknown,unknown,unknown,f,f,0
B01-014,2026-09-06 16:34:33.141368+00,115021,1420,11,0,,unknown,unknown,unknown,unknown,f,f,0
B01-014,2026-09-06 16:49:03.248086+00,115891,1420,11,0,,unknown,unknown,unknown,unknown,f,f,0
B01-014,2026-09-06 17:04:38.120021+00,116826,1420,11,0,,unknown,unknown,unknown,unknown,f,f,0
B01-014,2026-09-06 17:19:03.081409+00,117691,1420,11,0,,unknown,unknown,unknown,unknown,f,f,0
B01-014,2026-09-06 17:34:36.793098+00,118624,1430,11,0,,unknown,unknown,unknown,unknown,f,f,0
B01-014,2026-09-06 17:49:03.358053+00,119491,1430,11,0,,unknown,unknown,unknown,unknown,f,f,0
B01-014,2026-09-06 18:04:39.537844+00,120427,1430,11,0,,unknown,unknown,unknown,unknown,f,f,0
B01-014,2026-09-06 18:19:03.076607+00,121291,1430,11,0,,unknown,unknown,unknown,unknown,f,f,0
B01-014,2026-09-06 18:34:33.029759+00,122221,1430,11,0,,unknown,unknown,unknown,unknown,f,f,0
B01-014,2026-09-06 18:49:06.411251+00,123094,1430,11,0,,unknown,unknown,unknown,unknown,f,f,0
B01-014,2026-09-06 19:04:50.459155+00,124038,1440,11,0,,unknown,unknown,unknown,unknown,f,f,0
B01-014,2026-09-06 19:19:07.932649+00,124895,1440,11,0,,unknown,unknown,unknown,unknown,f,f,0
B01-014,2026-09-06 19:34:37.636726+00,125825,1440,11,0,,unknown,unknown,unknown,unknown,f,f,0
B01-014,2026-09-06 19:49:07.276214+00,126695,1440,11,0,,unknown,unknown,unknown,unknown,f,f,0
B01-014,2026-09-06 20:04:53.058881+00,127641,1440,11,0,,unknown,unknown,unknown,unknown,f,f,0
B01-014,2026-09-06 20:19:04.922185+00,128492,1440,11,0,,unknown,unknown,unknown,unknown,f,f,0
B01-014,2026-09-06 20:34:36.218214+00,129424,1440,11,0,,unknown,unknown,unknown,unknown,f,f,0
B01-014,2026-09-06 20:49:05.838045+00,130293,1440,11,0,,unknown,unknown,unknown,unknown,f,f,0
B01-014,2026-09-06 21:04:46.737723+00,131234,1440,11,0,,unknown,unknown,unknown,unknown,f,f,0
B01-014,2026-09-06 21:19:05.859063+00,132093,1440,11,0,,unknown,unknown,unknown,unknown,f,f,0
B01-014,2026-09-06 21:34:37.79881+00,133025,1450,11,0,,unknown,unknown,unknown,unknown,f,f,0
B01-014,2026-09-06 21:49:06.831129+00,133894,1450,11,0,,unknown,unknown,unknown,unknown,f,f,0
B01-014,2026-09-06 22:04:48.177675+00,134836,1450,11,0,,unknown,unknown,unknown,unknown,f,f,0
B01-014,2026-09-06 22:19:06.015061+00,135694,1450,11,0,,unknown,unknown,unknown,unknown,f,f,0
B01-014,2026-09-06 22:34:35.995041+00,136623,1450,11,0,,unknown,unknown,unknown,unknown,f,f,0
B01-014,2026-09-06 22:49:06.321513+00,137494,1450,11,0,,unknown,unknown,unknown,unknown,f,f,0
B01-014,2026-09-06 23:04:47.793349+00,138435,1450,11,0,,unknown,unknown,unknown,unknown,f,f,0
B01-014,2026-09-06 23:19:06.42877+00,139294,1450,11,0,,unknown,unknown,unknown,unknown,f,f,0
B01-014,2026-09-06 23:34:36.539501+00,140224,1450,11,0,,unknown,unknown,unknown,unknown,f,f,0
B01-014,2026-09-06 23:49:07.477689+00,141095,1450,11,0,,unknown,unknown,unknown,unknown,f,f,0
B01-014,2026-09-07 00:04:49.820228+00,142037,1450,11,0,,unknown,unknown,unknown,unknown,f,f,0
B01-014,2026-09-07 00:19:06.319629+00,142894,1450,11,0,,unknown,unknown,unknown,unknown,f,f,0
B01-014,2026-09-07 00:34:33.375928+00,143821,1450,11,0,,unknown,unknown,unknown,unknown,f,f,0
B01-014,2026-09-07 00:49:08.936191+00,144696,1450,11,0,,unknown,unknown,unknown,unknown,f,f,0
B01-014,2026-09-07 01:04:46.848911+00,145634,1450,11,0,,unknown,unknown,unknown,unknown,f,f,0
B01-014,2026-09-07 01:19:05.051737+00,146493,1450,11,0,,unknown,unknown,unknown,unknown,f,f,0
B01-014,2026-09-07 01:34:34.513185+00,147422,1450,11,0,,unknown,unknown,unknown,unknown,f,f,0
B01-014,2026-09-07 01:49:06.303153+00,148294,1450,11,0,,unknown,unknown,unknown,unknown,f,f,0
B01-014,2026-09-07 02:05:03.046365+00,149251,1450,11,0,,unknown,unknown,unknown,unknown,f,f,1
B01-014,2026-09-07 02:19:40.649432+00,150128,1450,11,,,rounded,rounded,unknown,unknown,f,f,0
B01-014,2026-09-07 03:04:50.847985+00,152838,1450,11,,,rounded,rounded,unknown,unknown,f,f,0
B01-014,2026-09-07 05:29:55.173774+00,161543,1460,11,,,rounded,rounded,unknown,unknown,f,f,0
B01-014,2026-09-07 07:52:01.769177+00,170069,1490,11,,,rounded,rounded,unknown,unknown,f,f,0
B01-014,2026-09-07 10:07:02.784858+00,178170,1510,11,,,rounded,rounded,unknown,unknown,f,f,0
B01-014,2026-09-07 16:20:26.759753+00,200574,1540,11,,,rounded,rounded,unknown,unknown,f,f,0
B01-014,2026-09-07 18:39:25.849424+00,208913,1550,11,,,rounded,rounded,unknown,unknown,f,f,0
B01-014,2026-09-07 21:56:34.641258+00,220742,1550,11,,,rounded,rounded,unknown,unknown,f,f,0
B01-014,2026-09-08 00:15:26.84444+00,229074,1550,11,,,rounded,rounded,unknown,unknown,f,f,0
B01-014,2026-09-08 02:28:18.871005+00,237046,1560,11,,,rounded,rounded,unknown,unknown,f,f,0
B01-014,2026-09-08 04:47:08.92616+00,245376,1560,11,,,rounded,rounded,unknown,unknown,f,f,0
B01-014,2026-09-08 07:04:52.191738+00,253640,1560,11,,,rounded,rounded,unknown,unknown,f,f,0
B01-014,2026-09-08 11:42:30.725473+00,270298,1570,11,,,rounded,rounded,unknown,unknown,f,f,0
B01-014,2026-09-08 13:59:33.314735+00,278521,1580,11,,,rounded,rounded,unknown,unknown,f,f,0
B01-014,2026-09-08 16:20:24.977945+00,286972,1580,11,,,rounded,rounded,unknown,unknown,f,f,0
B01-014,2026-09-08 18:42:20.411598+00,295488,1590,11,,,rounded,rounded,unknown,unknown,f,f,0
B01-014,2026-09-08 21:03:44.998483+00,303972,1590,11,,,rounded,rounded,unknown,unknown,f,f,0
B01-014,2026-09-08 23:26:47.621878+00,312555,1590,11,,,rounded,rounded,unknown,unknown,f,f,0
B01-014,2026-09-09 04:04:32.620349+00,329220,1600,11,,,rounded,rounded,unknown,unknown,f,f,0
B01-014,2026-09-09 06:25:53.469375+00,337701,1600,11,,,rounded,rounded,unknown,unknown,f,f,0
B01-014,2026-09-09 08:48:24.695566+00,346252,1600,11,,,rounded,rounded,unknown,unknown,f,f,0
B01-014,2026-09-09 11:09:44.051515+00,354732,1610,11,,,rounded,rounded,unknown,unknown,f,f,0
B01-014,2026-09-09 13:29:27.666057+00,363115,1620,11,,,rounded,rounded,unknown,unknown,f,f,0
B01-014,2026-09-09 18:14:01.047337+00,380189,1630,11,,,rounded,rounded,unknown,unknown,f,f,0
B01-014,2026-09-09 20:34:20.905992+00,388608,1630,11,,,rounded,rounded,unknown,unknown,f,f,0
B01-014,2026-09-09 22:56:51.123137+00,397159,1630,11,,,rounded,rounded,unknown,unknown,f,f,0
B01-014,2026-09-10 01:17:24.878667+00,405592,1630,11,,,rounded,rounded,unknown,unknown,f,f,0
B01-014,2026-09-10 03:36:49.341276+00,413957,1630,11,,,rounded,rounded,unknown,unknown,f,f,0
B01-014,2026-09-10 08:20:42.230072+00,430990,1630,11,,,rounded,rounded,unknown,unknown,f,f,0
B01-014,2026-09-10 10:43:52.400113+00,439580,1640,11,,,rounded,rounded,unknown,unknown,f,f,0
B01-014,2026-09-10 13:02:11.586235+00,447879,1640,11,,,rounded,rounded,unknown,unknown,f,f,0
B01-014,2026-09-10 17:47:48.830454+00,465016,1640,11,,,rounded,rounded,unknown,unknown,f,f,0
B01-014,2026-09-10 19:45:55.732944+00,472103,1640,11,,,rounded,rounded,unknown,unknown,f,f,0
B01-014,2026-09-11 10:52:18.435001+00,526486,1650,11,,,rounded,rounded,unknown,unknown,f,f,0
B01-014,2026-09-12 10:57:40.444511+00,613208,1650,11,,,rounded,rounded,unknown,unknown,f,f,0
B01-014,2026-09-12 18:57:32.482871+00,642000,1660,11,,,rounded,rounded,unknown,unknown,f,f,0
B01-014,2026-09-13 19:07:32.014037+00,729000,1660,11,,,rounded,rounded,unknown,unknown,f,f,0
B01-014,2026-09-14 15:21:11.676381+00,801819,1670,11,,,rounded,rounded,unknown,unknown,f,f,0
B01-014,2026-09-15 15:22:33.344552+00,888301,1670,11,,,rounded,rounded,unknown,unknown,f,f,0
B01-014,2026-09-16 07:42:09.353497+00,947077,1680,11,,,rounded,rounded,unknown,unknown,f,f,0
B01-014,2026-09-17 07:47:01.131413+00,1033769,1680,11,,,rounded,rounded,unknown,unknown,f,f,0
B01-014,2026-09-18 07:57:34.696433+00,1120802,1680,11,,,rounded,rounded,unknown,unknown,f,f,0
B01-014,2026-09-18 11:32:34.940943+00,1133702,1690,11,,,rounded,rounded,unknown,unknown,f,f,0
B01-014,2026-09-19 11:32:35.241897+00,1220103,1690,11,,,rounded,rounded,unknown,unknown,f,f,0
B01-014,2026-09-19 17:17:36.01697+00,1240804,1700,11,,,rounded,rounded,unknown,unknown,f,f,0
B01-014,2026-09-20 17:32:34.936815+00,1328102,1700,11,,,rounded,rounded,unknown,unknown,f,f,0
B01-014,2026-09-21 17:52:53.91707+00,1415721,1700,11,,,rounded,rounded,unknown,unknown,f,f,0
B01-014,2026-09-22 18:02:42.7806+00,1502710,1700,11,,,rounded,rounded,unknown,unknown,f,f,0
B01-014,2026-09-23 18:12:37.893515+00,1589705,1700,11,,,rounded,rounded,unknown,unknown,f,f,0
B01-014,2026-09-24 18:17:37.858448+00,1676405,1700,11,,,rounded,rounded,unknown,unknown,f,f,0
B01-014,2026-09-25 18:17:38.275964+00,1762806,1700,11,,,rounded,rounded,unknown,unknown,f,f,0
B01-015,2026-09-06 09:04:06.304157+00,0,1,0,0,,unknown,unknown,unknown,unknown,f,f,0
B01-015,2026-09-06 10:04:03.349877+00,0,1,0,0,,unknown,unknown,unknown,unknown,f,f,0
B01-015,2026-09-06 11:04:03.224789+00,0,1,0,0,,unknown,unknown,unknown,unknown,f,f,0
B01-015,2026-09-06 12:04:07.083719+00,176,67,0,0,,unknown,unknown,unknown,unknown,f,f,0
B01-015,2026-09-06 13:04:04.235738+00,3773,128,0,0,,unknown,unknown,unknown,unknown,f,f,0
B01-015,2026-09-06 14:04:04.857835+00,7373,138,0,0,,unknown,unknown,unknown,unknown,f,f,0
B01-015,2026-09-06 15:04:04.264021+00,10973,138,0,0,,unknown,unknown,unknown,unknown,f,f,0
B01-015,2026-09-06 16:04:03.796778+00,14572,138,0,0,,unknown,unknown,unknown,unknown,f,f,0
B01-015,2026-09-06 17:04:04.202986+00,18173,138,0,0,,unknown,unknown,unknown,unknown,f,f,0
B01-015,2026-09-06 18:04:09.602718+00,21778,138,0,0,,unknown,unknown,unknown,unknown,f,f,0
B01-015,2026-09-06 19:04:07.872336+00,25376,138,0,0,,unknown,unknown,unknown,unknown,f,f,0
B01-015,2026-09-06 20:04:07.457+00,28976,138,0,0,,unknown,unknown,unknown,unknown,f,f,0
B01-015,2026-09-06 21:04:09.980457+00,32578,138,0,0,,unknown,unknown,unknown,unknown,f,f,0
B01-015,2026-09-06 22:04:07.726694+00,36176,138,0,0,,unknown,unknown,unknown,unknown,f,f,0
B01-015,2026-09-06 23:04:09.149567+00,39778,138,0,0,,unknown,unknown,unknown,unknown,f,f,0
B01-015,2026-09-07 00:04:20.857463+00,43389,138,0,0,,unknown,unknown,unknown,unknown,f,f,0
B01-015,2026-09-07 01:04:07.728511+00,46976,138,0,0,,unknown,unknown,unknown,unknown,f,f,0
B01-015,2026-09-07 02:04:09.811235+00,50578,138,0,0,,unknown,unknown,unknown,unknown,f,f,1
B01-015,2026-09-07 03:58:59.363162+00,57468,138,0,0,,exact,exact,exact,unknown,f,f,0
B01-015,2026-09-07 06:14:22.754081+00,65591,138,0,0,,exact,exact,exact,unknown,f,f,0
B01-015,2026-09-07 07:28:30.177315+00,70039,138,0,0,,exact,exact,exact,unknown,f,f,0
B01-015,2026-09-07 08:44:26.757302+00,74595,138,0,0,,exact,exact,exact,unknown,f,f,0
B01-015,2026-09-07 09:59:25.763484+00,79094,138,0,0,,exact,exact,exact,unknown,f,f,0
B01-015,2026-09-07 14:13:50.247756+00,94359,138,0,0,,exact,exact,exact,unknown,f,f,0
B01-015,2026-09-07 15:36:31.263263+00,99320,138,0,0,,exact,exact,exact,unknown,f,f,0
B01-015,2026-09-07 16:49:11.724038+00,103680,138,0,0,,exact,exact,exact,unknown,f,f,0
B01-015,2026-09-07 18:02:30.368485+00,108079,138,0,0,,exact,exact,exact,unknown,f,f,0
B01-015,2026-09-07 19:15:53.50586+00,112482,138,0,0,,exact,exact,exact,unknown,f,f,0
B01-015,2026-09-07 21:29:36.993812+00,120505,138,0,0,,exact,exact,exact,unknown,f,f,0
B01-015,2026-09-07 23:42:02.767234+00,128451,138,0,0,,exact,exact,exact,unknown,f,f,0
B01-015,2026-09-08 00:53:15.608171+00,132724,138,0,0,,exact,exact,exact,unknown,f,f,0
B01-015,2026-09-08 02:04:25.671562+00,136994,138,0,0,,exact,exact,exact,unknown,f,f,0
B01-015,2026-09-08 03:15:31.609559+00,141260,138,0,0,,exact,exact,exact,unknown,f,f,0
B01-015,2026-09-08 04:26:41.71093+00,145530,138,0,0,,exact,exact,exact,unknown,f,f,0
B01-015,2026-09-08 05:38:40.572141+00,149849,138,0,0,,exact,exact,exact,unknown,f,f,0
B01-015,2026-09-08 07:50:52.597294+00,157781,138,0,0,,exact,exact,exact,unknown,f,f,0
B01-015,2026-09-08 09:02:53.417158+00,162102,138,0,0,,exact,exact,exact,unknown,f,f,0
B01-015,2026-09-08 10:15:21.391759+00,166450,138,0,0,,exact,exact,exact,unknown,f,f,0
B01-015,2026-09-08 11:27:51.5815+00,170800,138,0,0,,exact,exact,exact,unknown,f,f,0
B01-015,2026-09-08 13:41:10.42445+00,178799,138,0,0,,exact,exact,exact,unknown,f,f,0
B01-015,2026-09-08 14:54:30.718408+00,183199,138,0,0,,exact,exact,exact,unknown,f,f,0
B01-015,2026-09-08 16:07:39.739733+00,187588,138,0,0,,exact,exact,exact,unknown,f,f,0
B01-015,2026-09-08 18:20:29.705563+00,195558,138,0,0,,exact,exact,exact,unknown,f,f,0
B01-015,2026-09-08 19:34:03.12044+00,199972,138,0,0,,exact,exact,exact,unknown,f,f,0
B01-015,2026-09-08 20:47:25.768327+00,204374,138,0,0,,exact,exact,exact,unknown,f,f,0
B01-015,2026-09-08 21:59:59.222259+00,208728,138,0,0,,exact,exact,exact,unknown,f,f,0
B01-015,2026-09-08 23:11:17.522707+00,213006,138,0,0,,exact,exact,exact,unknown,f,f,0
B01-015,2026-09-09 00:22:27.333661+00,217276,138,0,0,,exact,exact,exact,unknown,f,f,0
B01-015,2026-09-09 01:33:19.214172+00,221528,138,0,0,,exact,exact,exact,unknown,f,f,0
B01-015,2026-09-09 02:44:20.629042+00,225789,138,0,0,,exact,exact,exact,unknown,f,f,0
B01-015,2026-09-09 03:55:23.787637+00,230052,138,0,0,,exact,exact,exact,unknown,f,f,0
B01-015,2026-09-09 05:06:59.868014+00,234348,138,0,0,,exact,exact,exact,unknown,f,f,0
B01-015,2026-09-09 06:19:17.08346+00,238686,138,0,0,,exact,exact,exact,unknown,f,f,0
B01-015,2026-09-09 07:30:56.964797+00,242985,138,0,0,,exact,exact,exact,unknown,f,f,0
B01-015,2026-09-09 08:42:56.447607+00,247305,138,0,0,,exact,exact,exact,unknown,f,f,0
B01-015,2026-09-09 09:54:56.902786+00,251625,138,0,0,,exact,exact,exact,unknown,f,f,0
B01-015,2026-09-09 11:07:01.071629+00,255950,138,0,0,,exact,exact,exact,unknown,f,f,0
B01-015,2026-09-09 12:19:54.881739+00,260323,138,0,0,,exact,exact,exact,unknown,f,f,0
B01-015,2026-09-09 15:58:40.67343+00,273449,138,0,0,,exact,exact,exact,unknown,f,f,0
B01-015,2026-09-09 18:33:26.502253+00,282735,138,0,0,,exact,exact,exact,unknown,f,f,0
B01-015,2026-09-09 21:56:53.445421+00,294942,138,0,0,,exact,exact,exact,unknown,f,f,0
B01-015,2026-09-10 00:19:47.425445+00,303516,138,0,0,,exact,exact,exact,unknown,f,f,0
B01-015,2026-09-10 03:53:30.155742+00,316339,138,0,0,,exact,exact,exact,unknown,f,f,0
B01-015,2026-09-10 06:16:55.801143+00,324944,138,0,0,,exact,exact,exact,unknown,f,f,0
B01-015,2026-09-10 09:43:31.788578+00,337340,138,0,0,,exact,exact,exact,unknown,f,f,0
B01-015,2026-09-10 13:11:44.552602+00,349833,138,0,0,,exact,exact,exact,unknown,f,f,0
B01-015,2026-09-10 15:25:15.725082+00,357844,138,0,0,,exact,exact,exact,unknown,f,f,0
B01-015,2026-09-10 19:47:37.524255+00,373586,138,0,0,,exact,exact,exact,unknown,f,f,0
B01-015,2026-09-11 19:50:45.716118+00,460174,138,0,0,,exact,exact,exact,unknown,f,f,0
B01-015,2026-09-12 20:04:18.832029+00,547387,138,0,0,,exact,exact,exact,unknown,f,f,0
B01-015,2026-09-13 20:18:05.657719+00,634614,138,0,0,,exact,exact,exact,unknown,f,f,0
B01-015,2026-09-14 20:24:14.253264+00,721383,138,0,0,,exact,exact,exact,unknown,f,f,0
B01-015,2026-09-15 20:33:13.105484+00,808322,138,0,0,,exact,exact,exact,unknown,f,f,1
B01-015,2026-09-16 09:01:34.017837+00,853223,2335,0,0,,exact,exact,exact,unknown,f,f,1
B01-015,2026-09-17 09:03:23.122723+00,939732,2335,0,0,,exact,exact,exact,unknown,f,f,0
B01-015,2026-09-18 12:24:50.681752+00,1038219,2335,0,0,,exact,exact,exact,unknown,f,f,0
B01-015,2026-09-19 13:24:47.24189+00,1128216,2335,0,0,,exact,exact,exact,unknown,f,f,0
B01-015,2026-09-20 14:25:29.033909+00,1218258,2336,0,0,,exact,exact,exact,unknown,f,f,1
B01-015,2026-09-21 18:35:10.810854+00,1319639,2336,0,0,,exact,exact,exact,unknown,f,f,0
B01-015,2026-09-22 19:24:43.148285+00,1409012,2336,0,0,,exact,exact,exact,unknown,f,f,0
B01-015,2026-09-23 20:22:56.848712+00,1498905,2336,0,0,,exact,exact,exact,unknown,f,f,0
B01-015,2026-09-24 20:23:16.232813+00,1585325,2336,0,0,,exact,exact,exact,unknown,f,f,0
B01-015,2026-09-25 20:23:25.223167+00,1671734,2336,0,0,,exact,exact,exact,unknown,f,f,0
B01-016,2026-09-10 13:12:43.294742+00,746,1,0,0,,exact,exact,exact,unknown,f,f,0
B01-016,2026-09-10 15:26:08.502166+00,8751,140,1,0,,exact,exact,exact,unknown,f,f,0
B01-016,2026-09-10 16:40:15.515158+00,13198,169,4,0,,exact,exact,exact,unknown,f,f,0
B01-016,2026-09-10 17:53:32.298709+00,17595,169,4,0,,exact,exact,exact,unknown,f,f,0
B01-016,2026-09-10 19:48:24.433219+00,24487,169,4,0,,exact,exact,exact,unknown,f,f,0
B01-016,2026-09-11 19:51:36.064665+00,111079,169,4,0,,exact,exact,exact,unknown,f,f,0
B01-016,2026-09-12 20:05:06.566037+00,198289,169,4,0,,exact,exact,exact,unknown,f,f,0
B01-016,2026-09-13 20:18:48.837896+00,285511,169,4,0,,exact,exact,exact,unknown,f,f,0
B01-016,2026-09-14 20:24:57.728913+00,372280,169,4,0,,exact,exact,exact,unknown,f,f,0
B01-016,2026-09-15 20:33:56.459489+00,459219,169,4,0,,exact,exact,exact,unknown,f,f,0
B01-016,2026-09-16 20:34:37.604615+00,545660,169,4,0,,exact,exact,exact,unknown,f,f,0
B01-016,2026-09-17 21:28:49.878042+00,635312,169,4,0,,exact,exact,exact,unknown,f,f,0
B01-016,2026-09-18 22:22:56.51624+00,724959,169,4,0,,exact,exact,exact,unknown,f,f,0
B01-016,2026-09-19 22:23:26.142015+00,811389,169,4,0,,exact,exact,exact,unknown,f,f,0
B01-016,2026-09-20 23:23:12.238276+00,901375,169,4,0,,exact,exact,exact,unknown,f,f,0
B01-016,2026-09-21 23:23:24.449754+00,987787,169,4,0,,exact,exact,exact,unknown,f,f,0
B01-016,2026-09-23 00:23:01.219617+00,1077764,169,4,0,,exact,exact,exact,unknown,f,f,0
B01-016,2026-09-24 00:23:09.807483+00,1164172,169,4,0,,exact,exact,exact,unknown,f,f,0
B01-016,2026-09-25 00:23:58.389447+00,1250621,169,4,0,,exact,exact,exact,unknown,f,f,0
B01-017,2026-09-10 10:40:33.742494+00,29,2,1,0,0,exact,exact,exact,exact,f,f,0
B01-017,2026-09-10 10:51:11.190797+00,667,40,1,0,0,exact,exact,exact,exact,f,f,0
B01-017,2026-09-10 11:01:45.824902+00,1301,75,1,0,0,exact,exact,exact,exact,f,f,0
B01-017,2026-09-10 11:13:54.15542+00,2030,102,1,0,0,exact,exact,exact,exact,f,f,0
B01-017,2026-09-10 11:24:00.755153+00,2636,127,1,0,0,exact,exact,exact,exact,f,f,0
B01-017,2026-09-10 11:34:43.883671+00,3279,161,1,0,0,exact,exact,exact,exact,f,f,0
B01-017,2026-09-10 11:45:16.157228+00,3912,203,1,0,0,exact,exact,exact,exact,f,f,0
B01-017,2026-09-10 11:56:12.448729+00,4568,235,1,0,0,exact,exact,exact,exact,f,f,0
B01-017,2026-09-10 12:07:13.86593+00,5229,309,1,0,0,exact,exact,exact,exact,f,f,0
B01-017,2026-09-10 12:18:50.251957+00,5926,412,1,0,0,exact,exact,exact,exact,f,f,0
B01-017,2026-09-10 12:29:55.379937+00,6591,464,1,0,0,exact,exact,exact,exact,f,f,0
B01-017,2026-09-10 12:40:01.867338+00,7197,509,1,0,0,exact,exact,exact,exact,f,f,0
B01-017,2026-09-10 12:50:33.187862+00,7829,539,1,0,0,exact,exact,exact,exact,f,f,0
B01-017,2026-09-10 13:00:36.6997+00,8432,580,1,0,0,exact,exact,exact,exact,f,f,0
B01-017,2026-09-10 13:12:27.434097+00,9143,608,1,0,0,exact,exact,exact,exact,f,f,0
B01-017,2026-09-10 13:23:44.206715+00,9820,649,1,0,0,exact,exact,exact,exact,f,f,0
B01-017,2026-09-10 13:34:17.754703+00,10453,677,2,1,0,exact,exact,exact,exact,f,f,0
B01-017,2026-09-10 13:45:17.170897+00,11113,706,2,1,0,exact,exact,exact,exact,f,f,0
B01-017,2026-09-10 13:55:39.666808+00,11735,721,2,1,0,exact,exact,exact,exact,f,f,0
B01-017,2026-09-10 14:07:12.342697+00,12428,746,2,1,0,exact,exact,exact,exact,f,f,0
B01-017,2026-09-10 14:18:37.29771+00,13113,758,2,1,0,exact,exact,exact,exact,f,f,0
B01-017,2026-09-10 14:29:18.302888+00,13754,761,2,1,0,exact,exact,exact,exact,f,f,0
B01-017,2026-09-10 14:39:40.155885+00,14376,778,2,1,0,exact,exact,exact,exact,f,f,0
B01-017,2026-09-10 14:50:15.491223+00,15011,807,2,1,0,exact,exact,exact,exact,f,f,0
B01-017,2026-09-10 15:00:42.336304+00,15638,815,2,1,0,exact,exact,exact,exact,f,f,0
B01-017,2026-09-10 15:11:37.074035+00,16293,835,2,1,0,exact,exact,exact,exact,f,f,0
B01-017,2026-09-10 15:23:43.842735+00,17019,856,2,1,0,exact,exact,exact,exact,f,f,0
B01-017,2026-09-10 15:34:14.402129+00,17650,868,2,1,0,exact,exact,exact,exact,f,f,0
B01-017,2026-09-10 15:45:04.90732+00,18300,897,2,1,0,exact,exact,exact,exact,f,f,0
B01-017,2026-09-10 15:55:32.360217+00,18928,912,2,1,0,exact,exact,exact,exact,f,f,0
B01-017,2026-09-10 16:06:49.079831+00,19605,934,2,1,0,exact,exact,exact,exact,f,f,0
B01-017,2026-09-10 16:20:37.694885+00,20433,949,2,1,0,exact,exact,exact,exact,f,f,0
B01-017,2026-09-10 16:32:17.981391+00,21133,967,2,1,0,exact,exact,exact,exact,f,f,0
B01-017,2026-09-10 16:45:27.664691+00,21923,983,2,1,0,exact,exact,exact,exact,f,f,0
B01-017,2026-09-10 16:55:56.140822+00,22552,997,2,1,0,exact,exact,exact,exact,f,f,0
B01-017,2026-09-10 17:08:21.50294+00,23297,1024,2,1,0,exact,exact,exact,exact,f,f,0
B01-017,2026-09-10 17:19:36.894678+00,23972,1047,2,1,0,exact,exact,exact,exact,f,f,0
B01-017,2026-09-10 17:30:15.107148+00,24611,1060,2,1,0,exact,exact,exact,exact,f,f,0
B01-017,2026-09-10 17:41:11.196255+00,25267,1080,3,1,0,exact,exact,exact,exact,f,f,0
B01-017,2026-09-10 17:51:53.222996+00,25909,1087,3,1,0,exact,exact,exact,exact,f,f,0
B01-017,2026-09-10 18:04:48.619195+00,26684,1110,3,1,0,exact,exact,exact,exact,f,f,0
B01-017,2026-09-10 18:17:52.518759+00,27468,1126,3,1,0,exact,exact,exact,exact,f,f,0
B01-017,2026-09-10 18:31:51.287881+00,28307,1157,4,1,0,exact,exact,exact,exact,f,f,0
B01-017,2026-09-10 19:48:14.05313+00,32890,1248,5,1,0,exact,exact,exact,exact,f,f,0
B01-017,2026-09-10 19:56:43.848021+00,33399,1258,5,1,0,exact,exact,exact,exact,f,f,0
B01-017,2026-09-11 06:25:37.550941+00,71133,1438,5,1,0,exact,exact,exact,exact,f,f,0
B01-017,2026-09-11 06:55:08.946293+00,72904,1451,5,1,0,exact,exact,exact,exact,f,f,0
B01-017,2026-09-11 07:03:06.16017+00,73382,1457,5,1,0,exact,exact,exact,exact,f,f,0
B01-017,2026-09-11 07:12:00.496143+00,73916,1461,5,1,0,exact,exact,exact,exact,f,f,0
B01-017,2026-09-11 07:20:24.909426+00,74420,1468,5,1,0,exact,exact,exact,exact,f,f,0
B01-017,2026-09-11 07:28:22.841873+00,74898,1476,5,1,0,exact,exact,exact,exact,f,f,0
B01-017,2026-09-11 07:37:04.495317+00,75420,1477,5,1,0,exact,exact,exact,exact,f,f,0
B01-017,2026-09-11 07:45:31.588712+00,75927,1481,5,1,0,exact,exact,exact,exact,f,f,0
B01-017,2026-09-11 07:53:22.259335+00,76398,1483,5,1,0,exact,exact,exact,exact,f,f,0
B01-017,2026-09-11 08:01:52.564147+00,76908,1489,5,1,0,exact,exact,exact,exact,f,f,0
B01-017,2026-09-11 08:10:53.504675+00,77449,1492,5,1,0,exact,exact,exact,exact,f,f,0
B01-017,2026-09-11 08:18:56.663659+00,77932,1498,5,1,0,exact,exact,exact,exact,f,f,0
B01-017,2026-09-11 08:26:56.364232+00,78412,1507,5,1,0,exact,exact,exact,exact,f,f,0
B01-017,2026-09-11 08:36:09.806297+00,78965,1512,5,1,0,exact,exact,exact,exact,f,f,0
B01-017,2026-09-11 08:44:34.110896+00,79470,1519,6,1,0,exact,exact,exact,exact,f,f,0
B01-017,2026-09-11 08:52:31.881114+00,79947,1525,6,1,0,exact,exact,exact,exact,f,f,0
B01-017,2026-09-11 09:00:30.433701+00,80426,1526,6,1,0,exact,exact,exact,exact,f,f,0
B01-017,2026-09-11 09:10:09.346586+00,81005,1558,6,1,0,exact,exact,exact,exact,f,f,0
B01-017,2026-09-11 09:18:32.434366+00,81508,1561,6,1,0,exact,exact,exact,exact,f,f,0
B01-017,2026-09-11 09:26:31.675908+00,81987,1565,7,1,0,exact,exact,exact,exact,f,f,0
B01-017,2026-09-11 09:34:35.108221+00,82471,1570,7,1,0,exact,exact,exact,exact,f,f,0
B01-017,2026-09-11 09:52:18.602899+00,83534,1573,7,1,0,exact,exact,exact,exact,f,f,0
B01-017,2026-09-11 10:00:19.110681+00,84015,1579,7,1,0,exact,exact,exact,exact,f,f,0
B01-017,2026-09-11 10:09:10.245005+00,84546,1587,7,1,0,exact,exact,exact,exact,f,f,0
B01-017,2026-09-11 10:17:17.882362+00,85033,1591,7,1,0,exact,exact,exact,exact,f,f,0
B01-017,2026-09-11 10:25:17.445209+00,85513,1592,7,1,0,exact,exact,exact,exact,f,f,0
B01-017,2026-09-11 10:34:29.374896+00,86065,1597,7,1,0,exact,exact,exact,exact,f,f,0
B01-017,2026-09-11 10:42:55.59903+00,86571,1603,7,1,0,exact,exact,exact,exact,f,f,0
B01-017,2026-09-11 10:50:55.064721+00,87051,1604,7,1,0,exact,exact,exact,exact,f,f,0
B01-017,2026-09-11 11:08:18.512285+00,88094,1610,7,1,0,exact,exact,exact,exact,f,f,0
B01-017,2026-09-11 11:24:30.795521+00,89066,1616,7,1,0,exact,exact,exact,exact,f,f,1
B01-017,2026-09-11 11:41:23.773758+00,90079,1621,7,1,0,exact,exact,exact,exact,f,f,1
B01-017,2026-09-11 11:58:06.644743+00,91082,1629,7,1,0,exact,exact,exact,exact,f,f,1
B01-017,2026-09-11 12:15:09.921132+00,92105,1640,7,1,0,exact,exact,exact,exact,f,f,1
B01-017,2026-09-11 12:23:16.723675+00,92592,1645,7,1,0,exact,exact,exact,exact,f,f,0
B01-017,2026-09-11 12:41:26.2623+00,93682,1648,7,1,0,exact,exact,exact,exact,f,f,1
B01-017,2026-09-11 12:57:45.013224+00,94661,1662,7,1,0,exact,exact,exact,exact,f,f,1
B01-017,2026-09-11 13:15:35.023253+00,95731,1675,7,1,0,exact,exact,exact,exact,f,f,1
B01-017,2026-09-11 13:23:47.077389+00,96223,1681,7,1,0,exact,exact,exact,exact,f,f,0
B01-017,2026-09-11 13:41:57.845845+00,97313,1691,7,1,0,exact,exact,exact,exact,f,f,1
B01-017,2026-09-11 13:46:53.598204+00,97609,1693,7,1,0,exact,exact,exact,exact,f,f,0
B01-017,2026-09-11 14:12:49.085286+00,99165,1699,7,1,0,exact,exact,exact,exact,f,f,0
B01-017,2026-09-11 14:29:46.367694+00,100182,1715,7,1,0,exact,exact,exact,exact,f,f,0
B01-017,2026-09-11 14:56:55.301966+00,101811,1727,7,1,0,exact,exact,exact,exact,f,f,1
B01-017,2026-09-11 15:13:58.480074+00,102834,1736,7,1,0,exact,exact,exact,exact,f,f,1
B01-017,2026-09-11 15:22:47.181432+00,103363,1745,7,1,0,exact,exact,exact,exact,f,f,0
B01-017,2026-09-11 15:39:33.922013+00,104369,1752,7,1,0,exact,exact,exact,exact,f,f,1
B01-017,2026-09-11 15:56:41.1185+00,105397,1761,7,1,0,exact,exact,exact,exact,f,f,1
B01-017,2026-09-11 16:14:21.627458+00,106457,1772,7,1,0,exact,exact,exact,exact,f,f,1
B01-017,2026-09-11 16:22:39.555746+00,106955,1778,7,1,0,exact,exact,exact,exact,f,f,0
B01-017,2026-09-11 16:40:02.091063+00,107998,1783,7,1,0,exact,exact,exact,exact,f,f,1
B01-017,2026-09-11 16:56:52.390928+00,109008,1788,7,1,0,exact,exact,exact,exact,f,f,1
B01-017,2026-09-11 17:13:58.382153+00,110034,1796,7,1,0,exact,exact,exact,exact,f,f,1
B01-017,2026-09-11 17:22:12.494899+00,110528,1800,7,1,0,exact,exact,exact,exact,f,f,0
B01-017,2026-09-11 17:40:07.781897+00,111603,1811,7,1,0,exact,exact,exact,exact,f,f,1
B01-017,2026-09-11 17:57:23.47399+00,112639,1821,7,1,0,exact,exact,exact,exact,f,f,1
B01-017,2026-09-11 18:14:37.738383+00,113673,1828,7,1,0,exact,exact,exact,exact,f,f,1
B01-017,2026-09-11 18:23:28.373819+00,114204,1834,7,1,0,exact,exact,exact,exact,f,f,0
B01-017,2026-09-11 18:41:34.618643+00,115290,1843,7,1,0,exact,exact,exact,exact,f,f,1
B01-017,2026-09-11 18:51:18.169949+00,115874,1846,7,1,0,exact,exact,exact,exact,f,f,0
B01-017,2026-09-11 19:15:42.368455+00,117338,1855,7,1,0,exact,exact,exact,exact,f,f,1
B01-017,2026-09-11 19:26:56.508874+00,118012,1865,7,1,0,exact,exact,exact,exact,f,f,0
B01-017,2026-09-11 19:39:07.761788+00,118743,1870,7,1,0,exact,exact,exact,exact,f,f,0
B01-017,2026-09-11 19:51:28.420358+00,119484,1874,7,1,0,exact,exact,exact,exact,f,f,0
B01-017,2026-09-11 20:14:35.118234+00,120871,1884,7,1,0,exact,exact,exact,exact,f,f,1
B01-017,2026-09-11 20:25:55.291194+00,121551,1891,7,1,0,exact,exact,exact,exact,f,f,0
B01-017,2026-09-11 20:44:21.3412+00,122657,1893,7,1,0,exact,exact,exact,exact,f,f,1
B01-017,2026-09-11 20:52:37.050648+00,123153,1895,7,1,0,exact,exact,exact,exact,f,f,0
B01-017,2026-09-11 21:11:23.320579+00,124279,1902,7,1,0,exact,exact,exact,exact,f,f,1
B01-017,2026-09-11 21:22:04.756079+00,124920,1908,7,1,0,exact,exact,exact,exact,f,f,0
B01-017,2026-09-11 21:43:32.286204+00,126208,1910,7,1,0,exact,exact,exact,exact,f,f,1
B01-017,2026-09-11 22:00:03.603854+00,127199,1913,7,1,0,exact,exact,exact,exact,f,f,1
B01-017,2026-09-11 22:32:52.740854+00,129168,1914,7,1,0,exact,exact,exact,exact,f,f,0
B01-017,2026-09-11 22:59:45.23385+00,130781,1915,7,1,0,exact,exact,exact,exact,f,f,0
B01-017,2026-09-11 23:09:28.52017+00,131364,1916,7,1,0,exact,exact,exact,exact,f,f,0
B01-017,2026-09-12 00:22:49.784712+00,135765,1917,7,1,0,exact,exact,exact,exact,f,f,0
B01-017,2026-09-12 01:43:34.323645+00,140610,1918,7,1,0,exact,exact,exact,exact,f,f,0
B01-017,2026-09-12 02:45:03.53938+00,144299,1919,7,1,0,exact,exact,exact,exact,f,f,0
B01-017,2026-09-12 03:11:36.577628+00,145892,1920,7,1,0,exact,exact,exact,exact,f,f,0
B01-017,2026-09-12 03:56:29.396074+00,148585,1922,7,1,0,exact,exact,exact,exact,f,f,1
B01-017,2026-09-12 04:14:11.813887+00,149647,1924,7,1,0,exact,exact,exact,exact,f,f,1
B01-017,2026-09-12 04:23:09.62603+00,150185,1925,7,1,0,exact,exact,exact,exact,f,f,0
B01-017,2026-09-12 04:31:44.814528+00,150700,1930,7,1,0,exact,exact,exact,exact,f,f,0
B01-017,2026-09-12 04:58:41.23599+00,152317,1933,7,1,0,exact,exact,exact,exact,f,f,1
B01-017,2026-09-12 05:31:00.944332+00,154256,1941,7,1,0,exact,exact,exact,exact,f,f,0
B01-017,2026-09-12 06:17:00.154037+00,157016,1949,7,1,0,exact,exact,exact,exact,f,f,0
B01-017,2026-09-12 06:44:17.661514+00,158653,1957,7,1,0,exact,exact,exact,exact,f,f,1
B01-017,2026-09-12 06:53:22.598946+00,159198,1959,7,1,0,exact,exact,exact,exact,f,f,0
B01-017,2026-09-12 07:02:39.756833+00,159755,1960,7,1,0,exact,exact,exact,exact,f,f,0
B01-017,2026-09-12 07:29:50.550288+00,161386,1964,8,1,0,exact,exact,exact,exact,f,f,1
B01-017,2026-09-12 07:57:32.326181+00,163048,1967,8,1,0,exact,exact,exact,exact,f,f,1
B01-017,2026-09-12 08:25:06.96435+00,164702,1974,8,1,0,exact,exact,exact,exact,f,f,1
B01-017,2026-09-12 08:43:26.318223+00,165802,1980,8,1,0,exact,exact,exact,exact,f,f,1
B01-017,2026-09-12 08:52:00.53502+00,166316,1981,8,1,0,exact,exact,exact,exact,f,f,0
B01-017,2026-09-12 09:10:18.472833+00,167414,1985,8,1,0,exact,exact,exact,exact,f,f,1
B01-017,2026-09-12 09:27:13.84292+00,168429,1990,8,1,0,exact,exact,exact,exact,f,f,1
B01-017,2026-09-12 09:45:31.890604+00,169527,1997,8,1,0,exact,exact,exact,exact,f,f,1
B01-017,2026-09-12 09:54:07.865516+00,170043,2001,8,1,0,exact,exact,exact,exact,f,f,0
B01-017,2026-09-12 10:13:20.673339+00,171196,2014,8,1,0,exact,exact,exact,exact,f,f,1
B01-017,2026-09-12 10:40:21.602553+00,172817,2018,8,1,0,exact,exact,exact,exact,f,f,1
B01-017,2026-09-12 10:57:47.997674+00,173863,2027,8,1,0,exact,exact,exact,exact,f,f,1
B01-017,2026-09-12 11:15:12.207514+00,174908,2030,8,1,0,exact,exact,exact,exact,f,f,1
B01-017,2026-09-12 11:24:08.422724+00,175444,2032,8,1,0,exact,exact,exact,exact,f,f,0
B01-017,2026-09-12 11:41:35.827704+00,176491,2035,8,1,0,exact,exact,exact,exact,f,f,1
B01-017,2026-09-12 11:59:20.951411+00,177556,2041,8,1,0,exact,exact,exact,exact,f,f,1
B01-017,2026-09-12 12:08:08.415966+00,178084,2043,8,1,0,exact,exact,exact,exact,f,f,0
B01-017,2026-09-12 12:17:06.786804+00,178622,2044,8,1,0,exact,exact,exact,exact,f,f,0
B01-017,2026-09-12 12:43:29.614614+00,180205,2047,8,1,0,exact,exact,exact,exact,f,f,0
B01-017,2026-09-12 12:52:41.734149+00,180757,2050,8,1,0,exact,exact,exact,exact,f,f,0
B01-017,2026-09-12 13:10:34.786563+00,181830,2055,8,1,0,exact,exact,exact,exact,f,f,1
B01-017,2026-09-12 13:27:59.435229+00,182875,2062,8,1,0,exact,exact,exact,exact,f,f,1
B01-017,2026-09-12 13:46:12.437474+00,183968,2066,8,1,0,exact,exact,exact,exact,f,f,1
B01-017,2026-09-12 13:55:00.648636+00,184496,2067,8,1,0,exact,exact,exact,exact,f,f,0
B01-017,2026-09-12 14:03:22.325401+00,184998,2068,8,1,0,exact,exact,exact,exact,f,f,0
B01-017,2026-09-12 14:22:41.004217+00,186157,2069,8,1,0,exact,exact,exact,exact,f,f,0
B01-017,2026-09-12 14:39:34.92416+00,187170,2070,8,1,0,exact,exact,exact,exact,f,f,0
B01-017,2026-09-12 14:57:21.581362+00,188237,2077,8,1,0,exact,exact,exact,exact,f,f,1
B01-017,2026-09-12 15:15:19.706627+00,189315,2081,8,1,0,exact,exact,exact,exact,f,f,1
B01-017,2026-09-12 15:23:53.262114+00,189829,2083,8,1,0,exact,exact,exact,exact,f,f,0
B01-017,2026-09-12 15:41:50.454732+00,190906,2091,8,1,0,exact,exact,exact,exact,f,f,1
B01-017,2026-09-12 15:59:07.936453+00,191943,2095,8,1,0,exact,exact,exact,exact,f,f,0
B01-017,2026-09-12 16:26:34.26587+00,193590,2099,8,1,0,exact,exact,exact,exact,f,f,0
B01-017,2026-09-12 16:44:34.976244+00,194670,2105,8,1,0,exact,exact,exact,exact,f,f,1
B01-017,2026-09-12 17:11:58.399657+00,196314,2111,8,1,0,exact,exact,exact,exact,f,f,1
B01-017,2026-09-12 17:30:34.840149+00,197430,2114,8,1,0,exact,exact,exact,exact,f,f,1
B01-017,2026-09-12 17:38:52.345215+00,197928,2116,8,1,0,exact,exact,exact,exact,f,f,0
B01-017,2026-09-12 17:47:18.510525+00,198434,2122,8,1,0,exact,exact,exact,exact,f,f,0
B01-017,2026-09-12 18:14:20.766198+00,200056,2128,8,1,0,exact,exact,exact,exact,f,f,1
B01-017,2026-09-12 18:22:57.818495+00,200573,2131,8,1,0,exact,exact,exact,exact,f,f,0
B01-017,2026-09-12 18:32:31.480869+00,201147,2140,8,1,0,exact,exact,exact,exact,f,f,0
B01-017,2026-09-12 18:59:06.018684+00,202742,2143,8,1,0,exact,exact,exact,exact,f,f,1
B01-017,2026-09-12 19:07:57.297786+00,203273,2149,8,1,0,exact,exact,exact,exact,f,f,0
B01-017,2026-09-12 19:25:41.394526+00,204337,2154,8,1,0,exact,exact,exact,exact,f,f,1
B01-017,2026-09-12 19:43:21.672445+00,205397,2156,8,1,0,exact,exact,exact,exact,f,f,0
B01-017,2026-09-12 19:52:13.02871+00,205929,2160,8,1,0,exact,exact,exact,exact,f,f,0
B01-017,2026-09-12 20:01:14.293169+00,206470,2164,8,1,0,exact,exact,exact,exact,f,f,0
B01-017,2026-09-12 20:28:15.034445+00,208091,2168,8,1,0,exact,exact,exact,exact,f,f,1
B01-017,2026-09-12 20:36:51.617149+00,208607,2169,8,1,0,exact,exact,exact,exact,f,f,0
B01-017,2026-09-12 20:54:28.327999+00,209664,2172,8,1,0,exact,exact,exact,exact,f,f,0
B01-017,2026-09-12 21:03:08.810661+00,210184,2174,8,1,0,exact,exact,exact,exact,f,f,0
B01-017,2026-09-12 21:56:07.696154+00,213363,2179,8,1,0,exact,exact,exact,exact,f,f,1
B01-017,2026-09-12 22:13:56.049416+00,214432,2182,8,1,0,exact,exact,exact,exact,f,f,1
B01-017,2026-09-12 23:17:37.993086+00,218253,2184,8,1,0,exact,exact,exact,exact,f,f,0
B01-017,2026-09-13 00:31:36.432151+00,222692,2185,8,1,0,exact,exact,exact,exact,f,f,0
B01-017,2026-09-13 03:39:19.301973+00,233955,2186,8,1,0,exact,exact,exact,exact,f,f,0
B01-017,2026-09-13 04:24:11.953754+00,236647,2189,8,1,0,exact,exact,exact,exact,f,f,0
B01-017,2026-09-13 04:59:19.369319+00,238755,2190,8,1,0,exact,exact,exact,exact,f,f,0
B01-017,2026-09-13 05:37:54.349071+00,241070,2191,8,1,0,exact,exact,exact,exact,f,f,0
B01-017,2026-09-13 05:55:17.843905+00,242113,2192,8,1,0,exact,exact,exact,exact,f,f,0
B01-017,2026-09-13 06:13:19.88253+00,243195,2195,8,1,0,exact,exact,exact,exact,f,f,1
B01-017,2026-09-13 06:22:56.614579+00,243772,2196,8,1,0,exact,exact,exact,exact,f,f,0
B01-017,2026-09-13 06:40:41.407711+00,244837,2199,8,1,0,exact,exact,exact,exact,f,f,0
B01-017,2026-09-13 07:09:43.623107+00,246579,2201,8,1,0,exact,exact,exact,exact,f,f,0
B01-017,2026-09-13 07:37:36.157035+00,248252,2203,8,1,0,exact,exact,exact,exact,f,f,0
B01-017,2026-09-13 07:46:26.41237+00,248782,2207,8,1,0,exact,exact,exact,exact,f,f,0
B01-017,2026-09-13 08:13:47.672687+00,250423,2208,8,1,0,exact,exact,exact,exact,f,f,0
B01-017,2026-09-13 08:41:24.479794+00,252080,2209,8,1,0,exact,exact,exact,exact,f,f,0
B01-017,2026-09-13 09:00:46.488943+00,253242,2215,8,1,0,exact,exact,exact,exact,f,f,1
B01-017,2026-09-13 09:29:39.266564+00,254975,2216,8,1,0,exact,exact,exact,exact,f,f,0
B01-017,2026-09-13 09:38:54.413168+00,255530,2217,8,1,0,exact,exact,exact,exact,f,f,0
B01-017,2026-09-13 09:56:58.619837+00,256614,2221,8,1,0,exact,exact,exact,exact,f,f,1
B01-017,2026-09-13 10:14:44.398135+00,257680,2224,8,1,0,exact,exact,exact,exact,f,f,1
B01-017,2026-09-13 10:33:44.869609+00,258820,2225,8,1,0,exact,exact,exact,exact,f,f,0
B01-017,2026-09-13 11:29:56.392978+00,262192,2229,8,1,0,exact,exact,exact,exact,f,f,1
B01-017,2026-09-13 11:48:37.710652+00,263313,2231,8,1,0,exact,exact,exact,exact,f,f,1
B01-017,2026-09-13 12:27:37.883444+00,265653,2238,8,1,0,exact,exact,exact,exact,f,f,1
B01-017,2026-09-13 12:55:11.100569+00,267307,2244,8,1,0,exact,exact,exact,exact,f,f,1
B01-017,2026-09-13 13:23:16.189408+00,268992,2247,8,1,0,exact,exact,exact,exact,f,f,1
B01-017,2026-09-13 14:01:18.924539+00,271274,2251,8,1,0,exact,exact,exact,exact,f,f,1
B01-017,2026-09-13 14:29:55.032596+00,272991,2254,8,1,0,exact,exact,exact,exact,f,f,1
B01-017,2026-09-13 14:57:48.420427+00,274664,2271,8,1,0,exact,exact,exact,exact,f,f,1
B01-017,2026-09-13 15:27:20.157042+00,276436,2278,8,1,0,exact,exact,exact,exact,f,f,1
B01-017,2026-09-13 15:54:55.143207+00,278091,2288,8,1,0,exact,exact,exact,exact,f,f,1
B01-017,2026-09-13 16:13:57.090732+00,279233,2296,8,1,0,exact,exact,exact,exact,f,f,1
B01-017,2026-09-13 16:50:35.103622+00,281431,2300,8,1,0,exact,exact,exact,exact,f,f,1
B01-017,2026-09-13 17:28:12.386354+00,283688,2303,8,1,0,exact,exact,exact,exact,f,f,1
B01-017,2026-09-13 17:55:52.68667+00,285348,2315,9,1,0,exact,exact,exact,exact,f,f,1
B01-017,2026-09-13 18:23:31.594615+00,287007,2326,9,1,0,exact,exact,exact,exact,f,f,1
B01-017,2026-09-13 18:54:46.142635+00,288882,2334,9,1,0,exact,exact,exact,exact,f,f,1
B01-017,2026-09-13 19:22:04.418926+00,290520,2340,9,1,0,exact,exact,exact,exact,f,f,1
B01-017,2026-09-13 19:41:04.918576+00,291660,2344,9,1,0,exact,exact,exact,exact,f,f,1
B01-017,2026-09-13 20:11:21.743456+00,293477,2352,9,1,0,exact,exact,exact,exact,f,f,0
B01-017,2026-09-13 20:34:09.201758+00,294845,2354,9,1,0,exact,exact,exact,exact,f,f,0
B01-017,2026-09-13 21:24:13.768279+00,297849,2362,9,1,0,exact,exact,exact,exact,f,f,1
B01-017,2026-09-13 21:34:21.099375+00,298457,2364,9,1,0,exact,exact,exact,exact,f,f,0
B01-017,2026-09-14 01:00:12.279659+00,310808,2366,9,1,0,exact,exact,exact,exact,f,f,0
B01-017,2026-09-14 03:49:24.501622+00,320960,2369,9,1,0,exact,exact,exact,exact,f,f,1
B01-017,2026-09-14 04:21:57.575792+00,322913,2375,9,1,0,exact,exact,exact,exact,f,f,1
B01-017,2026-09-14 04:33:07.093431+00,323583,2378,9,1,0,exact,exact,exact,exact,f,f,0
B01-017,2026-09-14 05:29:05.377039+00,326941,2382,9,1,0,exact,exact,exact,exact,f,f,1
B01-017,2026-09-14 05:51:18.738617+00,328274,2383,9,1,0,exact,exact,exact,exact,f,f,0
B01-017,2026-09-14 06:24:22.132042+00,330258,2389,9,1,0,exact,exact,exact,exact,f,f,1
B01-017,2026-09-14 07:00:17.910976+00,332413,2395,9,1,0,exact,exact,exact,exact,f,f,1
B01-017,2026-09-14 07:56:38.104947+00,335794,2401,9,1,0,exact,exact,exact,exact,f,f,1
B01-017,2026-09-14 08:31:11.429991+00,337867,2408,9,1,0,exact,exact,exact,exact,f,f,1
B01-017,2026-09-14 08:42:17.754053+00,338533,2410,9,1,0,exact,exact,exact,exact,f,f,0
B01-017,2026-09-14 09:28:02.747777+00,341278,2418,9,1,0,exact,exact,exact,exact,f,f,1
B01-017,2026-09-14 09:51:19.778639+00,342675,2431,9,1,0,exact,exact,exact,exact,f,f,1
B01-017,2026-09-14 10:26:06.72407+00,344762,2439,9,1,0,exact,exact,exact,exact,f,f,1
B01-017,2026-09-14 10:59:13.813526+00,346749,2444,9,1,0,exact,exact,exact,exact,f,f,1
B01-017,2026-09-14 11:22:07.086929+00,348123,2454,9,1,0,exact,exact,exact,exact,f,f,1
B01-017,2026-09-14 12:01:23.666805+00,350479,2465,9,1,0,exact,exact,exact,exact,f,f,1
B01-017,2026-09-14 12:13:32.269882+00,351208,2469,9,1,0,exact,exact,exact,exact,f,f,0
B01-017,2026-09-14 12:56:10.360239+00,353766,2475,9,1,0,exact,exact,exact,exact,f,f,1
B01-017,2026-09-14 13:22:12.164326+00,355328,2480,9,1,0,exact,exact,exact,exact,f,f,1
B01-017,2026-09-14 13:55:50.042159+00,357346,2485,9,1,0,exact,exact,exact,exact,f,f,1
B01-017,2026-09-14 14:23:19.38181+00,358995,2491,9,1,0,exact,exact,exact,exact,f,f,0
B01-017,2026-09-14 14:40:12.280401+00,360008,2493,9,1,0,exact,exact,exact,exact,f,f,0
B01-017,2026-09-14 15:30:47.220695+00,363043,2501,9,1,0,exact,exact,exact,exact,f,f,1
B01-017,2026-09-14 15:55:45.179405+00,364541,2509,9,1,0,exact,exact,exact,exact,f,f,1
B01-017,2026-09-14 16:14:22.074518+00,365658,2514,9,1,0,exact,exact,exact,exact,f,f,1
B01-017,2026-09-14 16:41:37.337558+00,367293,2516,9,1,0,exact,exact,exact,exact,f,f,1
B01-017,2026-09-14 17:26:36.282999+00,369992,2524,9,1,0,exact,exact,exact,exact,f,f,1
B01-017,2026-09-14 17:56:55.66467+00,371811,2528,9,1,0,exact,exact,exact,exact,f,f,0
B01-017,2026-09-14 18:12:18.889333+00,372734,2530,9,1,0,exact,exact,exact,exact,f,f,0
B01-017,2026-09-14 18:57:21.402593+00,375437,2537,9,1,0,exact,exact,exact,exact,f,f,1
B01-017,2026-09-14 19:07:49.085943+00,376065,2543,9,1,0,exact,exact,exact,exact,f,f,1
B01-017,2026-09-14 19:59:02.949927+00,379138,2550,9,1,0,exact,exact,exact,exact,f,f,1
B01-017,2026-09-14 20:04:17.58222+00,379453,2551,9,1,0,exact,exact,exact,exact,f,f,0
B01-017,2026-09-14 20:44:30.075834+00,381866,2559,9,1,0,exact,exact,exact,exact,f,f,1
B01-017,2026-09-14 21:24:35.413387+00,384271,2561,9,1,0,exact,exact,exact,exact,f,f,1
B01-017,2026-09-14 21:49:34.411691+00,385770,2567,9,1,0,exact,exact,exact,exact,f,f,1
B01-017,2026-09-14 22:29:11.645815+00,388147,2573,9,1,0,exact,exact,exact,exact,f,f,1
B01-017,2026-09-14 23:19:08.68717+00,391144,2574,9,1,0,exact,exact,exact,exact,f,f,0
B01-017,2026-09-15 01:39:12.411433+00,399548,2575,9,1,0,exact,exact,exact,exact,f,f,0
B01-017,2026-09-15 04:59:11.020708+00,411547,2578,9,1,0,exact,exact,exact,exact,f,f,1
B01-017,2026-09-15 05:24:14.353935+00,413050,2581,9,1,0,exact,exact,exact,exact,f,f,1
B01-017,2026-09-15 05:44:11.660564+00,414247,2584,9,1,0,exact,exact,exact,exact,f,f,0
B01-017,2026-09-15 06:29:13.858064+00,416949,2588,9,1,0,exact,exact,exact,exact,f,f,1
B01-017,2026-09-15 06:59:14.206933+00,418750,2591,9,1,0,exact,exact,exact,exact,f,f,1
B01-017,2026-09-15 07:29:13.015296+00,420549,2597,9,1,0,exact,exact,exact,exact,f,f,1
B01-017,2026-09-15 07:54:14.177414+00,422050,2602,9,1,0,exact,exact,exact,exact,f,f,1
B01-017,2026-09-15 08:29:13.45009+00,424149,2605,9,1,0,exact,exact,exact,exact,f,f,1
B01-017,2026-09-15 08:39:11.353617+00,424747,2611,9,1,0,exact,exact,exact,exact,f,f,1
B01-017,2026-09-15 09:29:11.883983+00,427747,2616,9,1,0,exact,exact,exact,exact,f,f,1
B01-017,2026-09-15 09:59:10.697027+00,429546,2625,9,1,0,exact,exact,exact,exact,f,f,1
B01-017,2026-09-15 10:29:14.384069+00,431350,2627,9,1,0,exact,exact,exact,exact,f,f,1
B01-017,2026-09-15 10:54:13.416357+00,432849,2635,9,1,0,exact,exact,exact,exact,f,f,1
B01-017,2026-09-15 11:29:15.807258+00,434951,2643,9,1,0,exact,exact,exact,exact,f,f,1
B01-017,2026-09-15 11:59:13.419481+00,436749,2651,9,1,0,exact,exact,exact,exact,f,f,1
B01-017,2026-09-15 12:24:11.837962+00,438247,2657,9,1,0,exact,exact,exact,exact,f,f,1
B01-017,2026-09-15 12:54:11.015629+00,440047,2662,9,1,0,exact,exact,exact,exact,f,f,1
B01-017,2026-09-15 13:29:14.847649+00,442150,2670,9,1,0,exact,exact,exact,exact,f,f,1
B01-017,2026-09-15 13:44:14.198876+00,443050,2672,9,1,0,exact,exact,exact,exact,f,f,1
B01-017,2026-09-15 14:29:12.921364+00,445748,2680,9,1,0,exact,exact,exact,exact,f,f,1
B01-017,2026-09-15 14:39:16.687946+00,446352,2682,9,1,0,exact,exact,exact,exact,f,f,1
B01-017,2026-09-15 15:29:22.473692+00,449358,2690,9,1,0,exact,exact,exact,exact,f,f,1
B01-017,2026-09-15 15:54:15.860982+00,450851,2695,9,1,0,exact,exact,exact,exact,f,f,1
B01-017,2026-09-15 16:14:23.315913+00,452059,2703,9,1,0,exact,exact,exact,exact,f,f,1
B01-017,2026-09-15 16:34:21.410972+00,453257,2706,9,1,0,exact,exact,exact,exact,f,f,0
B01-017,2026-09-15 17:19:21.189165+00,455957,2710,9,1,0,exact,exact,exact,exact,f,f,1
B01-017,2026-09-15 17:59:18.290801+00,458354,2714,9,1,0,exact,exact,exact,exact,f,f,1
B01-017,2026-09-15 18:24:19.630784+00,459855,2720,9,1,0,exact,exact,exact,exact,f,f,1
B01-017,2026-09-15 18:59:21.480054+00,461957,2725,9,1,0,exact,exact,exact,exact,f,f,1
B01-017,2026-09-15 19:29:17.472611+00,463753,2727,9,1,0,exact,exact,exact,exact,f,f,1
B01-017,2026-09-15 19:54:16.998528+00,465252,2733,9,1,0,exact,exact,exact,exact,f,f,1
B01-017,2026-09-15 20:24:21.050849+00,467057,2740,9,1,0,exact,exact,exact,exact,f,f,1
B01-017,2026-09-15 20:59:16.670591+00,469152,2743,9,1,0,exact,exact,exact,exact,f,f,1
B01-017,2026-09-15 21:29:19.33571+00,470955,2744,9,1,0,exact,exact,exact,exact,f,f,0
B01-017,2026-09-15 21:59:15.029026+00,472751,2749,9,1,0,exact,exact,exact,exact,f,f,1
B01-017,2026-09-15 22:24:17.069445+00,474253,2753,9,1,0,exact,exact,exact,exact,f,f,1
B01-017,2026-09-15 23:39:14.562125+00,478750,2755,9,1,0,exact,exact,exact,exact,f,f,0
B01-017,2026-09-16 00:39:24.695471+00,482360,2761,9,1,0,exact,exact,exact,exact,f,f,1
B01-017,2026-09-16 01:14:25.803098+00,484461,2767,9,1,0,exact,exact,exact,exact,f,f,1
B01-017,2026-09-16 05:14:30.613231+00,498866,2768,9,1,0,exact,exact,exact,exact,f,f,0
B01-017,2026-09-16 05:49:27.531764+00,500963,2775,9,1,0,exact,exact,exact,exact,f,f,1
B01-017,2026-09-16 06:29:27.515129+00,503363,2780,9,1,0,exact,exact,exact,exact,f,f,1
B01-017,2026-09-16 07:19:32.971492+00,506368,2781,9,1,0,exact,exact,exact,exact,f,f,0
B01-017,2026-09-16 07:34:27.374205+00,507263,2783,9,1,0,exact,exact,exact,exact,f,f,0
B01-017,2026-09-16 08:14:31.68727+00,509667,2784,9,1,0,exact,exact,exact,exact,f,f,0
B01-017,2026-09-16 08:39:29.600292+00,511165,2785,9,1,0,exact,exact,exact,exact,f,f,0
B01-017,2026-09-16 09:29:26.989561+00,514162,2792,9,1,0,exact,exact,exact,exact,f,f,1
B01-017,2026-09-16 09:59:31.070728+00,515967,2799,9,1,0,exact,exact,exact,exact,f,f,1
B01-017,2026-09-16 10:14:30.438798+00,516866,2804,9,1,0,exact,exact,exact,exact,f,f,1
B01-017,2026-09-16 11:29:28.693427+00,521364,2805,9,1,0,exact,exact,exact,exact,f,f,0
B01-017,2026-09-16 11:49:30.379539+00,522566,2810,9,1,0,exact,exact,exact,exact,f,f,1
B01-017,2026-09-16 12:49:27.938902+00,526163,2813,9,1,0,exact,exact,exact,exact,f,f,1
B01-017,2026-09-16 13:59:40.433043+00,530376,2818,9,1,0,exact,exact,exact,exact,f,f,1
B01-017,2026-09-16 14:29:42.216821+00,532178,2820,9,1,0,exact,exact,exact,exact,f,f,1
B01-017,2026-09-16 15:29:29.584952+00,535765,2827,9,1,0,exact,exact,exact,exact,f,f,1
B01-017,2026-09-16 15:39:30.831824+00,536366,2828,9,1,0,exact,exact,exact,exact,f,f,0
B01-017,2026-09-16 16:29:29.756332+00,539365,2831,9,1,0,exact,exact,exact,exact,f,f,1
B01-017,2026-09-16 16:54:40.240499+00,540876,2834,9,1,0,exact,exact,exact,exact,f,f,1
B01-017,2026-09-16 17:14:26.491654+00,542062,2837,9,1,0,exact,exact,exact,exact,f,f,1
B01-017,2026-09-16 17:54:46.781944+00,544482,2839,9,1,0,exact,exact,exact,exact,f,f,1
B01-017,2026-09-16 18:19:28.706547+00,545964,2845,9,1,0,exact,exact,exact,exact,f,f,1
B01-017,2026-09-16 18:59:37.068401+00,548373,2847,9,1,0,exact,exact,exact,exact,f,f,1
B01-017,2026-09-16 19:29:30.714791+00,550166,2851,9,1,0,exact,exact,exact,exact,f,f,1
B01-017,2026-09-16 21:54:20.399571+00,558856,2852,9,1,0,exact,exact,exact,exact,f,f,0
B01-017,2026-09-16 22:24:17.799692+00,560653,2857,9,1,0,exact,exact,exact,exact,f,f,0
B01-017,2026-09-16 23:29:18.901187+00,564554,2858,9,1,0,exact,exact,exact,exact,f,f,0
B01-017,2026-09-17 00:24:19.776501+00,567855,2859,9,1,0,exact,exact,exact,exact,f,f,0
B01-017,2026-09-17 05:29:26.38313+00,586162,2861,9,1,0,exact,exact,exact,exact,f,f,0
B01-017,2026-09-17 05:39:24.858294+00,586760,2862,9,1,0,exact,exact,exact,exact,f,f,0
B01-017,2026-09-17 06:59:25.670153+00,591561,2864,9,1,0,exact,exact,exact,exact,f,f,1
B01-017,2026-09-17 07:24:24.939851+00,593060,2866,9,1,0,exact,exact,exact,exact,f,f,1
B01-017,2026-09-17 07:39:28.89612+00,593964,2873,10,1,0,exact,exact,exact,exact,f,f,0
B01-017,2026-09-17 08:24:26.884238+00,596662,2875,10,1,0,exact,exact,exact,exact,f,f,1
B01-017,2026-09-17 08:54:29.165076+00,598465,2880,10,1,0,exact,exact,exact,exact,f,f,1
B01-017,2026-09-17 09:24:27.691966+00,600263,2884,10,1,0,exact,exact,exact,exact,f,f,1
B01-017,2026-09-17 10:24:28.160738+00,603864,2885,10,1,0,exact,exact,exact,exact,f,f,0
B01-017,2026-09-17 10:44:28.179965+00,605064,2886,10,1,0,exact,exact,exact,exact,f,f,0
B01-017,2026-09-17 11:39:24.421238+00,608360,2889,10,1,0,exact,exact,exact,exact,f,f,1
B01-017,2026-09-17 12:49:14.558904+00,612550,2894,10,1,0,exact,exact,exact,exact,f,f,1
B01-017,2026-09-17 13:19:18.955737+00,614354,2896,10,1,0,exact,exact,exact,exact,f,f,1
B01-017,2026-09-17 14:59:16.196662+00,620352,2904,10,1,0,exact,exact,exact,exact,f,f,1
B01-017,2026-09-17 15:44:14.985349+00,623050,2908,10,1,0,exact,exact,exact,exact,f,f,1
B01-017,2026-09-17 16:59:16.072794+00,627552,2914,10,1,0,exact,exact,exact,exact,f,f,1
B01-017,2026-09-17 17:39:15.78494+00,629951,2923,10,1,0,exact,exact,exact,exact,f,f,1
B01-017,2026-09-17 18:59:14.956625+00,634750,2939,10,1,0,exact,exact,exact,exact,f,f,1
B01-017,2026-09-17 19:59:14.888847+00,638350,2943,10,1,0,exact,exact,exact,exact,f,f,1
B01-017,2026-09-17 20:39:14.096459+00,640750,2945,10,1,0,exact,exact,exact,exact,f,f,1
B01-017,2026-09-17 21:54:14.285926+00,645250,2953,10,1,0,exact,exact,exact,exact,f,f,1
B01-017,2026-09-17 23:09:12.809512+00,649748,2957,10,1,0,exact,exact,exact,exact,f,f,0
B01-017,2026-09-18 03:34:21.820332+00,665657,2958,10,1,0,exact,exact,exact,exact,f,f,0
B01-017,2026-09-18 04:34:20.669505+00,669256,2960,10,1,0,exact,exact,exact,exact,f,f,0
B01-017,2026-09-18 05:54:24.950151+00,674060,2961,10,1,0,exact,exact,exact,exact,f,f,0
B01-017,2026-09-18 06:34:24.360247+00,676460,2962,10,1,0,exact,exact,exact,exact,f,f,0
B01-017,2026-09-18 07:29:25.96669+00,679761,2964,10,1,0,exact,exact,exact,exact,f,f,1
B01-017,2026-09-18 08:39:24.809789+00,683960,2968,10,1,0,exact,exact,exact,exact,f,f,1
B01-017,2026-09-18 09:59:25.617788+00,688761,2971,10,1,0,exact,exact,exact,exact,f,f,1
B01-017,2026-09-18 10:34:26.808068+00,690862,2981,10,1,0,exact,exact,exact,exact,f,f,1
B01-017,2026-09-18 11:19:24.77019+00,693560,2985,10,1,0,exact,exact,exact,exact,f,f,1
B01-017,2026-09-18 12:59:27.572505+00,699563,2996,10,1,0,exact,exact,exact,exact,f,f,1
B01-017,2026-09-18 13:59:26.386447+00,703162,3000,10,1,0,exact,exact,exact,exact,f,f,1
B01-017,2026-09-18 14:44:26.310757+00,705862,3005,10,1,0,exact,exact,exact,exact,f,f,1
B01-017,2026-09-18 15:59:26.585175+00,710362,3013,10,1,0,exact,exact,exact,exact,f,f,1
B01-017,2026-09-18 16:59:26.643491+00,713962,3015,10,1,0,exact,exact,exact,exact,f,f,1
B01-017,2026-09-18 17:59:30.695169+00,717566,3016,10,1,0,exact,exact,exact,exact,f,f,0
B01-017,2026-09-18 18:59:25.737956+00,721161,3018,10,1,0,exact,exact,exact,exact,f,f,1
B01-017,2026-09-18 19:59:21.324319+00,724757,3023,10,1,0,exact,exact,exact,exact,f,f,1
B01-017,2026-09-18 20:44:16.95776+00,727452,3025,10,1,0,exact,exact,exact,exact,f,f,1
B01-017,2026-09-18 21:59:14.198467+00,731950,3026,10,1,0,exact,exact,exact,exact,f,f,0
B01-017,2026-09-18 23:04:14.039585+00,735850,3027,10,1,0,exact,exact,exact,exact,f,f,0
B01-017,2026-09-19 04:59:16.214077+00,757152,3031,10,1,0,exact,exact,exact,exact,f,f,1
B01-017,2026-09-19 05:44:15.395098+00,759851,3033,10,1,0,exact,exact,exact,exact,f,f,0
B01-017,2026-09-19 06:09:16.564928+00,761352,3034,10,1,0,exact,exact,exact,exact,f,f,0
B01-017,2026-09-19 07:04:17.514888+00,764653,3035,10,1,0,exact,exact,exact,exact,f,f,0
B01-017,2026-09-19 08:49:18.530682+00,770954,3039,10,1,0,exact,exact,exact,exact,f,f,1
B01-017,2026-09-19 09:59:17.075243+00,775153,3045,10,1,0,exact,exact,exact,exact,f,f,1
B01-017,2026-09-19 10:59:15.564004+00,778751,3047,10,1,0,exact,exact,exact,exact,f,f,1
B01-017,2026-09-19 11:09:16.113454+00,779352,3050,10,1,0,exact,exact,exact,exact,f,f,0
B01-017,2026-09-19 12:44:16.995103+00,785052,3052,10,1,0,exact,exact,exact,exact,f,f,1
B01-017,2026-09-19 13:39:15.49317+00,788351,3057,10,1,0,exact,exact,exact,exact,f,f,1
B01-017,2026-09-19 14:34:16.056889+00,791652,3060,10,1,0,exact,exact,exact,exact,f,f,1
B01-017,2026-09-19 15:54:17.681484+00,796453,3063,10,1,0,exact,exact,exact,exact,f,f,1
B01-017,2026-09-19 16:24:18.911151+00,798254,3065,10,1,0,exact,exact,exact,exact,f,f,1
B01-017,2026-09-19 17:54:18.423428+00,803654,3075,10,1,0,exact,exact,exact,exact,f,f,1
B01-017,2026-09-19 19:49:18.47546+00,810554,3076,10,1,0,exact,exact,exact,exact,f,f,0
B01-017,2026-09-19 20:09:16.007812+00,811752,3077,10,1,0,exact,exact,exact,exact,f,f,0
B01-017,2026-09-19 21:59:13.767651+00,818349,3082,10,1,0,exact,exact,exact,exact,f,f,1
B01-017,2026-09-19 22:29:16.155473+00,820152,3084,10,1,0,exact,exact,exact,exact,f,f,1
B01-017,2026-09-19 23:39:13.358741+00,824349,3085,10,1,0,exact,exact,exact,exact,f,f,0
B01-017,2026-09-20 07:49:20.356414+00,853756,3086,10,1,0,exact,exact,exact,exact,f,f,0
B01-017,2026-09-20 09:44:17.317051+00,860653,3091,10,1,0,exact,exact,exact,exact,f,f,1
B01-017,2026-09-20 11:09:15.307953+00,865751,3095,10,1,0,exact,exact,exact,exact,f,f,1
B01-017,2026-09-20 12:34:26.781698+00,870862,3099,10,1,0,exact,exact,exact,exact,f,f,1
B01-017,2026-09-20 13:49:15.559196+00,875351,3104,10,1,0,exact,exact,exact,exact,f,f,1
B01-017,2026-09-20 14:54:14.486553+00,879250,3109,10,1,0,exact,exact,exact,exact,f,f,1
B01-017,2026-09-20 15:59:20.116578+00,883156,3112,10,1,0,exact,exact,exact,exact,f,f,1
B01-017,2026-09-20 16:54:17.870974+00,886453,3118,10,1,0,exact,exact,exact,exact,f,f,1
B01-017,2026-09-20 17:54:15.914631+00,890051,3121,10,1,0,exact,exact,exact,exact,f,f,1
B01-017,2026-09-20 18:34:18.240324+00,892454,3125,10,1,0,exact,exact,exact,exact,f,f,1
B01-017,2026-09-20 19:34:17.665079+00,896053,3128,10,1,0,exact,exact,exact,exact,f,f,1
B01-017,2026-09-20 21:34:15.684413+00,903251,3130,10,1,0,exact,exact,exact,exact,f,f,1
B01-017,2026-09-20 22:14:32.542819+00,905668,3131,10,1,0,exact,exact,exact,exact,f,f,0
B01-017,2026-09-21 04:06:40.155087+00,926796,3133,10,1,0,exact,exact,exact,exact,f,f,0
B01-017,2026-09-21 05:37:36.084079+00,932252,3134,10,1,0,exact,exact,exact,exact,f,f,0
B01-017,2026-09-21 06:37:40.586581+00,935856,3135,10,1,0,exact,exact,exact,exact,f,f,0
B01-017,2026-09-21 08:37:39.33928+00,943055,3136,10,1,0,exact,exact,exact,exact,f,f,0
B01-017,2026-09-21 10:00:04.685843+00,948000,3140,10,1,0,exact,exact,exact,exact,f,f,1
B01-017,2026-09-21 10:46:12.021186+00,950768,3144,10,1,0,exact,exact,exact,exact,f,f,0
B01-017,2026-09-21 11:40:57.289506+00,954053,3146,10,1,0,exact,exact,exact,exact,f,f,1
B01-017,2026-09-21 14:02:19.869558+00,962535,3149,10,1,0,exact,exact,exact,exact,f,f,1
B01-017,2026-09-21 14:51:02.718572+00,965458,3157,10,1,0,exact,exact,exact,exact,f,f,1
B01-017,2026-09-21 15:37:19.921311+00,968235,3160,10,1,0,exact,exact,exact,exact,f,f,1
B01-017,2026-09-21 17:06:40.343371+00,973596,3162,10,1,0,exact,exact,exact,exact,f,f,1
B01-017,2026-09-21 18:06:52.70769+00,977208,3170,10,1,0,exact,exact,exact,exact,f,f,1
B01-017,2026-09-21 20:00:23.866814+00,984019,3172,10,1,0,exact,exact,exact,exact,f,f,0
B01-017,2026-09-21 20:43:18.758153+00,986594,3176,10,1,0,exact,exact,exact,exact,f,f,1
B01-017,2026-09-21 21:08:29.651939+00,988105,3177,10,1,0,exact,exact,exact,exact,f,f,0
B01-017,2026-09-21 22:23:31.865836+00,992607,3178,10,1,0,exact,exact,exact,exact,f,f,0
B01-017,2026-09-21 23:19:35.639029+00,995971,3180,10,1,0,exact,exact,exact,exact,f,f,0
B01-017,2026-09-22 04:44:26.791167+00,1015462,3181,10,1,0,exact,exact,exact,exact,f,f,0
B01-017,2026-09-22 05:59:32.249878+00,1019968,3184,10,1,0,exact,exact,exact,exact,f,f,1
B01-017,2026-09-22 06:44:29.190931+00,1022665,3188,10,1,0,exact,exact,exact,exact,f,f,1
B01-017,2026-09-22 07:34:33.847113+00,1025669,3191,10,1,0,exact,exact,exact,exact,f,f,1
B01-017,2026-09-22 09:44:38.999034+00,1033474,3193,10,1,0,exact,exact,exact,exact,f,f,0
B01-017,2026-09-22 10:14:50.492962+00,1035286,3194,10,1,0,exact,exact,exact,exact,f,f,0
B01-017,2026-09-22 12:00:50.571221+00,1041646,3195,10,1,0,exact,exact,exact,exact,f,f,0
B01-017,2026-09-22 12:14:42.316521+00,1042478,3196,10,1,0,exact,exact,exact,exact,f,f,0
B01-017,2026-09-22 13:30:31.45936+00,1047027,3199,10,1,0,exact,exact,exact,exact,f,f,1
B01-017,2026-09-22 14:59:28.416024+00,1052364,3200,10,1,0,exact,exact,exact,exact,f,f,0
B01-017,2026-09-22 15:39:31.994897+00,1054767,3201,10,1,0,exact,exact,exact,exact,f,f,0
B01-017,2026-09-22 16:54:26.257038+00,1059262,3203,10,1,0,exact,exact,exact,exact,f,f,1
B01-017,2026-09-22 17:04:53.501906+00,1059889,3207,10,1,0,exact,exact,exact,exact,f,f,0
B01-017,2026-09-22 19:34:19.907194+00,1068855,3211,10,1,0,exact,exact,exact,exact,f,f,1
B01-017,2026-09-22 20:59:19.151819+00,1073955,3214,10,1,0,exact,exact,exact,exact,f,f,1
B01-017,2026-09-22 22:44:19.624164+00,1080255,3218,10,1,0,exact,exact,exact,exact,f,f,1
B01-017,2026-09-22 23:44:31.266877+00,1083867,3220,10,1,0,exact,exact,exact,exact,f,f,1
B01-017,2026-09-23 01:19:21.443924+00,1089557,3221,10,1,0,exact,exact,exact,exact,f,f,0
B01-017,2026-09-23 05:34:20.499182+00,1104856,3227,10,1,0,exact,exact,exact,exact,f,f,0
B01-017,2026-09-23 06:49:20.685026+00,1109356,3230,10,1,0,exact,exact,exact,exact,f,f,1
B01-017,2026-09-23 08:49:19.621737+00,1116555,3234,10,1,0,exact,exact,exact,exact,f,f,1
B01-017,2026-09-23 09:59:18.79726+00,1120754,3235,10,1,0,exact,exact,exact,exact,f,f,0
B01-017,2026-09-23 10:19:22.359605+00,1121958,3237,10,1,0,exact,exact,exact,exact,f,f,1
B01-017,2026-09-23 11:44:22.713904+00,1127058,3238,10,1,0,exact,exact,exact,exact,f,f,0
B01-017,2026-09-23 12:49:20.707938+00,1130956,3241,10,1,0,exact,exact,exact,exact,f,f,1
B01-017,2026-09-23 14:34:21.624471+00,1137257,3247,10,1,0,exact,exact,exact,exact,f,f,1
B01-017,2026-09-23 16:59:22.116006+00,1145958,3248,10,1,0,exact,exact,exact,exact,f,f,0
B01-017,2026-09-23 18:59:23.090224+00,1153159,3251,10,1,0,exact,exact,exact,exact,f,f,0
B01-017,2026-09-23 19:44:20.159015+00,1155856,3256,10,1,0,exact,exact,exact,exact,f,f,1
B01-017,2026-09-23 20:34:21.654781+00,1158857,3262,10,1,0,exact,exact,exact,exact,f,f,1
B01-017,2026-09-24 05:39:20.601864+00,1191556,3264,10,1,0,exact,exact,exact,exact,f,f,1
B01-017,2026-09-24 06:39:21.260595+00,1195157,3267,10,1,0,exact,exact,exact,exact,f,f,0
B01-017,2026-09-24 07:59:21.355516+00,1199957,3272,10,1,0,exact,exact,exact,exact,f,f,1
B01-017,2026-09-24 08:54:21.696819+00,1203257,3276,10,1,0,exact,exact,exact,exact,f,f,1
B01-017,2026-09-24 09:59:22.802176+00,1207158,3282,10,1,0,exact,exact,exact,exact,f,f,1
B01-017,2026-09-24 11:19:25.418611+00,1211961,3285,10,1,0,exact,exact,exact,exact,f,f,1
B01-017,2026-09-24 13:19:23.383876+00,1219159,3286,10,1,0,exact,exact,exact,exact,f,f,0
B01-017,2026-09-24 15:34:23.444794+00,1227259,3288,10,1,0,exact,exact,exact,exact,f,f,0
B01-017,2026-09-24 16:59:20.465784+00,1232356,3291,10,1,0,exact,exact,exact,exact,f,f,1
B01-017,2026-09-24 17:14:21.996907+00,1233257,3292,10,1,0,exact,exact,exact,exact,f,f,0
B01-017,2026-09-24 18:59:20.083887+00,1239556,3295,10,1,0,exact,exact,exact,exact,f,f,1
B01-017,2026-09-24 19:24:21.782011+00,1241057,3299,10,1,0,exact,exact,exact,exact,f,f,1
B01-017,2026-09-24 20:44:19.196455+00,1245855,3301,10,1,0,exact,exact,exact,exact,f,f,1
B01-017,2026-09-24 21:59:19.446801+00,1250355,3304,10,1,0,exact,exact,exact,exact,f,f,1
B01-017,2026-09-25 05:39:19.428961+00,1277955,3305,10,1,0,exact,exact,exact,exact,f,f,0
B01-017,2026-09-25 08:59:21.467048+00,1289957,3309,10,1,0,exact,exact,exact,exact,f,f,1
B01-017,2026-09-25 09:24:23.705415+00,1291459,3311,10,1,0,exact,exact,exact,exact,f,f,0
B01-017,2026-09-25 10:59:21.200415+00,1297157,3314,10,1,0,exact,exact,exact,exact,f,f,1
B01-017,2026-09-25 11:54:21.885913+00,1300457,3316,10,1,0,exact,exact,exact,exact,f,f,1
B01-017,2026-09-25 12:59:19.746096+00,1304355,3318,10,1,0,exact,exact,exact,exact,f,f,1
B01-017,2026-09-25 14:59:18.663993+00,1311554,3323,10,1,0,exact,exact,exact,exact,f,f,1
B01-017,2026-09-25 15:59:23.096821+00,1315159,3328,10,1,0,exact,exact,exact,exact,f,f,1
B01-017,2026-09-25 16:34:22.619975+00,1317258,3333,10,1,0,exact,exact,exact,exact,f,f,1
B01-017,2026-09-25 17:54:22.354701+00,1322058,3338,10,1,0,exact,exact,exact,exact,f,f,1
B01-017,2026-09-25 18:44:22.227745+00,1325058,3340,10,1,0,exact,exact,exact,exact,f,f,1
B01-017,2026-09-25 19:49:20.53058+00,1328956,3346,10,1,0,exact,exact,exact,exact,f,f,1
B01-017,2026-09-25 20:14:21.934675+00,1330457,3348,10,1,0,exact,exact,exact,exact,f,f,0
B01-018,2026-09-08 15:11:18.354771+00,474,3,1,0,0,exact,exact,exact,exact,f,f,0
B01-018,2026-09-08 15:22:31.591704+00,1147,6,1,0,0,exact,exact,exact,exact,f,f,0
B01-018,2026-09-08 15:33:51.706205+00,1827,24,1,0,0,exact,exact,exact,exact,f,f,0
B01-018,2026-09-08 15:50:41.918655+00,2837,27,1,0,0,exact,exact,exact,exact,f,f,0
B01-018,2026-09-08 16:01:28.672955+00,3484,28,1,0,0,exact,exact,exact,exact,f,f,0
B01-018,2026-09-08 16:12:22.182039+00,4138,38,1,0,0,exact,exact,exact,exact,f,f,0
B01-018,2026-09-08 16:25:13.795514+00,4909,43,1,0,0,exact,exact,exact,exact,f,f,0
B01-018,2026-09-08 16:41:58.720559+00,5914,55,1,0,0,exact,exact,exact,exact,f,f,0
B01-018,2026-09-08 16:52:23.950369+00,6539,55,1,0,0,exact,exact,exact,exact,f,f,0
B01-018,2026-09-08 17:04:24.712277+00,7260,56,1,0,0,exact,exact,exact,exact,f,f,0
B01-018,2026-09-08 17:15:34.93757+00,7930,73,1,0,0,exact,exact,exact,exact,f,f,0
B01-018,2026-09-08 17:28:21.204538+00,8697,74,1,0,0,exact,exact,exact,exact,f,f,0
B01-018,2026-09-08 17:38:48.078039+00,9324,80,1,0,0,exact,exact,exact,exact,f,f,0
B01-018,2026-09-08 17:49:58.538646+00,9994,101,1,0,0,exact,exact,exact,exact,f,f,0
B01-018,2026-09-08 18:00:41.862811+00,10637,106,2,0,0,exact,exact,exact,exact,f,f,0
B01-018,2026-09-08 18:11:46.435838+00,11302,118,3,0,1,exact,exact,exact,exact,f,f,0
B01-018,2026-09-08 18:23:21.096028+00,11997,123,3,0,1,exact,exact,exact,exact,f,f,0
B01-018,2026-09-08 18:33:00.031713+00,12576,123,3,0,1,exact,exact,exact,exact,f,f,0
B01-018,2026-09-08 18:44:01.27624+00,13237,126,3,0,1,exact,exact,exact,exact,f,f,0
B01-018,2026-09-08 18:53:48.783714+00,13824,128,3,0,1,exact,exact,exact,exact,f,f,0
B01-018,2026-09-08 19:06:17.846904+00,14573,139,4,0,1,exact,exact,exact,exact,f,f,0
B01-018,2026-09-08 19:17:47.492581+00,15263,141,4,0,1,exact,exact,exact,exact,f,f,0
B01-018,2026-09-08 19:28:40.477607+00,15916,151,4,0,1,exact,exact,exact,exact,f,f,0
B01-018,2026-09-08 19:38:58.265086+00,16534,158,5,0,1,exact,exact,exact,exact,f,f,0
B01-018,2026-09-08 19:52:00.130081+00,17316,158,5,0,1,exact,exact,exact,exact,f,f,0
B01-018,2026-09-08 20:02:59.557089+00,17975,162,5,0,1,exact,exact,exact,exact,f,f,0
B01-018,2026-09-08 20:16:59.15003+00,18815,165,5,0,1,exact,exact,exact,exact,f,f,0
B01-018,2026-09-08 20:27:15.552364+00,19431,165,5,0,1,exact,exact,exact,exact,f,f,0
B01-018,2026-09-08 20:39:40.778044+00,20176,168,5,0,1,exact,exact,exact,exact,f,f,0
B01-018,2026-09-08 20:50:31.24542+00,20827,169,5,0,1,exact,exact,exact,exact,f,f,0
B01-018,2026-09-08 21:01:03.414705+00,21459,169,5,0,1,exact,exact,exact,exact,f,f,0
B01-018,2026-09-08 21:10:53.881132+00,22049,172,5,0,1,exact,exact,exact,exact,f,f,0
B01-018,2026-09-08 21:23:37.636457+00,22813,183,5,0,1,exact,exact,exact,exact,f,f,0
B01-018,2026-09-08 21:39:00.661434+00,23736,187,5,0,1,exact,exact,exact,exact,f,f,0
B01-018,2026-09-08 21:56:43.182813+00,24799,190,5,0,1,exact,exact,exact,exact,f,f,0
B01-018,2026-09-08 22:10:41.735782+00,25637,190,5,0,1,exact,exact,exact,exact,f,f,0
B01-018,2026-09-08 22:21:16.226493+00,26272,190,5,0,1,exact,exact,exact,exact,f,f,0
B01-018,2026-09-08 22:31:24.153516+00,26880,190,5,0,1,exact,exact,exact,exact,f,f,0
B01-018,2026-09-08 22:40:46.033853+00,27442,190,5,0,1,exact,exact,exact,exact,f,f,0
B01-018,2026-09-08 22:50:29.109277+00,28025,190,5,0,1,exact,exact,exact,exact,f,f,0
B01-018,2026-09-08 23:00:05.323481+00,28601,190,5,0,1,exact,exact,exact,exact,f,f,0
B01-018,2026-09-08 23:09:46.248532+00,29182,195,5,0,1,exact,exact,exact,exact,f,f,0
B01-018,2026-09-08 23:20:24.717094+00,29820,195,5,0,1,exact,exact,exact,exact,f,f,0
B01-018,2026-09-08 23:29:41.587997+00,30377,195,5,0,1,exact,exact,exact,exact,f,f,0
B01-018,2026-09-08 23:39:26.556581+00,30962,195,5,0,1,exact,exact,exact,exact,f,f,0
B01-018,2026-09-08 23:48:51.583651+00,31527,200,5,0,1,exact,exact,exact,exact,f,f,0
B01-018,2026-09-08 23:58:39.212831+00,32115,201,5,0,1,exact,exact,exact,exact,f,f,0
B01-018,2026-09-09 00:08:13.558284+00,32689,201,5,0,1,exact,exact,exact,exact,f,f,0
B01-018,2026-09-09 00:19:00.797992+00,33336,201,5,0,1,exact,exact,exact,exact,f,f,0
B01-018,2026-09-09 00:28:37.596309+00,33913,201,5,0,1,exact,exact,exact,exact,f,f,0
B01-018,2026-09-09 00:38:29.638183+00,34505,201,5,0,1,exact,exact,exact,exact,f,f,0
B01-018,2026-09-09 00:47:51.060771+00,35067,201,5,0,1,exact,exact,exact,exact,f,f,0
B01-018,2026-09-09 00:57:41.747935+00,35657,201,5,0,1,exact,exact,exact,exact,f,f,0
B01-018,2026-09-09 01:07:21.089042+00,36237,201,5,0,1,exact,exact,exact,exact,f,f,0
B01-018,2026-09-09 01:17:39.579415+00,36855,209,5,0,1,exact,exact,exact,exact,f,f,0
B01-018,2026-09-09 01:27:01.691079+00,37417,209,5,0,1,exact,exact,exact,exact,f,f,0
B01-018,2026-09-09 01:36:57.067422+00,38013,209,5,0,1,exact,exact,exact,exact,f,f,0
B01-018,2026-09-09 01:46:21.334864+00,38577,210,5,0,1,exact,exact,exact,exact,f,f,0
B01-018,2026-09-09 01:56:14.76276+00,39170,212,5,0,1,exact,exact,exact,exact,f,f,0
B01-018,2026-09-09 02:06:02.539368+00,39758,213,5,0,1,exact,exact,exact,exact,f,f,0
B01-018,2026-09-09 02:16:51.742934+00,40407,213,5,0,1,exact,exact,exact,exact,f,f,0
B01-018,2026-09-09 02:26:12.98264+00,40968,213,5,0,1,exact,exact,exact,exact,f,f,0
B01-018,2026-09-09 02:36:01.078584+00,41557,213,5,0,1,exact,exact,exact,exact,f,f,0
B01-018,2026-09-09 02:45:40.856413+00,42136,213,5,0,1,exact,exact,exact,exact,f,f,0
B01-018,2026-09-09 02:55:35.463106+00,42731,213,5,0,1,exact,exact,exact,exact,f,f,0
B01-018,2026-09-09 03:05:49.04383+00,43345,213,5,0,1,exact,exact,exact,exact,f,f,0
B01-018,2026-09-09 03:18:36.609449+00,44112,218,5,0,1,exact,exact,exact,exact,f,f,0
B01-018,2026-09-09 03:28:33.087416+00,44709,219,5,0,1,exact,exact,exact,exact,f,f,0
B01-018,2026-09-09 03:38:31.721335+00,45307,220,5,0,1,exact,exact,exact,exact,f,f,0
B01-018,2026-09-09 03:48:22.543548+00,45898,220,5,0,1,exact,exact,exact,exact,f,f,0
B01-018,2026-09-09 03:58:22.575842+00,46498,220,5,0,1,exact,exact,exact,exact,f,f,0
B01-018,2026-09-09 04:08:24.434237+00,47100,223,5,0,1,exact,exact,exact,exact,f,f,0
B01-018,2026-09-09 04:18:53.060254+00,47729,225,5,0,1,exact,exact,exact,exact,f,f,0
B01-018,2026-09-09 04:29:06.197335+00,48342,225,5,0,1,exact,exact,exact,exact,f,f,0
B01-018,2026-09-09 04:38:42.260359+00,48918,226,5,0,1,exact,exact,exact,exact,f,f,0
B01-018,2026-09-09 04:49:04.269377+00,49540,226,5,0,1,exact,exact,exact,exact,f,f,0
B01-018,2026-09-09 04:58:40.724812+00,50116,227,5,0,1,exact,exact,exact,exact,f,f,0
B01-018,2026-09-09 05:10:10.655782+00,50806,228,5,0,1,exact,exact,exact,exact,f,f,0
B01-018,2026-09-09 05:22:05.614102+00,51521,232,6,0,1,exact,exact,exact,exact,f,f,0
B01-018,2026-09-09 05:34:11.315458+00,52247,232,6,0,1,exact,exact,exact,exact,f,f,0
B01-018,2026-09-09 05:45:01.719678+00,52897,237,6,0,1,exact,exact,exact,exact,f,f,0
B01-018,2026-09-09 05:56:41.200027+00,53597,238,6,0,1,exact,exact,exact,exact,f,f,0
B01-018,2026-09-09 06:09:10.108317+00,54346,238,6,0,1,exact,exact,exact,exact,f,f,0
B01-018,2026-09-09 06:22:18.549233+00,55134,239,6,0,1,exact,exact,exact,exact,f,f,0
B01-018,2026-09-09 06:32:54.528563+00,55770,240,6,0,1,exact,exact,exact,exact,f,f,0
B01-018,2026-09-09 06:42:45.150168+00,56361,242,7,0,1,exact,exact,exact,exact,f,f,0
B01-018,2026-09-09 06:53:09.778907+00,56985,242,7,0,1,exact,exact,exact,exact,f,f,0
B01-018,2026-09-09 07:03:09.21869+00,57585,245,7,0,1,exact,exact,exact,exact,f,f,0
B01-018,2026-09-09 07:14:48.068829+00,58284,245,7,0,1,exact,exact,exact,exact,f,f,0
B01-018,2026-09-09 07:24:39.504198+00,58875,247,7,0,1,exact,exact,exact,exact,f,f,0
B01-018,2026-09-09 07:35:01.287736+00,59497,247,7,0,1,exact,exact,exact,exact,f,f,0
B01-018,2026-09-09 07:44:44.482146+00,60080,250,7,0,1,exact,exact,exact,exact,f,f,0
B01-018,2026-09-09 07:54:50.964905+00,60686,251,7,0,1,exact,exact,exact,exact,f,f,0
B01-018,2026-09-09 08:05:14.201464+00,61310,251,7,0,1,exact,exact,exact,exact,f,f,0
B01-018,2026-09-09 08:16:05.442971+00,61961,252,7,0,1,exact,exact,exact,exact,f,f,0
B01-018,2026-09-09 08:26:34.923417+00,62590,253,7,0,1,exact,exact,exact,exact,f,f,0
B01-018,2026-09-09 08:36:31.740678+00,63187,253,7,0,1,exact,exact,exact,exact,f,f,0
B01-018,2026-09-09 08:47:23.941404+00,63839,254,7,0,1,exact,exact,exact,exact,f,f,0
B01-018,2026-09-09 08:57:12.696404+00,64428,255,7,0,1,exact,exact,exact,exact,f,f,0
B01-018,2026-09-09 09:08:24.196082+00,65100,258,7,0,1,exact,exact,exact,exact,f,f,0
B01-018,2026-09-09 09:19:09.72932+00,65745,259,7,0,1,exact,exact,exact,exact,f,f,0
B01-018,2026-09-09 09:29:23.78664+00,66359,262,7,0,1,exact,exact,exact,exact,f,f,0
B01-018,2026-09-09 09:39:37.04871+00,66973,263,,0,,exact,suspected_reset,exact,suspected_reset,f,f,0
B01-018,2026-09-09 09:49:55.525528+00,67591,263,7,0,1,exact,exact,exact,exact,f,f,0
B01-018,2026-09-09 10:00:50.884993+00,68246,263,7,0,1,exact,exact,exact,exact,f,f,0
B01-018,2026-09-09 10:11:01.162779+00,68857,265,7,0,1,exact,exact,exact,exact,f,f,0
B01-018,2026-09-09 10:22:18.872718+00,69534,265,7,0,1,exact,exact,exact,exact,f,f,0
B01-018,2026-09-09 10:32:18.146819+00,70134,267,7,0,1,exact,exact,exact,exact,f,f,0
B01-018,2026-09-09 10:42:48.491257+00,70764,267,7,0,1,exact,exact,exact,exact,f,f,0
B01-018,2026-09-09 10:52:49.979918+00,71365,268,7,0,1,exact,exact,exact,exact,f,f,0
B01-018,2026-09-09 11:03:38.352192+00,72014,268,7,0,1,exact,exact,exact,exact,f,f,0
B01-018,2026-09-09 11:15:46.436591+00,72742,268,7,0,1,exact,exact,exact,exact,f,f,0
B01-018,2026-09-09 11:25:51.188404+00,73347,268,7,0,1,exact,exact,exact,exact,f,f,0
B01-018,2026-09-09 11:36:45.904848+00,74001,270,8,0,1,exact,exact,exact,exact,f,f,0
B01-018,2026-09-09 11:46:45.24265+00,74601,272,8,0,1,exact,exact,exact,exact,f,f,0
B01-018,2026-09-09 11:57:14.491933+00,75230,273,8,0,1,exact,exact,exact,exact,f,f,0
B01-018,2026-09-09 12:07:29.190936+00,75845,274,8,0,1,exact,exact,exact,exact,f,f,0
B01-018,2026-09-09 12:18:49.134987+00,76525,274,8,0,1,exact,exact,exact,exact,f,f,0
B01-018,2026-09-09 12:29:33.441553+00,77169,275,8,0,1,exact,exact,exact,exact,f,f,0
B01-018,2026-09-09 12:39:39.275608+00,77775,279,9,0,1,exact,exact,exact,exact,f,f,0
B01-018,2026-09-09 12:50:28.650285+00,78424,283,9,0,1,exact,exact,exact,exact,f,f,0
B01-018,2026-09-09 13:00:22.976604+00,79018,287,9,0,1,exact,exact,exact,exact,f,f,0
B01-018,2026-09-09 13:11:36.27961+00,79692,287,9,0,1,exact,exact,exact,exact,f,f,0
B01-018,2026-09-09 13:22:14.103098+00,80330,289,9,0,1,exact,exact,exact,exact,f,f,0
B01-018,2026-09-09 13:32:29.646154+00,80945,290,10,0,1,exact,exact,exact,exact,f,f,0
B01-018,2026-09-09 13:43:34.677689+00,81610,290,10,0,1,exact,exact,exact,exact,f,f,0
B01-018,2026-09-09 13:53:29.775592+00,82205,290,10,0,1,exact,exact,exact,exact,f,f,0
B01-018,2026-09-09 14:04:41.121191+00,82877,294,10,0,1,exact,exact,exact,exact,f,f,0
B01-018,2026-09-09 14:15:18.046226+00,83514,296,10,0,1,exact,exact,exact,exact,f,f,0
B01-018,2026-09-09 14:25:42.378723+00,84138,296,10,0,1,exact,exact,exact,exact,f,f,0
B01-018,2026-09-09 14:35:49.45703+00,84745,299,11,0,1,exact,exact,exact,exact,f,f,0
B01-018,2026-09-09 14:46:20.636173+00,85376,300,11,0,1,exact,exact,exact,exact,f,f,0
B01-018,2026-09-09 14:57:04.55312+00,86020,301,11,0,1,exact,exact,exact,exact,f,f,0
B01-018,2026-09-09 15:12:35.488918+00,86951,304,11,0,1,exact,exact,exact,exact,f,f,0
B01-018,2026-09-09 15:23:37.870708+00,87613,304,11,0,1,exact,exact,exact,exact,f,f,0
B01-018,2026-09-09 15:33:42.024438+00,88218,306,11,0,1,exact,exact,exact,exact,f,f,0
B01-018,2026-09-09 15:55:23.25907+00,89519,307,11,0,1,exact,exact,exact,exact,f,f,0
B01-018,2026-09-09 16:07:01.439061+00,90217,307,11,0,1,exact,exact,exact,exact,f,f,0
B01-018,2026-09-09 16:17:50.205585+00,90866,307,11,0,1,exact,exact,exact,exact,f,f,0
B01-018,2026-09-09 16:39:20.262899+00,92156,314,11,0,1,exact,exact,exact,exact,f,f,0
B01-018,2026-09-09 16:49:53.350832+00,92789,315,11,0,1,exact,exact,exact,exact,f,f,0
B01-018,2026-09-09 17:10:49.932401+00,94045,315,11,0,1,exact,exact,exact,exact,f,f,0
B01-018,2026-09-09 17:22:26.678408+00,94742,316,11,0,1,exact,exact,exact,exact,f,f,0
B01-018,2026-09-09 17:34:56.9653+00,95492,316,11,0,1,exact,exact,exact,exact,f,f,0
B01-018,2026-09-09 17:49:39.550093+00,96375,317,11,0,1,exact,exact,exact,exact,f,f,0
B01-018,2026-09-09 18:11:07.833215+00,97663,320,11,0,1,exact,exact,exact,exact,f,f,0
B01-018,2026-09-09 18:22:34.788846+00,98350,320,11,0,1,exact,exact,exact,exact,f,f,0
B01-018,2026-09-09 18:34:00.63175+00,99036,323,11,0,1,exact,exact,exact,exact,f,f,0
B01-018,2026-09-09 18:55:07.235632+00,100303,326,11,0,1,exact,exact,exact,exact,f,f,0
B01-018,2026-09-09 19:05:37.169477+00,100933,326,11,0,1,exact,exact,exact,exact,f,f,0
B01-018,2026-09-09 19:17:35.792046+00,101651,326,11,0,1,exact,exact,exact,exact,f,f,0
B01-018,2026-09-09 19:38:38.877465+00,102914,329,11,0,1,exact,exact,exact,exact,f,f,0
B01-018,2026-09-09 19:49:16.254887+00,103552,329,11,0,1,exact,exact,exact,exact,f,f,0
B01-018,2026-09-09 20:10:50.815631+00,104846,338,11,0,1,exact,exact,exact,exact,f,f,0
B01-018,2026-09-09 20:21:17.795958+00,105473,338,11,0,1,exact,exact,exact,exact,f,f,0
B01-018,2026-09-09 20:41:42.401608+00,106698,341,11,0,1,exact,exact,exact,exact,f,f,0
B01-018,2026-09-09 20:52:24.912449+00,107340,342,11,0,1,exact,exact,exact,exact,f,f,0
B01-018,2026-09-09 21:02:27.804833+00,107943,342,11,0,1,exact,exact,exact,exact,f,f,0
B01-018,2026-09-09 21:23:23.449844+00,109199,342,11,0,1,exact,exact,exact,exact,f,f,0
B01-018,2026-09-09 21:33:37.761937+00,109813,342,11,0,1,exact,exact,exact,exact,f,f,0
B01-018,2026-09-09 21:54:25.775421+00,111061,343,11,0,1,exact,exact,exact,exact,f,f,0
B01-018,2026-09-09 22:05:22.929228+00,111718,343,11,0,1,exact,exact,exact,exact,f,f,0
B01-018,2026-09-09 22:17:13.088256+00,112429,343,11,0,1,exact,exact,exact,exact,f,f,0
B01-018,2026-09-09 22:37:23.561617+00,113639,343,11,0,1,exact,exact,exact,exact,f,f,0
B01-018,2026-09-09 22:47:48.530684+00,114264,343,11,0,1,exact,exact,exact,exact,f,f,0
B01-018,2026-09-09 23:08:52.180315+00,115528,343,11,0,1,exact,exact,exact,exact,f,f,0
B01-018,2026-09-09 23:19:37.789176+00,116173,343,11,0,1,exact,exact,exact,exact,f,f,0
B01-018,2026-09-09 23:40:13.873584+00,117409,343,11,0,1,exact,exact,exact,exact,f,f,0
B01-018,2026-09-09 23:51:04.342261+00,118060,343,11,0,1,exact,exact,exact,exact,f,f,0
B01-018,2026-09-10 00:12:51.923681+00,119367,343,11,0,1,exact,exact,exact,exact,f,f,0
B01-018,2026-09-10 00:24:10.827878+00,120046,343,11,0,1,exact,exact,exact,exact,f,f,0
B01-018,2026-09-10 00:34:06.551822+00,120642,343,11,0,1,exact,exact,exact,exact,f,f,0
B01-018,2026-09-10 00:54:18.879817+00,121854,343,11,0,1,exact,exact,exact,exact,f,f,0
B01-018,2026-09-10 01:05:06.506107+00,122502,343,11,0,1,exact,exact,exact,exact,f,f,0
B01-018,2026-09-10 01:26:10.91862+00,123766,343,11,0,1,exact,exact,exact,exact,f,f,0
B01-018,2026-09-10 01:36:00.791297+00,124356,343,11,0,1,exact,exact,exact,exact,f,f,0
B01-018,2026-09-10 01:56:03.670157+00,125559,343,11,0,1,exact,exact,exact,exact,f,f,0
B01-018,2026-09-10 02:06:41.64259+00,126197,343,11,0,1,exact,exact,exact,exact,f,f,0
B01-018,2026-09-10 02:17:43.297949+00,126859,343,11,0,1,exact,exact,exact,exact,f,f,0
B01-018,2026-09-10 02:38:17.082887+00,128093,343,11,0,1,exact,exact,exact,exact,f,f,0
B01-018,2026-09-10 02:48:36.673947+00,128712,343,11,0,1,exact,exact,exact,exact,f,f,0
B01-018,2026-09-10 03:09:34.457317+00,129970,344,11,0,1,exact,exact,exact,exact,f,f,0
B01-018,2026-09-10 03:21:11.762545+00,130667,344,11,0,1,exact,exact,exact,exact,f,f,0
B01-018,2026-09-10 03:42:15.589928+00,131931,344,11,0,1,exact,exact,exact,exact,f,f,0
B01-018,2026-09-10 03:52:41.53157+00,132557,346,11,0,1,exact,exact,exact,exact,f,f,0
B01-018,2026-09-10 04:04:48.723953+00,133284,346,11,0,1,exact,exact,exact,exact,f,f,0
B01-018,2026-09-10 04:26:51.266519+00,134607,348,11,0,1,exact,exact,exact,exact,f,f,0
B01-018,2026-09-10 04:37:43.375119+00,135259,348,11,0,1,exact,exact,exact,exact,f,f,0
B01-018,2026-09-10 04:47:47.992682+00,135863,349,11,0,1,exact,exact,exact,exact,f,f,0
B01-018,2026-09-10 05:09:04.674696+00,137140,349,11,0,1,exact,exact,exact,exact,f,f,0
B01-018,2026-09-10 05:20:25.086011+00,137821,349,11,0,1,exact,exact,exact,exact,f,f,0
B01-018,2026-09-10 05:41:00.42776+00,139056,349,11,0,1,exact,exact,exact,exact,f,f,0
B01-018,2026-09-10 05:51:56.427116+00,139712,349,11,0,1,exact,exact,exact,exact,f,f,0
B01-018,2026-09-10 06:02:22.363403+00,140338,349,11,0,1,exact,exact,exact,exact,f,f,0
B01-018,2026-09-10 06:24:26.442573+00,141662,351,11,0,1,exact,exact,exact,exact,f,f,0
B01-018,2026-09-10 06:35:02.685961+00,142298,351,11,0,1,exact,exact,exact,exact,f,f,0
B01-018,2026-09-10 06:55:39.976796+00,143535,354,11,0,1,exact,exact,exact,exact,f,f,0
B01-018,2026-09-10 07:06:54.266911+00,144210,359,11,0,1,exact,exact,exact,exact,f,f,0
B01-018,2026-09-10 07:17:56.382539+00,144872,366,11,0,1,exact,exact,exact,exact,f,f,0
B01-018,2026-09-10 07:39:06.728787+00,146142,366,11,0,1,exact,exact,exact,exact,f,f,0
B01-018,2026-09-10 07:49:49.998773+00,146785,367,11,0,1,exact,exact,exact,exact,f,f,0
B01-018,2026-09-10 08:10:38.739063+00,148034,374,11,0,1,exact,exact,exact,exact,f,f,0
B01-018,2026-09-10 08:22:11.861407+00,148727,375,11,0,1,exact,exact,exact,exact,f,f,0
B01-018,2026-09-10 08:32:38.770599+00,149354,375,11,0,1,exact,exact,exact,exact,f,f,0
B01-018,2026-09-10 08:54:00.92816+00,150636,379,11,0,1,exact,exact,exact,exact,f,f,0
B01-018,2026-09-10 09:05:15.692201+00,151311,382,11,0,1,exact,exact,exact,exact,f,f,0
B01-018,2026-09-10 09:26:38.107141+00,152594,383,11,0,1,exact,exact,exact,exact,f,f,0
B01-018,2026-09-10 09:37:33.812738+00,153249,386,11,0,1,exact,exact,exact,exact,f,f,0
B01-018,2026-09-10 09:47:59.17269+00,153875,386,11,0,1,exact,exact,exact,exact,f,f,0
B01-018,2026-09-10 10:09:20.997768+00,155156,386,11,0,1,exact,exact,exact,exact,f,f,0
B01-018,2026-09-10 10:20:44.634514+00,155840,386,11,0,1,exact,exact,exact,exact,f,f,0
B01-018,2026-09-10 10:41:14.633341+00,157070,386,11,0,1,exact,exact,exact,exact,f,f,0
B01-018,2026-09-10 10:52:05.718631+00,157721,386,11,0,1,exact,exact,exact,exact,f,f,0
B01-018,2026-09-10 11:02:34.693627+00,158350,386,11,0,1,exact,exact,exact,exact,f,f,0
B01-018,2026-09-10 11:24:41.334455+00,159677,387,11,0,1,exact,exact,exact,exact,f,f,0
B01-018,2026-09-10 11:35:31.238882+00,160327,387,11,0,1,exact,exact,exact,exact,f,f,0
B01-018,2026-09-10 11:56:55.494415+00,161611,388,11,0,1,exact,exact,exact,exact,f,f,0
B01-018,2026-09-10 12:08:19.635448+00,162295,388,11,0,1,exact,exact,exact,exact,f,f,0
B01-018,2026-09-10 12:19:33.689042+00,162969,388,11,0,1,exact,exact,exact,exact,f,f,0
B01-018,2026-09-10 12:40:41.610741+00,164237,388,11,0,1,exact,exact,exact,exact,f,f,0
B01-018,2026-09-10 12:51:14.639519+00,164870,388,11,0,1,exact,exact,exact,exact,f,f,0
B01-018,2026-09-10 13:13:19.885385+00,166195,389,11,0,1,exact,exact,exact,exact,f,f,0
B01-018,2026-09-10 13:24:38.078454+00,166874,389,11,0,1,exact,exact,exact,exact,f,f,0
B01-018,2026-09-10 13:35:01.463474+00,167497,389,11,0,1,exact,exact,exact,exact,f,f,0
B01-018,2026-09-10 13:56:22.508818+00,168778,389,11,0,1,exact,exact,exact,exact,f,f,0
B01-018,2026-09-10 14:08:12.787565+00,169488,389,11,0,1,exact,exact,exact,exact,f,f,0
B01-018,2026-09-10 14:19:21.926278+00,170157,389,11,0,1,exact,exact,exact,exact,f,f,0
B01-018,2026-09-10 14:40:34.577347+00,171430,390,11,0,1,exact,exact,exact,exact,f,f,0
B01-018,2026-09-10 14:50:56.07679+00,172052,390,11,0,1,exact,exact,exact,exact,f,f,0
B01-018,2026-09-10 15:12:26.542461+00,173342,390,11,0,1,exact,exact,exact,exact,f,f,0
B01-018,2026-09-10 15:24:39.554119+00,174075,390,11,0,1,exact,exact,exact,exact,f,f,0
B01-018,2026-09-10 15:34:56.30251+00,174692,391,11,0,1,exact,exact,exact,exact,f,f,0
B01-018,2026-09-10 15:56:23.378833+00,175979,392,11,0,1,exact,exact,exact,exact,f,f,0
B01-018,2026-09-10 16:08:02.250037+00,176678,392,11,0,1,exact,exact,exact,exact,f,f,0
B01-018,2026-09-10 16:21:20.802298+00,177476,392,11,0,1,exact,exact,exact,exact,f,f,0
B01-018,2026-09-10 16:33:25.933482+00,178201,392,11,0,1,exact,exact,exact,exact,f,f,0
B01-018,2026-09-10 16:56:40.54612+00,179596,392,11,0,1,exact,exact,exact,exact,f,f,0
B01-018,2026-09-10 17:09:11.608503+00,180347,393,11,0,1,exact,exact,exact,exact,f,f,0
B01-018,2026-09-10 17:20:28.167727+00,181024,393,11,0,1,exact,exact,exact,exact,f,f,0
B01-018,2026-09-10 17:42:02.548343+00,182318,394,11,0,1,exact,exact,exact,exact,f,f,0
B01-018,2026-09-10 17:52:40.064346+00,182956,394,11,0,1,exact,exact,exact,exact,f,f,0
B01-018,2026-09-10 18:06:02.179466+00,183758,394,11,0,1,exact,exact,exact,exact,f,f,0
B01-018,2026-09-10 19:39:56.39404+00,189392,395,11,0,1,exact,exact,exact,exact,f,f,1
B01-018,2026-09-10 19:57:13.986417+00,190429,396,11,0,1,exact,exact,exact,exact,f,f,0
B01-018,2026-09-11 06:39:56.740558+00,228992,404,11,0,1,exact,exact,exact,exact,f,f,0
B01-018,2026-09-11 07:28:41.563499+00,231917,406,11,0,1,exact,exact,exact,exact,f,f,1
B01-018,2026-09-11 11:24:55.511037+00,246091,408,11,0,1,exact,exact,exact,exact,f,f,0
B01-018,2026-09-11 13:07:07.353403+00,252223,409,12,0,1,exact,exact,exact,exact,f,f,0
B01-018,2026-09-11 13:24:08.56894+00,253244,410,12,0,1,exact,exact,exact,exact,f,f,0
B01-018,2026-09-11 15:14:31.704062+00,259867,411,12,0,1,exact,exact,exact,exact,f,f,0
B01-018,2026-09-11 15:40:09.78831+00,261405,411,12,0,1,exact,exact,exact,exact,f,f,1
B01-018,2026-09-11 17:14:22.235496+00,267058,413,12,0,1,exact,exact,exact,exact,f,f,0
B01-018,2026-09-11 18:42:22.103044+00,272338,414,12,0,1,exact,exact,exact,exact,f,f,0
B01-018,2026-09-11 19:16:26.37706+00,274382,416,12,0,1,exact,exact,exact,exact,f,f,0
B01-018,2026-09-11 20:26:26.464926+00,278582,417,12,0,1,exact,exact,exact,exact,f,f,0
B01-018,2026-09-12 04:23:37.529998+00,307213,419,12,0,1,exact,exact,exact,exact,f,f,0
B01-018,2026-09-12 05:31:54.461422+00,311310,420,12,0,1,exact,exact,exact,exact,f,f,1
B01-018,2026-09-12 06:27:26.315817+00,314642,422,12,0,1,exact,exact,exact,exact,f,f,0
B01-018,2026-09-12 08:43:59.253254+00,322835,423,12,0,1,exact,exact,exact,exact,f,f,0
B01-018,2026-09-12 13:11:20.534414+00,338876,424,12,0,1,exact,exact,exact,exact,f,f,0
B01-018,2026-09-12 13:46:51.485057+00,341007,424,12,0,1,exact,exact,exact,exact,f,f,1
B01-018,2026-09-12 19:17:23.654689+00,360839,428,12,0,1,exact,exact,exact,exact,f,f,0
B01-018,2026-09-13 08:05:25.52603+00,406921,429,12,0,1,exact,exact,exact,exact,f,f,0
B01-018,2026-09-13 10:34:08.34621+00,415844,430,12,0,1,exact,exact,exact,exact,f,f,0
B01-018,2026-09-13 14:02:19.688825+00,428335,431,12,0,1,exact,exact,exact,exact,f,f,0
B01-018,2026-09-13 20:34:33.700747+00,451869,432,13,0,1,exact,exact,exact,exact,f,f,0
B01-018,2026-09-14 15:15:29.53934+00,519125,434,13,0,1,exact,exact,exact,exact,f,f,0
B01-018,2026-09-14 18:22:52.117932+00,530368,438,13,0,1,exact,exact,exact,exact,f,f,0
B01-018,2026-09-15 09:44:31.746835+00,585667,439,13,0,1,exact,exact,exact,exact,f,f,0
B01-018,2026-09-15 15:29:39.068677+00,606375,440,13,0,1,exact,exact,exact,exact,f,f,0
B01-018,2026-09-15 23:29:30.540559+00,635166,443,13,0,1,exact,exact,exact,exact,f,f,1
B01-018,2026-09-16 09:39:53.259414+00,671789,444,13,0,1,exact,exact,exact,exact,f,f,0
B01-018,2026-09-16 10:54:49.474269+00,676285,445,13,0,1,exact,exact,exact,exact,f,f,0
B01-018,2026-09-16 12:21:03.939488+00,681459,446,13,0,1,exact,exact,exact,exact,f,f,0
B01-018,2026-09-17 12:24:31.082064+00,768067,446,13,0,1,exact,exact,exact,exact,f,f,0
B01-018,2026-09-17 16:49:27.803187+00,783963,447,13,0,1,exact,exact,exact,exact,f,f,0
B01-018,2026-09-18 05:54:44.760236+00,831080,448,13,0,1,exact,exact,exact,exact,f,f,0
B01-018,2026-09-18 08:59:45.665043+00,842181,449,13,0,1,exact,exact,exact,exact,f,f,0
B01-018,2026-09-18 11:09:42.673022+00,849978,452,13,0,1,exact,exact,exact,exact,f,f,0
B01-018,2026-09-18 15:04:47.14656+00,864083,454,13,0,1,exact,exact,exact,exact,f,f,0
B01-018,2026-09-18 18:39:45.675139+00,876981,455,13,0,1,exact,exact,exact,exact,f,f,0
B01-018,2026-09-19 16:49:32.50826+00,956768,456,13,0,1,exact,exact,exact,exact,f,f,0
B01-018,2026-09-19 18:44:31.708983+00,963667,458,13,0,1,exact,exact,exact,exact,f,f,1
B01-018,2026-09-19 23:34:25.652369+00,981061,460,13,0,1,exact,exact,exact,exact,f,f,1
B01-018,2026-09-20 02:59:24.460109+00,993360,462,13,0,1,exact,exact,exact,exact,f,f,1
B01-018,2026-09-20 03:04:28.35082+00,993664,463,13,0,1,exact,exact,exact,exact,f,f,0
B01-018,2026-09-20 14:09:36.210258+00,1033572,463,13,0,1,exact,exact,exact,exact,f,f,1
B01-018,2026-09-21 14:02:33.91021+00,1119549,463,,0,,exact,suspected_reset,exact,suspected_reset,f,f,0
B01-018,2026-09-21 14:06:53.653634+00,1119809,463,13,0,1,exact,exact,exact,exact,f,f,0
B01-018,2026-09-22 13:59:45.404108+00,1205781,464,13,0,1,exact,exact,exact,exact,f,f,0
B01-018,2026-09-23 07:39:32.811875+00,1269368,465,13,0,1,exact,exact,exact,exact,f,f,0
B01-018,2026-09-23 08:04:33.766952+00,1270869,466,13,0,1,exact,exact,exact,exact,f,f,0
B01-018,2026-09-24 08:04:34.320301+00,1357270,466,13,0,1,exact,exact,exact,exact,f,f,0
B01-018,2026-09-24 10:24:37.943157+00,1365673,466,13,0,1,exact,exact,exact,exact,f,f,1
B01-018,2026-09-24 19:54:35.530638+00,1399871,467,13,0,1,exact,exact,exact,exact,f,f,0
B01-018,2026-09-24 21:09:35.667525+00,1404371,468,13,0,1,exact,exact,exact,exact,f,f,0
B01-018,2026-09-25 21:14:38.808243+00,1491074,468,13,0,1,exact,exact,exact,exact,f,f,0
B01-019,2026-09-07 14:36:54.565066+00,654,75,2,0,0,exact,exact,exact,exact,f,f,0
B01-019,2026-09-07 14:51:49.226171+00,1549,128,2,0,0,exact,exact,exact,exact,f,f,0
B01-019,2026-09-07 15:02:00.003953+00,2160,158,3,0,0,exact,exact,exact,exact,f,f,0
B01-019,2026-09-07 15:12:49.724791+00,2809,170,3,0,0,exact,exact,exact,exact,f,f,0
B01-019,2026-09-07 15:23:05.135119+00,3425,184,3,0,0,exact,exact,exact,exact,f,f,0
B01-019,2026-09-07 15:33:18.706719+00,4038,206,3,0,0,exact,exact,exact,exact,f,f,0
B01-019,2026-09-07 15:43:34.89228+00,4654,226,3,0,0,exact,exact,exact,exact,f,f,0
B01-019,2026-09-07 15:53:37.090815+00,5257,233,3,0,0,exact,exact,exact,exact,f,f,0
B01-019,2026-09-07 16:03:35.527081+00,5855,245,3,0,0,exact,exact,exact,exact,f,f,0
B01-019,2026-09-07 16:15:42.962669+00,6582,259,3,0,0,exact,exact,exact,exact,f,f,0
B01-019,2026-09-07 16:30:59.804824+00,7499,273,3,0,0,exact,exact,exact,exact,f,f,0
B01-019,2026-09-07 16:41:13.598936+00,8113,280,3,0,0,exact,exact,exact,exact,f,f,0
B01-019,2026-09-07 16:51:18.778196+00,8718,290,3,0,0,exact,exact,exact,exact,f,f,0
B01-019,2026-09-07 17:01:16.602002+00,9316,298,3,0,0,exact,exact,exact,exact,f,f,0
B01-019,2026-09-07 17:12:19.544714+00,9979,305,3,0,0,exact,exact,exact,exact,f,f,0
B01-019,2026-09-07 17:22:29.237154+00,10589,311,3,0,0,exact,exact,exact,exact,f,f,0
B01-019,2026-09-07 17:32:12.355315+00,11172,318,3,0,0,exact,exact,exact,exact,f,f,0
B01-019,2026-09-07 17:42:19.748991+00,11779,326,3,0,0,exact,exact,exact,exact,f,f,0
B01-019,2026-09-07 17:52:07.173337+00,12367,337,3,0,0,exact,exact,exact,exact,f,f,0
B01-019,2026-09-07 18:02:20.046961+00,12980,343,3,0,0,exact,exact,exact,exact,f,f,0
B01-019,2026-09-07 18:13:13.593606+00,13633,355,3,0,0,exact,exact,exact,exact,f,f,0
B01-019,2026-09-07 18:23:22.023573+00,14242,361,4,0,0,exact,exact,exact,exact,f,f,0
B01-019,2026-09-07 18:33:17.364045+00,14837,368,4,0,0,exact,exact,exact,exact,f,f,0
B01-019,2026-09-07 18:43:47.913812+00,15467,380,4,0,0,exact,exact,exact,exact,f,f,0
B01-019,2026-09-07 18:54:02.930767+00,16082,395,4,0,0,exact,exact,exact,exact,f,f,0
B01-019,2026-09-07 19:04:24.892964+00,16704,420,4,0,0,exact,exact,exact,exact,f,f,0
B01-019,2026-09-07 19:15:50.299668+00,17390,433,4,0,0,exact,exact,exact,exact,f,f,0
B01-019,2026-09-07 19:26:03.7611+00,18003,443,4,0,0,exact,exact,exact,exact,f,f,0
B01-019,2026-09-07 19:36:03.771882+00,18603,445,4,0,0,exact,exact,exact,exact,f,f,0
B01-019,2026-09-07 19:46:10.101143+00,19210,450,5,0,0,exact,exact,exact,exact,f,f,0
B01-019,2026-09-07 19:55:56.832312+00,19796,456,5,0,0,exact,exact,exact,exact,f,f,0
B01-019,2026-09-07 20:07:01.920738+00,20461,464,5,0,0,exact,exact,exact,exact,f,f,0
B01-019,2026-09-07 21:16:29.562892+00,24629,516,5,0,0,exact,exact,exact,exact,f,f,0
B01-019,2026-09-07 21:26:25.370119+00,25225,524,5,0,0,exact,exact,exact,exact,f,f,0
B01-019,2026-09-07 21:36:43.722845+00,25843,525,5,0,0,exact,exact,exact,exact,f,f,0
B01-019,2026-09-07 21:46:22.558627+00,26422,528,6,0,0,exact,exact,exact,exact,f,f,0
B01-019,2026-09-07 21:56:34.474767+00,27034,528,6,0,0,exact,exact,exact,exact,f,f,0
B01-019,2026-09-07 22:07:15.699962+00,27675,530,6,0,0,exact,exact,exact,exact,f,f,0
B01-019,2026-09-07 22:17:30.389107+00,28290,533,6,0,0,exact,exact,exact,exact,f,f,0
B01-019,2026-09-07 22:26:58.284361+00,28858,536,6,0,0,exact,exact,exact,exact,f,f,0
B01-019,2026-09-07 22:37:13.87495+00,29473,538,6,0,0,exact,exact,exact,exact,f,f,0
B01-019,2026-09-07 22:46:43.48187+00,30043,539,6,0,0,exact,exact,exact,exact,f,f,0
B01-019,2026-09-07 22:56:45.281122+00,30645,543,6,0,0,exact,exact,exact,exact,f,f,0
B01-019,2026-09-07 23:07:30.955226+00,31290,543,6,0,0,exact,exact,exact,exact,f,f,0
B01-019,2026-09-07 23:17:36.208549+00,31896,543,6,0,0,exact,exact,exact,exact,f,f,0
B01-019,2026-09-07 23:27:14.178841+00,32474,543,6,0,0,exact,exact,exact,exact,f,f,0
B01-019,2026-09-07 23:37:39.235159+00,33099,543,6,0,0,exact,exact,exact,exact,f,f,0
B01-019,2026-09-07 23:47:36.650845+00,33696,543,6,0,0,exact,exact,exact,exact,f,f,0
B01-019,2026-09-07 23:57:08.850179+00,34268,544,6,0,0,exact,exact,exact,exact,f,f,0
B01-019,2026-09-08 00:08:18.80691+00,34938,544,6,0,0,exact,exact,exact,exact,f,f,0
B01-019,2026-09-08 00:18:03.179728+00,35523,544,6,0,0,exact,exact,exact,exact,f,f,0
B01-019,2026-09-08 00:28:14.255092+00,36134,545,6,0,0,exact,exact,exact,exact,f,f,0
B01-019,2026-09-08 00:37:58.342656+00,36718,545,6,0,0,exact,exact,exact,exact,f,f,0
B01-019,2026-09-08 00:48:11.928331+00,37331,546,6,0,0,exact,exact,exact,exact,f,f,0
B01-019,2026-09-08 00:57:59.36731+00,37919,546,6,0,0,exact,exact,exact,exact,f,f,0
B01-019,2026-09-08 01:09:02.893087+00,38582,548,6,0,0,exact,exact,exact,exact,f,f,0
B01-019,2026-09-08 01:18:46.729827+00,39166,549,6,0,0,exact,exact,exact,exact,f,f,0
B01-019,2026-09-08 01:28:47.821877+00,39767,551,6,0,0,exact,exact,exact,exact,f,f,0
B01-019,2026-09-08 01:38:26.606205+00,40346,552,6,0,0,exact,exact,exact,exact,f,f,0
B01-019,2026-09-08 01:48:23.196151+00,40943,552,6,0,0,exact,exact,exact,exact,f,f,0
B01-019,2026-09-08 01:57:58.076007+00,41518,553,6,0,0,exact,exact,exact,exact,f,f,0
B01-019,2026-09-08 02:09:06.03497+00,42186,553,6,0,0,exact,exact,exact,exact,f,f,0
B01-019,2026-09-08 02:18:53.254083+00,42773,553,6,0,0,exact,exact,exact,exact,f,f,0
B01-019,2026-09-08 02:28:47.48331+00,43367,554,6,0,0,exact,exact,exact,exact,f,f,0
B01-019,2026-09-08 02:38:41.045132+00,43961,556,6,0,0,exact,exact,exact,exact,f,f,0
B01-019,2026-09-08 02:48:45.454697+00,44565,556,6,0,0,exact,exact,exact,exact,f,f,0
B01-019,2026-09-08 02:58:37.183255+00,45157,556,6,0,0,exact,exact,exact,exact,f,f,0
B01-019,2026-09-08 03:09:40.451627+00,45820,559,7,0,0,exact,exact,exact,exact,f,f,0
B01-019,2026-09-08 03:19:56.697676+00,46436,559,7,0,0,exact,exact,exact,exact,f,f,0
B01-019,2026-09-08 03:29:58.08052+00,47038,565,7,0,0,exact,exact,exact,exact,f,f,0
B01-019,2026-09-08 03:40:06.782773+00,47646,567,7,0,0,exact,exact,exact,exact,f,f,0
B01-019,2026-09-08 03:50:15.936297+00,48255,570,7,0,0,exact,exact,exact,exact,f,f,0
B01-019,2026-09-08 04:00:11.035659+00,48851,574,7,0,0,exact,exact,exact,exact,f,f,0
B01-019,2026-09-08 04:11:19.852545+00,49519,579,7,0,0,exact,exact,exact,exact,f,f,0
B01-019,2026-09-08 04:21:22.778853+00,50122,585,7,0,0,exact,exact,exact,exact,f,f,0
B01-019,2026-09-08 04:31:38.153464+00,50738,585,7,0,0,exact,exact,exact,exact,f,f,0
B01-019,2026-09-08 04:41:32.522231+00,51332,587,7,0,0,exact,exact,exact,exact,f,f,0
B01-019,2026-09-08 04:51:50.554781+00,51950,588,7,0,0,exact,exact,exact,exact,f,f,0
B01-019,2026-09-08 05:01:37.095122+00,52537,589,7,0,0,exact,exact,exact,exact,f,f,0
B01-019,2026-09-08 05:12:58.750535+00,53218,590,7,0,0,exact,exact,exact,exact,f,f,0
B01-019,2026-09-08 05:23:07.542129+00,53827,593,7,0,0,exact,exact,exact,exact,f,f,0
B01-019,2026-09-08 05:34:03.184646+00,54483,599,7,0,0,exact,exact,exact,exact,f,f,0
B01-019,2026-09-08 05:44:32.878892+00,55112,602,7,0,0,exact,exact,exact,exact,f,f,0
B01-019,2026-09-08 05:55:07.751067+00,55747,610,7,0,0,exact,exact,exact,exact,f,f,0
B01-019,2026-09-08 06:06:32.893697+00,56432,614,7,0,0,exact,exact,exact,exact,f,f,0
B01-019,2026-09-08 06:16:57.862035+00,57057,617,7,0,0,exact,exact,exact,exact,f,f,0
B01-019,2026-09-08 06:27:17.377593+00,57677,625,7,0,0,exact,exact,exact,exact,f,f,0
B01-019,2026-09-08 06:37:50.743388+00,58310,635,7,0,0,exact,exact,exact,exact,f,f,0
B01-019,2026-09-08 06:47:53.171072+00,58913,644,8,0,0,exact,exact,exact,exact,f,f,0
B01-019,2026-09-08 06:58:17.703075+00,59537,652,8,0,0,exact,exact,exact,exact,f,f,0
B01-019,2026-09-08 07:09:43.083184+00,60223,659,8,0,0,exact,exact,exact,exact,f,f,0
B01-019,2026-09-08 07:20:12.077306+00,60852,663,8,0,0,exact,exact,exact,exact,f,f,0
B01-019,2026-09-08 07:30:42.773266+00,61482,671,8,0,0,exact,exact,exact,exact,f,f,0
B01-019,2026-09-08 07:41:02.909607+00,62102,675,8,0,0,exact,exact,exact,exact,f,f,0
B01-019,2026-09-08 07:51:53.300568+00,62753,677,8,0,0,exact,exact,exact,exact,f,f,0
B01-019,2026-09-08 08:01:59.006046+00,63359,680,8,0,0,exact,exact,exact,exact,f,f,0
B01-019,2026-09-08 08:13:30.876128+00,64050,682,8,0,0,exact,exact,exact,exact,f,f,0
B01-019,2026-09-08 08:23:43.973111+00,64663,684,8,0,0,exact,exact,exact,exact,f,f,0
B01-019,2026-09-08 08:34:20.689055+00,65300,687,8,0,0,exact,exact,exact,exact,f,f,0
B01-019,2026-09-08 08:44:27.291858+00,65907,689,8,0,0,exact,exact,exact,exact,f,f,0
B01-019,2026-09-08 08:55:10.840841+00,66550,691,8,0,0,exact,exact,exact,exact,f,f,0
B01-019,2026-09-08 09:06:24.823392+00,67224,697,8,0,0,exact,exact,exact,exact,f,f,0
B01-019,2026-09-08 09:17:16.309344+00,67876,697,8,0,0,exact,exact,exact,exact,f,f,0
B01-019,2026-09-08 09:27:54.903663+00,68514,702,8,0,0,exact,exact,exact,exact,f,f,0
B01-019,2026-09-08 09:38:19.95799+00,69139,707,8,0,0,exact,exact,exact,exact,f,f,0
B01-019,2026-09-08 09:48:55.699625+00,69775,712,8,0,0,exact,exact,exact,exact,f,f,0
B01-019,2026-09-08 09:59:20.918237+00,70400,718,8,0,0,exact,exact,exact,exact,f,f,0
B01-019,2026-09-08 10:11:15.151189+00,71115,721,8,0,0,exact,exact,exact,exact,f,f,0
B01-019,2026-09-08 10:21:37.684231+00,71737,729,8,0,0,exact,exact,exact,exact,f,f,0
B01-019,2026-09-08 10:32:17.83778+00,72377,731,8,0,0,exact,exact,exact,exact,f,f,0
B01-019,2026-09-08 10:42:41.038607+00,73001,734,8,0,0,exact,exact,exact,exact,f,f,0
B01-019,2026-09-08 10:53:29.47786+00,73649,734,8,0,0,exact,exact,exact,exact,f,f,0
B01-019,2026-09-08 11:04:00.583519+00,74280,737,8,0,0,exact,exact,exact,exact,f,f,0
B01-019,2026-09-08 11:15:46.594854+00,74986,745,8,0,0,exact,exact,exact,exact,f,f,0
B01-019,2026-09-08 11:26:29.093225+00,75629,749,8,0,0,exact,exact,exact,exact,f,f,0
B01-019,2026-09-08 11:37:24.882906+00,76284,753,8,0,0,exact,exact,exact,exact,f,f,0
B01-019,2026-09-08 11:48:01.605562+00,76921,758,8,0,0,exact,exact,exact,exact,f,f,0
B01-019,2026-09-08 11:58:33.92805+00,77553,762,8,0,0,exact,exact,exact,exact,f,f,0
B01-019,2026-09-08 12:10:12.694498+00,78252,766,8,0,0,exact,exact,exact,exact,f,f,0
B01-019,2026-09-08 12:20:38.964873+00,78878,776,8,0,0,exact,exact,exact,exact,f,f,0
B01-019,2026-09-08 12:31:16.469129+00,79516,782,8,0,0,exact,exact,exact,exact,f,f,0
B01-019,2026-09-08 12:41:42.635592+00,80142,784,8,0,0,exact,exact,exact,exact,f,f,0
B01-019,2026-09-08 12:52:29.604824+00,80789,786,8,0,0,exact,exact,exact,exact,f,f,0
B01-019,2026-09-08 13:02:44.300986+00,81404,788,9,0,0,exact,exact,exact,exact,f,f,0
B01-019,2026-09-08 13:14:35.468418+00,82115,801,9,0,0,exact,exact,exact,exact,f,f,0
B01-019,2026-09-08 13:24:46.460651+00,82726,809,10,0,0,exact,exact,exact,exact,f,f,0
B01-019,2026-09-08 13:35:56.87669+00,83396,817,10,0,0,exact,exact,exact,exact,f,f,0
B01-019,2026-09-08 13:46:40.64692+00,84040,821,10,0,0,exact,exact,exact,exact,f,f,0
B01-019,2026-09-08 13:57:27.902695+00,84687,823,10,0,0,exact,exact,exact,exact,f,f,0
B01-019,2026-09-08 14:08:57.032254+00,85377,831,10,0,0,exact,exact,exact,exact,f,f,0
B01-019,2026-09-08 14:20:01.228168+00,86041,835,10,0,0,exact,exact,exact,exact,f,f,0
B01-019,2026-09-08 14:30:53.676504+00,86693,836,10,0,0,exact,exact,exact,exact,f,f,0
B01-019,2026-09-08 14:41:35.664827+00,87335,838,10,0,0,exact,exact,exact,exact,f,f,0
B01-019,2026-09-08 14:52:43.59661+00,88003,842,10,0,0,exact,exact,exact,exact,f,f,0
B01-019,2026-09-08 15:15:11.344786+00,89351,844,10,0,0,exact,exact,exact,exact,f,f,0
B01-019,2026-09-08 15:25:49.9543+00,89989,847,10,0,0,exact,exact,exact,exact,f,f,0
B01-019,2026-09-08 15:38:02.703134+00,90722,851,10,0,0,exact,exact,exact,exact,f,f,0
B01-019,2026-09-08 15:54:06.217096+00,91686,858,10,0,0,exact,exact,exact,exact,f,f,0
B01-019,2026-09-08 16:16:25.642779+00,93025,870,10,0,0,exact,exact,exact,exact,f,f,0
B01-019,2026-09-08 16:28:42.131535+00,93762,873,10,0,0,exact,exact,exact,exact,f,f,0
B01-019,2026-09-08 16:45:00.962755+00,94740,879,10,0,0,exact,exact,exact,exact,f,f,0
B01-019,2026-09-08 16:55:50.153842+00,95390,883,10,0,0,exact,exact,exact,exact,f,f,0
B01-019,2026-09-08 17:07:59.696133+00,96119,888,10,0,0,exact,exact,exact,exact,f,f,0
B01-019,2026-09-08 17:31:21.18477+00,97521,890,10,0,0,exact,exact,exact,exact,f,f,0
B01-019,2026-09-08 17:42:28.878047+00,98188,891,10,0,0,exact,exact,exact,exact,f,f,0
B01-019,2026-09-08 17:52:55.758707+00,98815,895,10,0,0,exact,exact,exact,exact,f,f,0
B01-019,2026-09-08 18:15:35.24134+00,100175,907,10,0,0,exact,exact,exact,exact,f,f,0
B01-019,2026-09-08 18:25:55.063511+00,100795,909,10,0,0,exact,exact,exact,exact,f,f,0
B01-019,2026-09-08 18:36:14.165679+00,101414,924,10,0,0,exact,exact,exact,exact,f,f,0
B01-019,2026-09-08 18:56:59.895518+00,102659,937,11,0,0,exact,exact,exact,exact,f,f,0
B01-019,2026-09-08 19:10:17.142986+00,103457,941,11,0,0,exact,exact,exact,exact,f,f,0
B01-019,2026-09-08 19:20:53.079836+00,104093,944,11,0,0,exact,exact,exact,exact,f,f,0
B01-019,2026-09-08 19:43:16.390527+00,105436,953,11,0,0,exact,exact,exact,exact,f,f,0
B01-019,2026-09-08 19:55:11.978923+00,106151,955,11,0,0,exact,exact,exact,exact,f,f,0
B01-019,2026-09-08 20:08:30.17627+00,106950,962,11,0,0,exact,exact,exact,exact,f,f,0
B01-019,2026-09-08 20:31:23.470457+00,108323,964,11,0,0,exact,exact,exact,exact,f,f,0
B01-019,2026-09-08 20:42:22.430772+00,108982,967,11,0,0,exact,exact,exact,exact,f,f,0
B01-019,2026-09-08 20:53:25.878562+00,109645,970,11,0,0,exact,exact,exact,exact,f,f,0
B01-019,2026-09-08 21:14:12.018759+00,110892,983,11,0,0,exact,exact,exact,exact,f,f,0
B01-019,2026-09-08 21:30:18.726123+00,111858,984,11,0,0,exact,exact,exact,exact,f,f,0
B01-019,2026-09-08 21:46:24.364604+00,112824,987,11,0,0,exact,exact,exact,exact,f,f,0
B01-019,2026-09-08 22:02:27.455102+00,113787,988,11,0,0,exact,exact,exact,exact,f,f,0
B01-019,2026-09-08 22:13:52.977468+00,114472,991,11,0,0,exact,exact,exact,exact,f,f,0
B01-019,2026-09-08 22:23:55.362066+00,115075,991,11,0,0,exact,exact,exact,exact,f,f,0
B01-019,2026-09-08 22:43:13.578262+00,116233,995,11,0,0,exact,exact,exact,exact,f,f,0
B01-019,2026-09-08 22:53:07.561312+00,116827,995,11,0,0,exact,exact,exact,exact,f,f,0
B01-019,2026-09-08 23:13:20.435628+00,118040,996,11,0,0,exact,exact,exact,exact,f,f,0
B01-019,2026-09-08 23:22:48.514191+00,118608,997,11,0,0,exact,exact,exact,exact,f,f,0
B01-019,2026-09-08 23:41:55.419211+00,119755,999,12,0,0,exact,exact,exact,exact,f,f,0
B01-019,2026-09-08 23:51:41.491978+00,120341,999,12,0,0,exact,exact,exact,exact,f,f,0
B01-019,2026-09-09 00:11:45.692491+00,121545,1003,12,0,0,exact,exact,exact,exact,f,f,0
B01-019,2026-09-09 00:21:39.264875+00,122139,1003,12,0,0,exact,exact,exact,exact,f,f,0
B01-019,2026-09-09 00:40:55.107317+00,123295,1003,12,0,0,exact,exact,exact,exact,f,f,0
B01-019,2026-09-09 00:50:40.379118+00,123880,1003,12,0,0,exact,exact,exact,exact,f,f,0
B01-019,2026-09-09 01:10:36.35145+00,125076,1005,12,0,0,exact,exact,exact,exact,f,f,0
B01-019,2026-09-09 01:20:03.563117+00,125643,1005,12,0,0,exact,exact,exact,exact,f,f,0
B01-019,2026-09-09 01:39:23.202483+00,126803,1005,12,0,0,exact,exact,exact,exact,f,f,0
B01-019,2026-09-09 01:58:45.975646+00,127965,1006,12,0,0,exact,exact,exact,exact,f,f,0
B01-019,2026-09-09 02:09:46.444947+00,128626,1006,12,0,0,exact,exact,exact,exact,f,f,0
B01-019,2026-09-09 02:19:16.457971+00,129196,1006,12,0,0,exact,exact,exact,exact,f,f,0
B01-019,2026-09-09 02:38:36.551648+00,130356,1006,12,0,0,exact,exact,exact,exact,f,f,0
B01-019,2026-09-09 02:58:03.839699+00,131523,1006,12,0,0,exact,exact,exact,exact,f,f,0
B01-019,2026-09-09 03:10:51.134251+00,132291,1007,12,0,0,exact,exact,exact,exact,f,f,0
B01-019,2026-09-09 03:21:20.749789+00,132920,1007,12,0,0,exact,exact,exact,exact,f,f,0
B01-019,2026-09-09 03:41:06.648249+00,134106,1008,12,0,0,exact,exact,exact,exact,f,f,0
B01-019,2026-09-09 03:51:17.868802+00,134717,1009,12,0,0,exact,exact,exact,exact,f,f,0
B01-019,2026-09-09 04:11:44.504515+00,135944,1012,12,0,0,exact,exact,exact,exact,f,f,0
B01-019,2026-09-09 04:21:37.014617+00,136537,1013,12,0,0,exact,exact,exact,exact,f,f,0
B01-019,2026-09-09 04:41:29.948051+00,137729,1014,12,0,0,exact,exact,exact,exact,f,f,0
B01-019,2026-09-09 04:51:38.101991+00,138338,1014,12,0,0,exact,exact,exact,exact,f,f,0
B01-019,2026-09-09 05:14:22.863964+00,139702,1019,12,0,0,exact,exact,exact,exact,f,f,0
B01-019,2026-09-09 05:26:11.906639+00,140411,1026,12,0,0,exact,exact,exact,exact,f,f,0
B01-019,2026-09-09 05:37:23.491578+00,141083,1032,12,0,0,exact,exact,exact,exact,f,f,0
B01-019,2026-09-09 06:00:09.208316+00,142449,1040,12,0,0,exact,exact,exact,exact,f,f,0
B01-019,2026-09-09 06:14:29.691756+00,143309,1047,12,0,0,exact,exact,exact,exact,f,f,0
B01-019,2026-09-09 06:25:13.97225+00,143953,1048,12,0,0,exact,exact,exact,exact,f,f,0
B01-019,2026-09-09 06:35:34.505067+00,144574,1051,12,0,0,exact,exact,exact,exact,f,f,0
B01-019,2026-09-09 06:55:42.804888+00,145782,1052,12,0,0,exact,exact,exact,exact,f,f,0
B01-019,2026-09-09 07:07:14.049786+00,146474,1056,12,0,0,exact,exact,exact,exact,f,f,0
B01-019,2026-09-09 07:27:51.582672+00,147711,1061,12,0,0,exact,exact,exact,exact,f,f,0
B01-019,2026-09-09 07:37:37.370527+00,148297,1062,12,0,0,exact,exact,exact,exact,f,f,0
B01-019,2026-09-09 07:57:27.109922+00,149487,1064,12,0,0,exact,exact,exact,exact,f,f,0
B01-019,2026-09-09 08:08:54.561398+00,150174,1065,12,0,0,exact,exact,exact,exact,f,f,0
B01-019,2026-09-09 08:29:16.773038+00,151396,1069,12,0,0,exact,exact,exact,exact,f,f,0
B01-019,2026-09-09 08:39:44.078522+00,152024,1073,12,0,0,exact,exact,exact,exact,f,f,0
B01-019,2026-09-09 08:50:04.865912+00,152644,1073,12,0,0,exact,exact,exact,exact,f,f,0
B01-019,2026-09-09 09:11:46.361976+00,153946,1076,12,0,0,exact,exact,exact,exact,f,f,0
B01-019,2026-09-09 09:22:13.539549+00,154573,1076,12,0,0,exact,exact,exact,exact,f,f,0
B01-019,2026-09-09 09:42:39.738413+00,155799,1081,12,0,0,exact,exact,exact,exact,f,f,0
B01-019,2026-09-09 09:53:05.9172+00,156425,1087,12,0,0,exact,exact,exact,exact,f,f,0
B01-019,2026-09-09 10:14:51.969767+00,157731,1092,12,0,0,exact,exact,exact,exact,f,f,0
B01-019,2026-09-09 10:25:06.182226+00,158346,1095,12,0,0,exact,exact,exact,exact,f,f,0
B01-019,2026-09-09 10:35:38.145077+00,158978,1104,12,0,0,exact,exact,exact,exact,f,f,0
B01-019,2026-09-09 10:55:54.316529+00,160194,1108,12,0,0,exact,exact,exact,exact,f,f,0
B01-019,2026-09-09 11:07:54.437946+00,160914,1114,12,0,0,exact,exact,exact,exact,f,f,0
B01-019,2026-09-09 11:29:10.058776+00,162190,1121,12,0,0,exact,exact,exact,exact,f,f,0
B01-019,2026-09-09 11:39:35.055324+00,162815,1125,12,0,0,exact,exact,exact,exact,f,f,0
B01-019,2026-09-09 11:59:56.133556+00,164036,1129,12,0,0,exact,exact,exact,exact,f,f,0
B01-019,2026-09-09 12:11:25.198691+00,164725,1132,12,0,0,exact,exact,exact,exact,f,f,0
B01-019,2026-09-09 12:21:55.817745+00,165355,1133,12,0,0,exact,exact,exact,exact,f,f,0
B01-019,2026-09-09 12:42:42.890711+00,166602,1143,12,0,0,exact,exact,exact,exact,f,f,0
B01-019,2026-09-09 12:53:12.632774+00,167232,1144,12,0,0,exact,exact,exact,exact,f,f,0
B01-019,2026-09-09 13:14:56.017407+00,168536,1149,12,0,0,exact,exact,exact,exact,f,f,0
B01-019,2026-09-09 13:25:10.157716+00,169150,1150,12,0,0,exact,exact,exact,exact,f,f,0
B01-019,2026-09-09 13:35:51.753122+00,169791,1151,12,0,0,exact,exact,exact,exact,f,f,0
B01-019,2026-09-09 13:56:38.860325+00,171038,1154,12,0,0,exact,exact,exact,exact,f,f,0
B01-019,2026-09-09 14:08:05.836091+00,171725,1156,12,0,0,exact,exact,exact,exact,f,f,0
B01-019,2026-09-09 14:28:26.016861+00,172946,1161,12,0,0,exact,exact,exact,exact,f,f,0
B01-019,2026-09-09 14:39:01.711017+00,173581,1163,12,0,0,exact,exact,exact,exact,f,f,0
B01-019,2026-09-09 14:59:52.430897+00,174832,1170,12,0,0,exact,exact,exact,exact,f,f,0
B01-019,2026-09-09 15:15:55.518547+00,175795,1173,12,0,0,exact,exact,exact,exact,f,f,0
B01-019,2026-09-09 15:26:31.457423+00,176431,1173,12,0,0,exact,exact,exact,exact,f,f,0
B01-019,2026-09-09 15:36:51.022775+00,177051,1175,12,0,0,exact,exact,exact,exact,f,f,0
B01-019,2026-09-09 15:58:49.841667+00,178369,1176,12,0,0,exact,exact,exact,exact,f,f,0
B01-019,2026-09-09 16:10:26.773823+00,179066,1181,12,0,0,exact,exact,exact,exact,f,f,0
B01-019,2026-09-09 16:21:05.358019+00,179705,1186,12,0,0,exact,exact,exact,exact,f,f,0
B01-019,2026-09-09 16:42:36.533801+00,180996,1190,12,0,0,exact,exact,exact,exact,f,f,0
B01-019,2026-09-09 16:52:48.451656+00,181608,1192,12,0,0,exact,exact,exact,exact,f,f,0
B01-019,2026-09-09 17:14:54.339925+00,182934,1194,12,0,0,exact,exact,exact,exact,f,f,0
B01-019,2026-09-09 17:25:11.457161+00,183551,1195,12,0,0,exact,exact,exact,exact,f,f,0
B01-019,2026-09-09 17:41:54.181839+00,184554,1198,12,0,0,exact,exact,exact,exact,f,f,0
B01-019,2026-09-09 17:53:02.984009+00,185222,1200,12,0,0,exact,exact,exact,exact,f,f,0
B01-019,2026-09-09 18:15:08.283775+00,186548,1204,12,0,0,exact,exact,exact,exact,f,f,0
B01-019,2026-09-09 18:25:49.372965+00,187189,1205,12,0,0,exact,exact,exact,exact,f,f,0
B01-019,2026-09-09 18:37:10.76391+00,187870,1205,12,0,0,exact,exact,exact,exact,f,f,0
B01-019,2026-09-09 18:57:53.329129+00,189113,1212,12,0,0,exact,exact,exact,exact,f,f,0
B01-019,2026-09-09 19:10:13.830522+00,189853,1215,12,0,0,exact,exact,exact,exact,f,f,0
B01-019,2026-09-09 19:20:22.09222+00,190462,1219,12,0,0,exact,exact,exact,exact,f,f,0
B01-019,2026-09-09 19:41:33.108724+00,191733,1224,12,0,0,exact,exact,exact,exact,f,f,0
B01-019,2026-09-09 19:52:11.205323+00,192371,1228,12,0,0,exact,exact,exact,exact,f,f,0
B01-019,2026-09-09 20:14:04.653513+00,193684,1237,12,0,0,exact,exact,exact,exact,f,f,0
B01-019,2026-09-09 20:24:26.874668+00,194306,1239,12,0,0,exact,exact,exact,exact,f,f,0
B01-019,2026-09-09 20:45:01.584949+00,195541,1245,12,0,0,exact,exact,exact,exact,f,f,0
B01-019,2026-09-09 20:55:03.642818+00,196143,1248,12,0,0,exact,exact,exact,exact,f,f,0
B01-019,2026-09-09 21:06:27.292811+00,196827,1250,12,0,0,exact,exact,exact,exact,f,f,0
B01-019,2026-09-09 21:26:28.044024+00,198028,1253,12,0,0,exact,exact,exact,exact,f,f,0
B01-019,2026-09-09 21:36:19.372595+00,198619,1255,12,0,0,exact,exact,exact,exact,f,f,0
B01-019,2026-09-09 21:57:12.730553+00,199872,1257,12,0,0,exact,exact,exact,exact,f,f,0
B01-019,2026-09-09 22:09:51.117642+00,200631,1257,12,0,0,exact,exact,exact,exact,f,f,0
B01-019,2026-09-09 22:20:13.65064+00,201253,1257,12,0,0,exact,exact,exact,exact,f,f,0
B01-019,2026-09-09 22:40:09.727781+00,202449,1261,12,0,0,exact,exact,exact,exact,f,f,0
B01-019,2026-09-09 22:50:29.226756+00,203069,1261,12,0,0,exact,exact,exact,exact,f,f,0
B01-019,2026-09-09 23:12:25.854468+00,204385,1262,12,0,0,exact,exact,exact,exact,f,f,0
B01-019,2026-09-09 23:22:52.582972+00,205012,1263,12,0,0,exact,exact,exact,exact,f,f,0
B01-019,2026-09-09 23:43:25.691738+00,206245,1265,12,0,0,exact,exact,exact,exact,f,f,0
B01-019,2026-09-09 23:54:06.602646+00,206886,1265,12,0,0,exact,exact,exact,exact,f,f,0
B01-019,2026-09-10 00:16:28.702629+00,208228,1266,12,0,0,exact,exact,exact,exact,f,f,0
B01-019,2026-09-10 00:27:00.360416+00,208860,1267,12,0,0,exact,exact,exact,exact,f,f,0
B01-019,2026-09-10 00:36:56.889653+00,209456,1269,12,0,0,exact,exact,exact,exact,f,f,0
B01-019,2026-09-10 00:57:01.660507+00,210661,1271,12,0,0,exact,exact,exact,exact,f,f,0
B01-019,2026-09-10 01:08:30.398642+00,211350,1271,12,0,0,exact,exact,exact,exact,f,f,0
B01-019,2026-09-10 01:28:49.941729+00,212569,1273,12,0,0,exact,exact,exact,exact,f,f,0
B01-019,2026-09-10 01:39:04.583513+00,213184,1273,12,0,0,exact,exact,exact,exact,f,f,0
B01-019,2026-09-10 01:59:10.437168+00,214390,1273,12,0,0,exact,exact,exact,exact,f,f,0
B01-019,2026-09-10 02:09:52.59467+00,215032,1273,12,0,0,exact,exact,exact,exact,f,f,0
B01-019,2026-09-10 02:20:35.035028+00,215675,1273,12,0,0,exact,exact,exact,exact,f,f,0
B01-019,2026-09-10 02:41:27.574274+00,216927,1273,12,0,0,exact,exact,exact,exact,f,f,0
B01-019,2026-09-10 02:51:36.12278+00,217536,1273,12,0,0,exact,exact,exact,exact,f,f,0
B01-019,2026-09-10 03:13:36.512269+00,218856,1273,12,0,0,exact,exact,exact,exact,f,f,0
B01-019,2026-09-10 03:24:03.531545+00,219483,1274,12,0,0,exact,exact,exact,exact,f,f,0
B01-019,2026-09-10 03:45:12.948452+00,220752,1275,12,0,0,exact,exact,exact,exact,f,f,0
B01-019,2026-09-10 03:56:31.076546+00,221431,1275,12,0,0,exact,exact,exact,exact,f,f,0
B01-019,2026-09-10 04:08:21.746289+00,222141,1276,12,0,0,exact,exact,exact,exact,f,f,0
B01-019,2026-09-10 04:29:51.555084+00,223431,1278,12,0,0,exact,exact,exact,exact,f,f,0
B01-019,2026-09-10 04:40:33.197793+00,224073,1278,12,0,0,exact,exact,exact,exact,f,f,0
B01-019,2026-09-10 04:51:00.964565+00,224700,1278,12,0,0,exact,exact,exact,exact,f,f,0
B01-019,2026-09-10 05:13:03.649451+00,226023,1282,12,0,0,exact,exact,exact,exact,f,f,0
B01-019,2026-09-10 05:23:16.589252+00,226636,1283,12,0,0,exact,exact,exact,exact,f,f,0
B01-019,2026-09-10 05:44:03.42459+00,227883,1284,12,0,0,exact,exact,exact,exact,f,f,0
B01-019,2026-09-10 05:54:49.708819+00,228529,1284,12,0,0,exact,exact,exact,exact,f,f,0
B01-019,2026-09-10 06:06:35.195465+00,229235,1285,12,0,0,exact,exact,exact,exact,f,f,0
B01-019,2026-09-10 06:27:42.348548+00,230502,1286,12,0,0,exact,exact,exact,exact,f,f,0
B01-019,2026-09-10 06:37:52.731566+00,231112,1290,12,0,0,exact,exact,exact,exact,f,f,0
B01-019,2026-09-10 06:58:38.46846+00,232358,1290,12,0,0,exact,exact,exact,exact,f,f,0
B01-019,2026-09-10 07:10:35.496093+00,233075,1291,12,0,0,exact,exact,exact,exact,f,f,0
B01-019,2026-09-10 07:21:23.517482+00,233723,1291,12,0,0,exact,exact,exact,exact,f,f,0
B01-019,2026-09-10 07:42:25.782462+00,234985,1292,12,0,0,exact,exact,exact,exact,f,f,0
B01-019,2026-09-10 07:52:41.657521+00,235601,1295,12,0,0,exact,exact,exact,exact,f,f,0
B01-019,2026-09-10 08:14:14.550946+00,236894,1296,12,0,0,exact,exact,exact,exact,f,f,0
B01-019,2026-09-10 08:25:18.377254+00,237558,1298,12,0,0,exact,exact,exact,exact,f,f,0
B01-019,2026-09-10 08:36:03.684527+00,238203,1300,12,0,0,exact,exact,exact,exact,f,f,0
B01-019,2026-09-10 08:57:15.451385+00,239475,1306,12,0,0,exact,exact,exact,exact,f,f,0
B01-019,2026-09-10 09:08:47.176725+00,240167,1309,12,0,0,exact,exact,exact,exact,f,f,0
B01-019,2026-09-10 09:29:39.688601+00,241419,1309,12,0,0,exact,exact,exact,exact,f,f,0
B01-019,2026-09-10 09:40:36.74182+00,242076,1309,12,0,0,exact,exact,exact,exact,f,f,0
B01-019,2026-09-10 09:51:18.503684+00,242718,1311,12,0,0,exact,exact,exact,exact,f,f,0
B01-019,2026-09-10 10:13:22.506841+00,244042,1315,12,0,0,exact,exact,exact,exact,f,f,0
B01-019,2026-09-10 10:23:31.005479+00,244651,1315,12,0,0,exact,exact,exact,exact,f,f,0
B01-019,2026-09-10 10:44:19.259138+00,245899,1318,12,0,0,exact,exact,exact,exact,f,f,0
B01-019,2026-09-10 10:54:57.00115+00,246537,1318,12,0,0,exact,exact,exact,exact,f,f,0
B01-019,2026-09-10 11:06:57.217754+00,247257,1318,12,0,0,exact,exact,exact,exact,f,f,0
B01-019,2026-09-10 11:27:57.252104+00,248517,1323,12,0,0,exact,exact,exact,exact,f,f,0
B01-019,2026-09-10 11:38:33.966466+00,249153,1324,12,0,0,exact,exact,exact,exact,f,f,0
B01-019,2026-09-10 12:00:06.566693+00,250446,1327,12,0,0,exact,exact,exact,exact,f,f,0
B01-019,2026-09-10 12:12:07.558297+00,251167,1327,12,0,0,exact,exact,exact,exact,f,f,0
B01-019,2026-09-10 12:23:02.770926+00,251822,1334,12,0,0,exact,exact,exact,exact,f,f,0
B01-019,2026-09-10 12:43:52.096142+00,253072,1339,12,0,0,exact,exact,exact,exact,f,f,0
B01-019,2026-09-10 12:54:01.534795+00,253681,1341,12,0,0,exact,exact,exact,exact,f,f,0
B01-019,2026-09-10 13:16:56.151954+00,255056,1344,12,0,0,exact,exact,exact,exact,f,f,0
B01-019,2026-09-10 13:27:41.635308+00,255701,1346,12,0,0,exact,exact,exact,exact,f,f,0
B01-019,2026-09-10 13:38:20.283786+00,256340,1347,12,0,0,exact,exact,exact,exact,f,f,0
B01-019,2026-09-10 13:59:48.364022+00,257628,1347,12,0,0,exact,exact,exact,exact,f,f,0
B01-019,2026-09-10 14:11:55.853454+00,258355,1347,12,0,0,exact,exact,exact,exact,f,f,0
B01-019,2026-09-10 14:22:43.613742+00,259003,1347,12,0,0,exact,exact,exact,exact,f,f,0
B01-019,2026-09-10 14:32:55.5786+00,259615,1350,12,0,0,exact,exact,exact,exact,f,f,0
B01-019,2026-09-10 14:43:42.060842+00,260262,1350,12,0,0,exact,exact,exact,exact,f,f,0
B01-019,2026-09-10 15:16:27.820286+00,262227,1352,12,0,0,exact,exact,exact,exact,f,f,0
B01-019,2026-09-10 15:38:19.479706+00,263539,1354,12,0,0,exact,exact,exact,exact,f,f,0
B01-019,2026-09-10 16:13:28.970881+00,265648,1358,12,0,0,exact,exact,exact,exact,f,f,0
B01-019,2026-09-10 16:38:19.633491+00,267139,1358,12,0,0,exact,exact,exact,exact,f,f,0
B01-019,2026-09-10 17:12:52.675743+00,269212,1361,12,0,0,exact,exact,exact,exact,f,f,0
B01-019,2026-09-10 17:45:07.317907+00,271147,1367,12,0,0,exact,exact,exact,exact,f,f,0
B01-019,2026-09-10 19:41:53.219038+00,278153,1391,12,0,0,exact,exact,exact,exact,f,f,1
B01-019,2026-09-10 19:59:04.73329+00,279184,1395,12,0,0,exact,exact,exact,exact,f,f,1
B01-019,2026-09-11 06:43:55.654201+00,317875,1421,12,0,0,exact,exact,exact,exact,f,f,0
B01-019,2026-09-11 07:55:44.029177+00,322184,1422,12,0,0,exact,exact,exact,exact,f,f,0
B01-019,2026-09-11 08:29:43.565545+00,324223,1423,12,0,0,exact,exact,exact,exact,f,f,0
B01-019,2026-09-11 09:03:37.586067+00,326257,1424,12,0,0,exact,exact,exact,exact,f,f,0
B01-019,2026-09-11 10:02:49.15279+00,329809,1426,12,0,0,exact,exact,exact,exact,f,f,1
B01-019,2026-09-11 10:28:02.218528+00,331322,1427,12,0,0,exact,exact,exact,exact,f,f,0
B01-019,2026-09-11 10:53:13.755057+00,332833,1431,12,0,0,exact,exact,exact,exact,f,f,0
B01-019,2026-09-11 11:52:08.84195+00,336368,1433,12,0,0,exact,exact,exact,exact,f,f,1
B01-019,2026-09-11 12:25:49.461384+00,338389,1434,12,0,0,exact,exact,exact,exact,f,f,0
B01-019,2026-09-11 12:35:10.0824+00,338950,1435,12,0,0,exact,exact,exact,exact,f,f,0
B01-019,2026-09-11 13:17:37.394026+00,341497,1439,13,0,0,exact,exact,exact,exact,f,f,1
B01-019,2026-09-11 13:34:52.268093+00,342532,1440,13,0,0,exact,exact,exact,exact,f,f,0
B01-019,2026-09-11 14:18:15.327062+00,345135,1443,13,0,0,exact,exact,exact,exact,f,f,0
B01-019,2026-09-11 14:50:53.398623+00,347093,1444,13,0,0,exact,exact,exact,exact,f,f,0
B01-019,2026-09-11 15:24:57.11708+00,349137,1445,13,0,0,exact,exact,exact,exact,f,f,0
B01-019,2026-09-11 15:58:50.570836+00,351170,1448,13,0,0,exact,exact,exact,exact,f,f,1
B01-019,2026-09-11 16:08:07.453279+00,351727,1451,13,0,0,exact,exact,exact,exact,f,f,0
B01-019,2026-09-11 16:59:44.715672+00,354824,1455,13,0,0,exact,exact,exact,exact,f,f,1
B01-019,2026-09-11 17:59:43.624911+00,358423,1457,13,0,0,exact,exact,exact,exact,f,f,0
B01-019,2026-09-11 18:25:46.957397+00,359986,1459,13,0,0,exact,exact,exact,exact,f,f,1
B01-019,2026-09-11 18:44:17.069649+00,361097,1463,13,0,0,exact,exact,exact,exact,f,f,1
B01-019,2026-09-11 19:31:26.071118+00,363926,1467,13,0,0,exact,exact,exact,exact,f,f,1
B01-019,2026-09-11 19:55:41.153051+00,365381,1468,13,0,0,exact,exact,exact,exact,f,f,0
B01-019,2026-09-11 20:18:14.767741+00,366734,1472,13,0,0,exact,exact,exact,exact,f,f,1
B01-019,2026-09-11 20:38:19.083179+00,367939,1475,13,0,0,exact,exact,exact,exact,f,f,0
B01-019,2026-09-11 22:03:25.279697+00,373045,1478,13,0,0,exact,exact,exact,exact,f,f,1
B01-019,2026-09-11 22:25:23.074566+00,374363,1479,13,0,0,exact,exact,exact,exact,f,f,0
B01-019,2026-09-12 03:05:28.39775+00,391168,1481,13,0,0,exact,exact,exact,exact,f,f,0
B01-019,2026-09-12 04:43:53.823984+00,397073,1482,13,0,0,exact,exact,exact,exact,f,f,0
B01-019,2026-09-12 05:24:14.864099+00,399494,1485,13,0,0,exact,exact,exact,exact,f,f,1
B01-019,2026-09-12 05:53:37.251244+00,401257,1487,13,0,0,exact,exact,exact,exact,f,f,1
B01-019,2026-09-12 07:23:34.534489+00,406654,1490,13,0,0,exact,exact,exact,exact,f,f,1
B01-019,2026-09-12 08:27:42.02306+00,410502,1492,13,0,0,exact,exact,exact,exact,f,f,0
B01-019,2026-09-12 09:30:35.922296+00,414275,1495,13,0,0,exact,exact,exact,exact,f,f,1
B01-019,2026-09-12 09:39:28.556724+00,414808,1497,13,0,0,exact,exact,exact,exact,f,f,0
B01-019,2026-09-12 10:51:11.670641+00,419111,1498,13,0,0,exact,exact,exact,exact,f,f,0
B01-019,2026-09-12 11:44:25.403681+00,422305,1500,13,0,0,exact,exact,exact,exact,f,f,1
B01-019,2026-09-12 12:28:39.032041+00,424959,1502,13,0,0,exact,exact,exact,exact,f,f,0
B01-019,2026-09-12 12:37:09.698383+00,425469,1503,13,0,0,exact,exact,exact,exact,f,f,0
B01-019,2026-09-12 14:16:07.908972+00,431407,1504,13,0,0,exact,exact,exact,exact,f,f,0
B01-019,2026-09-12 15:17:50.737396+00,435110,1505,13,0,0,exact,exact,exact,exact,f,f,0
B01-019,2026-09-12 16:29:08.751908+00,439388,1508,13,0,0,exact,exact,exact,exact,f,f,0
B01-019,2026-09-12 16:38:30.594633+00,439950,1509,13,0,0,exact,exact,exact,exact,f,f,0
B01-019,2026-09-12 17:24:06.24194+00,442686,1513,13,0,0,exact,exact,exact,exact,f,f,1
B01-019,2026-09-12 17:59:39.660623+00,444819,1516,13,0,0,exact,exact,exact,exact,f,f,1
B01-019,2026-09-12 18:08:14.721631+00,445334,1517,13,0,0,exact,exact,exact,exact,f,f,0
B01-019,2026-09-12 19:01:49.610722+00,448549,1520,13,0,0,exact,exact,exact,exact,f,f,0
B01-019,2026-09-12 19:28:10.773257+00,450130,1523,13,0,0,exact,exact,exact,exact,f,f,1
B01-019,2026-09-12 20:22:10.819875+00,453370,1533,13,0,0,exact,exact,exact,exact,f,f,1
B01-019,2026-09-12 21:06:45.349852+00,456045,1534,13,0,0,exact,exact,exact,exact,f,f,0
B01-019,2026-09-12 21:41:42.175417+00,458142,1535,13,0,0,exact,exact,exact,exact,f,f,0
B01-019,2026-09-12 23:11:16.621107+00,463516,1536,13,0,0,exact,exact,exact,exact,f,f,0
B01-019,2026-09-13 01:46:47.854245+00,472847,1537,13,0,0,exact,exact,exact,exact,f,f,0
B01-019,2026-09-13 06:43:36.573105+00,490656,1538,13,0,0,exact,exact,exact,exact,f,f,0
B01-019,2026-09-13 07:13:00.218372+00,492420,1539,13,0,0,exact,exact,exact,exact,f,f,0
B01-019,2026-09-13 07:40:16.094813+00,494056,1540,13,0,0,exact,exact,exact,exact,f,f,0
B01-019,2026-09-13 08:07:35.4584+00,495695,1541,13,0,0,exact,exact,exact,exact,f,f,0
B01-019,2026-09-13 09:04:35.411086+00,499115,1545,13,0,0,exact,exact,exact,exact,f,f,0
B01-019,2026-09-13 09:23:12.624251+00,500232,1546,13,0,0,exact,exact,exact,exact,f,f,0
B01-019,2026-09-13 09:50:39.235036+00,501879,1549,13,0,0,exact,exact,exact,exact,f,f,1
B01-019,2026-09-13 10:18:16.384753+00,503536,1552,13,0,0,exact,exact,exact,exact,f,f,1
B01-019,2026-09-13 10:36:06.638899+00,504606,1553,13,0,0,exact,exact,exact,exact,f,f,0
B01-019,2026-09-13 11:15:01.674556+00,506941,1556,13,0,0,exact,exact,exact,exact,f,f,0
B01-019,2026-09-13 11:51:45.907353+00,509145,1557,13,0,0,exact,exact,exact,exact,f,f,0
B01-019,2026-09-13 12:58:06.973117+00,513126,1559,13,0,0,exact,exact,exact,exact,f,f,0
B01-019,2026-09-13 13:26:27.952527+00,514827,1561,13,0,0,exact,exact,exact,exact,f,f,0
B01-019,2026-09-13 13:54:10.800174+00,516490,1565,13,0,0,exact,exact,exact,exact,f,f,1
B01-019,2026-09-13 14:23:37.627815+00,518257,1568,13,0,0,exact,exact,exact,exact,f,f,1
B01-019,2026-09-13 15:48:35.773158+00,523355,1569,13,0,0,exact,exact,exact,exact,f,f,0
B01-019,2026-09-13 16:53:14.667213+00,527234,1573,13,0,0,exact,exact,exact,exact,f,f,1
B01-019,2026-09-13 17:21:50.467507+00,528950,1575,13,0,0,exact,exact,exact,exact,f,f,1
B01-019,2026-09-13 17:40:25.627794+00,530065,1578,13,0,0,exact,exact,exact,exact,f,f,0
B01-019,2026-09-13 18:57:26.21101+00,534686,1581,13,0,0,exact,exact,exact,exact,f,f,1
B01-019,2026-09-13 19:25:40.317854+00,536380,1583,13,0,0,exact,exact,exact,exact,f,f,0
B01-019,2026-09-13 20:01:57.910283+00,538557,1586,13,0,0,exact,exact,exact,exact,f,f,1
B01-019,2026-09-13 20:18:39.736782+00,539559,1589,13,0,0,exact,exact,exact,exact,f,f,0
B01-019,2026-09-13 20:36:59.520831+00,540659,1591,13,0,0,exact,exact,exact,exact,f,f,0
B01-019,2026-09-13 21:16:50.147905+00,543050,1597,13,0,0,exact,exact,exact,exact,f,f,1
B01-019,2026-09-13 21:50:35.620273+00,545075,1600,13,0,0,exact,exact,exact,exact,f,f,0
B01-019,2026-09-14 00:00:09.807043+00,552849,1601,13,0,0,exact,exact,exact,exact,f,f,0
B01-019,2026-09-14 03:01:00.79705+00,563700,1602,13,0,0,exact,exact,exact,exact,f,f,0
B01-019,2026-09-14 03:21:48.714267+00,564948,1603,13,0,0,exact,exact,exact,exact,f,f,0
B01-019,2026-09-14 04:59:00.926659+00,570780,1604,13,0,0,exact,exact,exact,exact,f,f,0
B01-019,2026-09-14 05:32:40.104512+00,572800,1605,13,0,0,exact,exact,exact,exact,f,f,0
B01-019,2026-09-14 06:40:51.790447+00,576891,1607,13,0,0,exact,exact,exact,exact,f,f,0
B01-019,2026-09-14 08:00:57.967086+00,581697,1610,13,0,0,exact,exact,exact,exact,f,f,1
B01-019,2026-09-14 09:20:51.531981+00,586491,1612,13,0,0,exact,exact,exact,exact,f,f,1
B01-019,2026-09-14 09:55:45.076657+00,588585,1613,13,0,0,exact,exact,exact,exact,f,f,0
B01-019,2026-09-14 10:19:21.027359+00,590001,1616,14,0,0,exact,exact,exact,exact,f,f,1
B01-019,2026-09-14 11:04:10.364229+00,592690,1618,14,0,0,exact,exact,exact,exact,f,f,0
B01-019,2026-09-14 11:38:24.744126+00,594744,1621,14,0,0,exact,exact,exact,exact,f,f,0
B01-019,2026-09-14 12:31:18.022776+00,597918,1622,14,0,0,exact,exact,exact,exact,f,f,0
B01-019,2026-09-14 13:53:34.362068+00,602854,1626,14,0,0,exact,exact,exact,exact,f,f,1
B01-019,2026-09-14 14:45:39.393114+00,605979,1627,14,0,0,exact,exact,exact,exact,f,f,0
B01-019,2026-09-14 15:53:34.738869+00,610054,1628,14,0,0,exact,exact,exact,exact,f,f,0
B01-019,2026-09-14 17:30:18.191586+00,615858,1629,14,0,0,exact,exact,exact,exact,f,f,0
B01-019,2026-09-14 18:05:30.690495+00,617970,1630,14,0,0,exact,exact,exact,exact,f,f,0
B01-019,2026-09-14 20:02:29.897257+00,624989,1631,14,0,0,exact,exact,exact,exact,f,f,0
B01-019,2026-09-14 20:42:04.397987+00,627364,1634,14,0,0,exact,exact,exact,exact,f,f,1
B01-019,2026-09-14 21:52:07.309088+00,631567,1635,14,0,0,exact,exact,exact,exact,f,f,0
B01-019,2026-09-15 06:40:38.349124+00,663278,1637,14,0,0,exact,exact,exact,exact,f,f,1
B01-019,2026-09-15 07:30:42.611892+00,666282,1638,14,0,0,exact,exact,exact,exact,f,f,0
B01-019,2026-09-15 08:10:54.694555+00,668694,1641,14,0,0,exact,exact,exact,exact,f,f,1
B01-019,2026-09-15 09:20:47.361316+00,672887,1644,14,0,0,exact,exact,exact,exact,f,f,1
B01-019,2026-09-15 10:45:42.643076+00,677982,1649,14,0,0,exact,exact,exact,exact,f,f,1
B01-019,2026-09-15 12:45:48.326594+00,685188,1652,14,0,0,exact,exact,exact,exact,f,f,1
B01-019,2026-09-15 13:10:58.490476+00,686698,1653,14,0,0,exact,exact,exact,exact,f,f,0
B01-019,2026-09-15 15:25:51.661165+00,694791,1654,14,0,0,exact,exact,exact,exact,f,f,0
B01-019,2026-09-15 16:20:55.677233+00,698095,1656,14,0,0,exact,exact,exact,exact,f,f,0
B01-019,2026-09-15 17:25:50.821957+00,701990,1659,14,0,0,exact,exact,exact,exact,f,f,0
B01-019,2026-09-15 18:45:45.966328+00,706785,1660,14,0,0,exact,exact,exact,exact,f,f,0
B01-019,2026-09-15 19:30:48.844676+00,709488,1661,14,0,0,exact,exact,exact,exact,f,f,0
B01-019,2026-09-15 20:30:50.359774+00,713090,1665,14,0,0,exact,exact,exact,exact,f,f,1
B01-019,2026-09-15 22:00:39.102236+00,718479,1668,14,0,0,exact,exact,exact,exact,f,f,1
B01-019,2026-09-15 22:56:39.275964+00,721839,1671,14,0,0,exact,exact,exact,exact,f,f,1
B01-019,2026-09-15 23:15:56.249773+00,722996,1672,14,0,0,exact,exact,exact,exact,f,f,0
B01-019,2026-09-16 03:11:15.693192+00,737115,1673,14,0,0,exact,exact,exact,exact,f,f,0
B01-019,2026-09-16 06:46:31.103839+00,750031,1674,14,0,0,exact,exact,exact,exact,f,f,0
B01-019,2026-09-16 07:41:39.90262+00,753339,1675,14,0,0,exact,exact,exact,exact,f,f,0
B01-019,2026-09-16 08:51:38.971753+00,757538,1677,14,0,0,exact,exact,exact,exact,f,f,0
B01-019,2026-09-16 11:56:41.259143+00,768641,1680,14,0,0,exact,exact,exact,exact,f,f,1
B01-019,2026-09-16 12:51:32.599356+00,771932,1681,14,0,0,exact,exact,exact,exact,f,f,0
B01-019,2026-09-16 14:02:18.500753+00,776178,1687,14,0,0,exact,exact,exact,exact,f,f,1
B01-019,2026-09-16 15:01:43.274204+00,779743,1691,14,0,0,exact,exact,exact,exact,f,f,1
B01-019,2026-09-16 15:16:43.725773+00,780643,1692,14,0,0,exact,exact,exact,exact,f,f,0
B01-019,2026-09-16 17:46:37.708037+00,789637,1694,14,0,0,exact,exact,exact,exact,f,f,1
B01-019,2026-09-16 18:46:38.535005+00,793238,1696,14,0,0,exact,exact,exact,exact,f,f,1
B01-019,2026-09-16 19:07:06.388706+00,794466,1697,14,0,0,exact,exact,exact,exact,f,f,0
B01-019,2026-09-16 20:41:27.343141+00,800127,1700,14,0,0,exact,exact,exact,exact,f,f,1
B01-019,2026-09-16 21:55:58.397253+00,804598,1703,14,0,0,exact,exact,exact,exact,f,f,1
B01-019,2026-09-17 09:26:45.632755+00,846045,1705,14,0,0,exact,exact,exact,exact,f,f,1
B01-019,2026-09-17 10:51:45.528452+00,851145,1706,14,0,0,exact,exact,exact,exact,f,f,0
B01-019,2026-09-17 14:25:48.558094+00,863988,1707,14,0,0,exact,exact,exact,exact,f,f,0
B01-019,2026-09-17 16:55:42.362263+00,872982,1708,14,0,0,exact,exact,exact,exact,f,f,0
B01-019,2026-09-17 17:10:46.982775+00,873886,1709,14,0,0,exact,exact,exact,exact,f,f,0
B01-019,2026-09-17 18:40:45.381009+00,879285,1710,14,0,0,exact,exact,exact,exact,f,f,0
B01-019,2026-09-17 19:15:46.683256+00,881386,1711,14,0,0,exact,exact,exact,exact,f,f,0
B01-019,2026-09-17 21:55:37.139511+00,890977,1712,14,0,0,exact,exact,exact,exact,f,f,0
B01-019,2026-09-17 22:40:39.040182+00,893679,1713,14,0,0,exact,exact,exact,exact,f,f,0
B01-019,2026-09-18 04:50:59.449515+00,915899,1714,14,0,0,exact,exact,exact,exact,f,f,0
B01-019,2026-09-18 06:41:24.199135+00,922524,1717,14,0,0,exact,exact,exact,exact,f,f,0
B01-019,2026-09-18 07:16:14.840746+00,924614,1719,14,0,0,exact,exact,exact,exact,f,f,0
B01-019,2026-09-18 09:46:12.893998+00,933612,1720,14,0,0,exact,exact,exact,exact,f,f,0
B01-019,2026-09-18 11:16:22.721523+00,939022,1721,14,0,0,exact,exact,exact,exact,f,f,0
B01-019,2026-09-18 13:51:17.533896+00,948317,1722,14,0,0,exact,exact,exact,exact,f,f,0
B01-019,2026-09-18 14:16:30.239493+00,949830,1723,14,0,0,exact,exact,exact,exact,f,f,0
B01-019,2026-09-18 15:41:37.150223+00,954937,1725,14,0,0,exact,exact,exact,exact,f,f,1
B01-019,2026-09-18 16:31:38.95761+00,957938,1726,14,0,0,exact,exact,exact,exact,f,f,0
B01-019,2026-09-18 17:41:35.462482+00,962135,1727,14,0,0,exact,exact,exact,exact,f,f,0
B01-019,2026-09-18 18:11:43.181972+00,963943,1729,14,0,0,exact,exact,exact,exact,f,f,1
B01-019,2026-09-18 20:50:35.994339+00,973475,1733,14,0,0,exact,exact,exact,exact,f,f,1
B01-019,2026-09-18 21:35:38.448996+00,976178,1734,14,0,0,exact,exact,exact,exact,f,f,0
B01-019,2026-09-18 22:55:46.371813+00,980986,1735,14,0,0,exact,exact,exact,exact,f,f,0
B01-019,2026-09-19 06:25:46.414251+00,1007986,1739,14,0,0,exact,exact,exact,exact,f,f,1
B01-019,2026-09-19 08:10:46.105305+00,1014286,1741,14,0,0,exact,exact,exact,exact,f,f,0
B01-019,2026-09-19 14:55:44.256966+00,1038584,1742,14,0,0,exact,exact,exact,exact,f,f,0
B01-019,2026-09-19 17:15:50.135893+00,1046990,1743,14,0,0,exact,exact,exact,exact,f,f,0
B01-019,2026-09-19 19:50:47.326762+00,1056287,1748,14,0,0,exact,exact,exact,exact,f,f,1
B01-019,2026-09-19 22:00:37.82897+00,1064077,1751,14,0,0,exact,exact,exact,exact,f,f,1
B01-019,2026-09-20 04:15:42.68228+00,1086582,1752,14,0,0,exact,exact,exact,exact,f,f,0
B01-019,2026-09-20 05:35:45.31689+00,1091385,1753,14,0,0,exact,exact,exact,exact,f,f,0
B01-019,2026-09-20 07:00:49.181482+00,1096489,1753,,0,0,exact,suspected_reset,exact,exact,f,f,0
B01-019,2026-09-20 07:35:54.597105+00,1098594,1754,14,0,0,exact,exact,exact,exact,f,f,1
B01-019,2026-09-20 09:55:52.131716+00,1106992,1755,14,0,0,exact,exact,exact,exact,f,f,0
B01-019,2026-09-20 10:05:59.709444+00,1107599,1756,14,0,0,exact,exact,exact,exact,f,f,0
B01-019,2026-09-20 15:35:57.935777+00,1127397,1757,14,0,0,exact,exact,exact,exact,f,f,0
B01-019,2026-09-20 19:25:58.655049+00,1141198,1759,14,0,0,exact,exact,exact,exact,f,f,1
B01-019,2026-09-20 22:50:38.011296+00,1153478,1762,14,0,0,exact,exact,exact,exact,f,f,1
B01-019,2026-09-21 05:05:17.364215+00,1175957,1765,14,0,0,exact,exact,exact,exact,f,f,1
B01-019,2026-09-21 05:11:01.982107+00,1176301,1766,14,0,0,exact,exact,exact,exact,f,f,0
B01-019,2026-09-21 10:44:03.323393+00,1196283,1770,14,0,0,exact,exact,exact,exact,f,f,1
B01-019,2026-09-21 12:11:13.064215+00,1201513,1771,14,0,0,exact,exact,exact,exact,f,f,0
B01-019,2026-09-21 13:59:33.055022+00,1208013,1772,14,0,0,exact,exact,exact,exact,f,f,0
B01-019,2026-09-21 15:55:02.199583+00,1214942,1776,14,0,0,exact,exact,exact,exact,f,f,1
B01-019,2026-09-21 16:22:00.999951+00,1216560,1777,14,0,0,exact,exact,exact,exact,f,f,0
B01-019,2026-09-21 21:38:54.520494+00,1235574,1781,14,0,0,exact,exact,exact,exact,f,f,1
B01-019,2026-09-21 22:56:19.170294+00,1240219,1782,14,0,0,exact,exact,exact,exact,f,f,0
B01-019,2026-09-22 05:16:51.110635+00,1263051,1783,14,0,0,exact,exact,exact,exact,f,f,0
B01-019,2026-09-22 06:27:03.205097+00,1267263,1784,14,0,0,exact,exact,exact,exact,f,f,0
B01-019,2026-09-22 08:11:51.567588+00,1273551,1785,14,0,0,exact,exact,exact,exact,f,f,0
B01-019,2026-09-22 09:24:02.325117+00,1277882,1786,14,0,0,exact,exact,exact,exact,f,f,0
B01-019,2026-09-22 13:40:00.076457+00,1293240,1788,14,0,0,exact,exact,exact,exact,f,f,1
B01-019,2026-09-22 15:41:42.105741+00,1300542,1789,14,0,0,exact,exact,exact,exact,f,f,0
B01-019,2026-09-22 16:16:54.062991+00,1302654,1790,14,0,0,exact,exact,exact,exact,f,f,0
B01-019,2026-09-22 17:51:40.263098+00,1308340,1792,14,0,0,exact,exact,exact,exact,f,f,1
B01-019,2026-09-22 20:00:55.277766+00,1316095,1793,14,0,0,exact,exact,exact,exact,f,f,0
B01-019,2026-09-22 21:00:46.512093+00,1319686,1794,14,0,0,exact,exact,exact,exact,f,f,0
B01-019,2026-09-22 22:10:47.083033+00,1323887,1796,14,0,0,exact,exact,exact,exact,f,f,0
B01-019,2026-09-23 00:50:41.038782+00,1333481,1797,14,0,0,exact,exact,exact,exact,f,f,0
B01-019,2026-09-23 07:55:44.49714+00,1358984,1799,14,0,0,exact,exact,exact,exact,f,f,0
B01-019,2026-09-23 11:50:55.920703+00,1373095,1800,14,0,0,exact,exact,exact,exact,f,f,0
B01-019,2026-09-23 12:50:50.564424+00,1376690,1803,14,0,0,exact,exact,exact,exact,f,f,1
B01-019,2026-09-23 14:00:49.277437+00,1380889,1804,14,0,0,exact,exact,exact,exact,f,f,0
B01-019,2026-09-23 14:25:56.33413+00,1382396,1806,14,0,0,exact,exact,exact,exact,f,f,0
B01-019,2026-09-23 15:50:47.555046+00,1387487,1808,14,0,0,exact,exact,exact,exact,f,f,1
B01-019,2026-09-23 16:05:51.468743+00,1388391,1809,14,0,0,exact,exact,exact,exact,f,f,0
B01-019,2026-09-23 17:35:50.677412+00,1393790,1810,14,0,0,exact,exact,exact,exact,f,f,0
B01-019,2026-09-23 19:15:56.693053+00,1399796,1811,14,0,0,exact,exact,exact,exact,f,f,0
B01-019,2026-09-24 01:50:40.938805+00,1423480,1812,14,0,0,exact,exact,exact,exact,f,f,0
B01-019,2026-09-24 09:40:56.401596+00,1451696,1812,14,0,0,exact,exact,exact,exact,f,f,1
B01-019,2026-09-24 12:45:52.438785+00,1462792,1814,14,0,0,exact,exact,exact,exact,f,f,1
B01-019,2026-09-24 14:00:49.517478+00,1467289,1816,14,0,0,exact,exact,exact,exact,f,f,1
B01-019,2026-09-25 09:00:47.23735+00,1535687,1817,14,0,0,exact,exact,exact,exact,f,f,0
B01-019,2026-09-25 10:00:47.8394+00,1539287,1818,14,0,0,exact,exact,exact,exact,f,f,0
B01-019,2026-09-25 18:00:50.037165+00,1568090,1820,14,0,0,exact,exact,exact,exact,f,f,1
B01-019,2026-09-25 19:00:48.109768+00,1571688,1821,14,0,0,exact,exact,exact,exact,f,f,0
B01-020,2026-09-19 14:55:54.020432+00,724410,1365,13,,,exact,exact,unknown,unknown,f,f,1
B01-020,2026-09-19 15:45:56.689764+00,727413,1369,13,,,exact,exact,unknown,unknown,f,f,1
B01-020,2026-09-19 19:35:55.697409+00,741212,1370,13,,,exact,exact,unknown,unknown,f,f,0
B01-020,2026-09-19 20:10:57.908617+00,743314,1371,13,,,exact,exact,unknown,unknown,f,f,0
B01-020,2026-09-19 21:20:58.267516+00,747515,1372,13,,,exact,exact,unknown,unknown,f,f,0
B01-020,2026-09-20 05:45:58.787243+00,777815,1373,13,,,exact,exact,unknown,unknown,f,f,0
B01-020,2026-09-20 06:26:02.041117+00,780219,1374,13,,,exact,exact,unknown,unknown,f,f,0
B01-020,2026-09-20 07:36:00.013095+00,784416,1376,13,,,exact,exact,unknown,unknown,f,f,1
B01-020,2026-09-20 08:30:55.404366+00,787712,1377,13,,,exact,exact,unknown,unknown,f,f,0
B01-020,2026-09-20 10:50:58.94265+00,796115,1378,13,,,exact,exact,unknown,unknown,f,f,0
B01-020,2026-09-20 15:05:58.409046+00,811415,1380,13,,,exact,exact,unknown,unknown,f,f,1
B01-020,2026-09-20 18:20:55.620317+00,823112,1381,13,,,exact,exact,unknown,unknown,f,f,0
B01-020,2026-09-20 23:25:53.274609+00,841410,1382,13,,,exact,exact,unknown,unknown,f,f,0
B01-020,2026-09-21 02:20:56.041848+00,851913,1383,13,,,exact,exact,unknown,unknown,f,f,0
B01-020,2026-09-21 06:01:13.571374+00,865130,1385,13,,,exact,exact,unknown,unknown,f,f,1
B01-020,2026-09-21 08:40:25.608717+00,874682,1388,13,,,exact,exact,unknown,unknown,f,f,1
B01-020,2026-09-21 09:56:56.789496+00,879273,1390,13,,,exact,exact,unknown,unknown,f,f,1
B01-020,2026-09-21 10:56:21.816275+00,882838,1392,13,,,exact,exact,unknown,unknown,f,f,1
B01-020,2026-09-21 11:20:08.997286+00,884265,1393,13,,,exact,exact,unknown,unknown,f,f,0
B01-020,2026-09-21 12:24:02.520796+00,888099,1394,13,,,exact,exact,unknown,unknown,f,f,0
B01-020,2026-09-21 16:00:25.253094+00,901082,1396,13,,,exact,exact,unknown,unknown,f,f,0
B01-020,2026-09-21 20:21:33.931939+00,916750,1398,13,,,exact,exact,unknown,unknown,f,f,1
B01-020,2026-09-22 00:47:07.249485+00,932684,1399,13,,,exact,exact,unknown,unknown,f,f,0
B01-020,2026-09-22 05:47:16.554619+00,950693,1400,13,,,exact,exact,unknown,unknown,f,f,0
B01-020,2026-09-22 11:14:50.881591+00,970347,1401,13,,,exact,exact,unknown,unknown,f,f,0
B01-020,2026-09-22 12:28:38.88226+00,974775,1403,13,,,exact,exact,unknown,unknown,f,f,1
B01-020,2026-09-23 00:56:03.686614+00,1019620,1404,13,,,exact,exact,unknown,unknown,f,f,0
B01-020,2026-09-23 05:46:06.634158+00,1037023,1405,13,,,exact,exact,unknown,unknown,f,f,0
B01-020,2026-09-23 06:41:09.643941+00,1040326,1406,13,,,exact,exact,unknown,unknown,f,f,0
B01-020,2026-09-23 09:31:05.244085+00,1050522,1407,13,,,exact,exact,unknown,unknown,f,f,0
B01-020,2026-09-23 11:21:28.818769+00,1057145,1408,13,,,exact,exact,unknown,unknown,f,f,0
B01-020,2026-09-23 13:51:09.596833+00,1066126,1409,13,,,exact,exact,unknown,unknown,f,f,0
B01-020,2026-09-23 15:26:13.253883+00,1071830,1410,13,,,exact,exact,unknown,unknown,f,f,0
B01-020,2026-09-23 16:01:06.867939+00,1073923,1411,13,,,exact,exact,unknown,unknown,f,f,0
B01-020,2026-09-24 05:51:05.659782+00,1123722,1412,13,,,exact,exact,unknown,unknown,f,f,0
B01-020,2026-09-24 08:16:16.127195+00,1132433,1413,13,,,exact,exact,unknown,unknown,f,f,0
B01-020,2026-09-24 09:21:20.489901+00,1136337,1414,13,,,exact,exact,unknown,unknown,f,f,0
B01-020,2026-09-25 05:21:44.772967+00,1208361,1415,13,,,exact,exact,unknown,unknown,f,f,0
B01-020,2026-09-25 06:01:38.427379+00,1210755,1416,13,,,exact,exact,unknown,unknown,f,f,0
B01-020,2026-09-25 10:46:12.500027+00,1227829,1417,13,,,exact,exact,unknown,unknown,f,f,0
B01-020,2026-09-25 20:41:08.176096+00,1263525,1418,13,,,exact,exact,unknown,unknown,f,f,0
B01-021,2026-09-09 10:57:57.707372+00,659,1,0,0,,exact,exact,exact,unknown,f,f,0
B01-021,2026-09-09 12:10:03.305597+00,4985,1,0,0,,exact,exact,exact,unknown,f,f,0
B01-021,2026-09-09 13:23:39.594573+00,9401,1,0,0,,exact,exact,exact,unknown,f,f,0
B01-021,2026-09-09 14:35:56.648761+00,13738,2,0,0,,exact,exact,exact,unknown,f,f,0
B01-021,2026-09-09 15:48:45.176224+00,18107,2,0,0,,exact,exact,exact,unknown,f,f,0
B01-021,2026-09-09 17:02:34.214243+00,22536,2,0,0,,exact,exact,exact,unknown,f,f,0
B01-021,2026-09-09 18:21:33.009124+00,27275,2,0,0,,exact,exact,exact,unknown,f,f,0
B01-021,2026-09-09 20:37:11.14682+00,35413,4,0,0,,exact,exact,exact,unknown,f,f,0
B01-021,2026-09-09 21:48:26.673358+00,39688,4,0,0,,exact,exact,exact,unknown,f,f,0
B01-021,2026-09-09 23:00:11.340152+00,43993,4,0,0,,exact,exact,exact,unknown,f,f,0
B01-021,2026-09-10 00:11:24.140576+00,48266,4,0,0,,exact,exact,exact,unknown,f,f,0
B01-021,2026-09-10 01:22:48.61132+00,52550,4,0,0,,exact,exact,exact,unknown,f,f,0
B01-021,2026-09-10 02:33:55.887118+00,56817,4,0,0,,exact,exact,exact,unknown,f,f,0
B01-021,2026-09-10 03:44:58.744926+00,61080,5,0,0,,exact,exact,exact,unknown,f,f,0
B01-021,2026-09-10 04:56:40.54325+00,65382,5,0,0,,exact,exact,exact,unknown,f,f,0
B01-021,2026-09-10 06:07:59.623093+00,69661,7,0,0,,exact,exact,exact,unknown,f,f,0
B01-021,2026-09-10 08:20:22.554067+00,77604,7,0,0,,exact,exact,exact,unknown,f,f,0
B01-021,2026-09-10 09:34:09.473608+00,82031,8,0,0,,exact,exact,exact,unknown,f,f,0
B01-021,2026-09-10 11:47:01.217949+00,90003,495,75,0,,exact,exact,exact,unknown,f,f,0
B01-021,2026-09-10 13:00:35.125268+00,94417,496,75,0,,exact,exact,exact,unknown,f,f,0
B01-021,2026-09-10 15:15:45.863455+00,102527,499,76,1,,exact,exact,exact,unknown,f,f,0
B01-021,2026-09-10 16:28:32.121749+00,106894,500,76,1,,exact,exact,exact,unknown,f,f,0
B01-021,2026-09-10 17:42:45.291154+00,111347,500,76,1,,exact,exact,exact,unknown,f,f,0
B01-021,2026-09-10 19:39:54.061883+00,118376,500,76,1,,exact,exact,exact,unknown,f,f,0
B01-021,2026-09-11 12:27:14.799609+00,178816,501,76,1,,exact,exact,exact,unknown,f,f,0
B01-021,2026-09-11 21:06:17.534987+00,209959,502,76,1,,exact,exact,exact,unknown,f,f,0
B01-021,2026-09-12 19:26:47.350479+00,290389,503,76,1,,exact,exact,exact,unknown,f,f,0
B01-021,2026-09-13 19:39:35.005304+00,377557,505,76,1,,exact,exact,exact,unknown,f,f,1
B01-021,2026-09-14 04:49:32.329146+00,410554,506,76,1,,exact,exact,exact,unknown,f,f,0
B01-021,2026-09-14 08:16:36.398833+00,422978,507,76,1,,exact,exact,exact,unknown,f,f,0
B01-021,2026-09-14 20:16:48.114471+00,466190,508,76,1,,exact,exact,exact,unknown,f,f,0
B01-021,2026-09-15 20:25:54.040255+00,553136,508,76,1,,exact,exact,exact,unknown,f,f,0
B01-021,2026-09-16 08:40:12.74512+00,597194,509,76,1,,exact,exact,exact,unknown,f,f,0
B01-021,2026-09-16 16:08:29.924167+00,624091,511,76,2,,exact,exact,exact,unknown,f,f,1
B01-021,2026-09-16 20:00:45.383616+00,638027,512,76,2,,exact,exact,exact,unknown,f,f,0
B01-021,2026-09-17 11:42:31.667695+00,694533,676,76,2,,exact,exact,exact,unknown,f,f,1
B01-021,2026-09-17 18:15:27.134792+00,718109,677,76,2,,exact,exact,exact,unknown,f,f,0
B01-021,2026-09-18 15:15:34.462829+00,793716,678,76,2,,exact,exact,exact,unknown,f,f,0
B01-021,2026-09-19 01:15:27.181423+00,829709,679,76,2,,exact,exact,exact,unknown,f,f,0
B01-021,2026-09-19 20:15:20.136433+00,898102,680,76,2,,exact,exact,exact,unknown,f,f,0
B01-021,2026-09-20 21:15:18.874968+00,988100,680,76,2,,exact,exact,exact,unknown,f,f,0
B01-021,2026-09-21 08:23:18.627143+00,1028180,681,76,2,,exact,exact,exact,unknown,f,f,0
B01-021,2026-09-22 09:15:13.943795+00,1117695,681,76,2,,exact,exact,exact,unknown,f,f,0
B01-021,2026-09-22 12:15:32.20289+00,1128514,682,76,2,,exact,exact,exact,unknown,f,f,0
B01-021,2026-09-23 13:15:46.11668+00,1218528,682,76,2,,exact,exact,exact,unknown,f,f,0
B01-021,2026-09-24 04:15:27.31124+00,1272509,683,76,2,,exact,exact,exact,unknown,f,f,0
B01-021,2026-09-24 17:15:42.534688+00,1319324,684,76,2,,exact,exact,exact,unknown,f,f,0
B01-021,2026-09-25 22:15:20.010165+00,1423702,686,76,2,,exact,exact,exact,unknown,f,f,1
B01-022,2026-09-09 11:35:20.473045+00,109,12,1,,,exact,exact,unknown,unknown,f,f,0
B01-022,2026-09-09 11:41:59.596137+00,509,26,1,,,exact,exact,unknown,unknown,f,f,0
B01-022,2026-09-09 11:48:42.897153+00,912,42,2,,,exact,exact,unknown,unknown,f,f,0
B01-022,2026-09-09 11:55:15.126487+00,1304,52,2,,,exact,exact,unknown,unknown,f,f,0
B01-022,2026-09-09 12:02:12.25508+00,1721,64,2,,,exact,exact,unknown,unknown,f,f,0
B01-022,2026-09-09 12:09:10.107883+00,2139,74,2,,,exact,exact,unknown,unknown,f,f,0
B01-022,2026-09-09 12:15:46.360944+00,2535,84,2,,,exact,exact,unknown,unknown,f,f,0
B01-022,2026-09-09 12:22:37.071425+00,2946,92,2,,,exact,exact,unknown,unknown,f,f,0
B01-022,2026-09-09 12:29:26.662793+00,3356,97,2,,,exact,exact,unknown,unknown,f,f,0
B01-022,2026-09-09 12:36:02.449714+00,3751,106,2,,,exact,exact,unknown,unknown,f,f,0
B01-022,2026-09-09 12:42:42.068262+00,4151,114,2,,,exact,exact,unknown,unknown,f,f,0
B01-022,2026-09-09 12:49:35.860273+00,4565,118,2,,,exact,exact,unknown,unknown,f,f,0
B01-022,2026-09-09 12:56:05.36055+00,4954,121,2,,,exact,exact,unknown,unknown,f,f,0
B01-022,2026-09-09 13:03:33.969365+00,5403,122,2,,,exact,exact,unknown,unknown,f,f,0
B01-022,2026-09-09 13:10:34.708277+00,5824,127,2,,,exact,exact,unknown,unknown,f,f,0
B01-022,2026-09-09 13:17:04.045013+00,6213,128,2,,,exact,exact,unknown,unknown,f,f,0
B01-022,2026-09-09 13:28:39.240635+00,6908,132,2,,,exact,exact,unknown,unknown,f,f,0
B01-022,2026-09-09 13:35:42.230805+00,7331,136,2,,,exact,exact,unknown,unknown,f,f,0
B01-022,2026-09-09 13:42:36.732171+00,7746,138,2,,,exact,exact,unknown,unknown,f,f,0
B01-022,2026-09-09 13:49:08.299439+00,8137,141,2,,,exact,exact,unknown,unknown,f,f,0
B01-022,2026-09-09 13:55:46.423036+00,8535,147,2,,,exact,exact,unknown,unknown,f,f,0
B01-022,2026-09-09 14:03:02.444671+00,8971,149,2,,,exact,exact,unknown,unknown,f,f,0
B01-022,2026-09-09 14:09:55.032046+00,9384,153,2,,,exact,exact,unknown,unknown,f,f,0
B01-022,2026-09-09 14:16:40.021879+00,9789,155,2,,,exact,exact,unknown,unknown,f,f,0
B01-022,2026-09-09 14:23:14.409031+00,10183,155,2,,,exact,exact,unknown,unknown,f,f,0
B01-022,2026-09-09 14:29:37.194206+00,10566,156,2,,,exact,exact,unknown,unknown,f,f,0
B01-022,2026-09-09 14:36:27.743343+00,10977,157,2,,,exact,exact,unknown,unknown,f,f,0
B01-022,2026-09-09 14:43:08.519407+00,11378,159,2,,,exact,exact,unknown,unknown,f,f,0
B01-022,2026-09-09 14:49:55.736804+00,11785,161,2,,,exact,exact,unknown,unknown,f,f,0
B01-022,2026-09-09 14:56:38.735515+00,12188,161,2,,,exact,exact,unknown,unknown,f,f,0
B01-022,2026-09-09 15:03:42.319612+00,12611,162,2,,,exact,exact,unknown,unknown,f,f,0
B01-022,2026-09-09 15:10:18.041725+00,13007,162,2,,,exact,exact,unknown,unknown,f,f,0
B01-022,2026-09-09 15:17:04.649129+00,13414,164,2,,,exact,exact,unknown,unknown,f,f,0
B01-022,2026-09-09 15:23:44.841412+00,13814,166,2,,,exact,exact,unknown,unknown,f,f,0
B01-022,2026-09-09 15:30:13.235114+00,14202,168,2,,,exact,exact,unknown,unknown,f,f,0
B01-022,2026-09-09 15:37:05.276108+00,14614,169,2,,,exact,exact,unknown,unknown,f,f,0
B01-022,2026-09-09 15:44:11.288041+00,15040,169,2,,,exact,exact,unknown,unknown,f,f,0
B01-022,2026-09-09 15:51:03.92335+00,15453,169,2,,,exact,exact,unknown,unknown,f,f,0
B01-022,2026-09-09 15:57:59.339632+00,15868,169,2,,,exact,exact,unknown,unknown,f,f,0
B01-022,2026-09-09 16:05:33.737728+00,16323,169,2,,,exact,exact,unknown,unknown,f,f,0
B01-022,2026-09-09 16:12:28.23443+00,16737,171,2,,,exact,exact,unknown,unknown,f,f,0
B01-022,2026-09-09 16:19:13.823072+00,17143,171,2,,,exact,exact,unknown,unknown,f,f,0
B01-022,2026-09-09 16:25:47.875347+00,17537,173,2,,,exact,exact,unknown,unknown,f,f,0
B01-022,2026-09-09 16:32:39.806205+00,17949,175,2,,,exact,exact,unknown,unknown,f,f,0
B01-022,2026-09-09 16:39:32.422744+00,18361,176,2,,,exact,exact,unknown,unknown,f,f,0
B01-022,2026-09-09 16:46:15.609994+00,18765,176,2,,,exact,exact,unknown,unknown,f,f,0
B01-022,2026-09-09 16:53:05.167719+00,19174,177,2,,,exact,exact,unknown,unknown,f,f,0
B01-022,2026-09-09 16:59:45.881629+00,19575,178,3,,,exact,exact,unknown,unknown,f,f,0
B01-022,2026-09-09 17:06:53.682071+00,20003,178,3,,,exact,exact,unknown,unknown,f,f,0
B01-022,2026-09-09 17:13:54.848799+00,20424,178,4,,,exact,exact,unknown,unknown,f,f,0
B01-022,2026-09-09 17:20:41.108548+00,20830,178,4,,,exact,exact,unknown,unknown,f,f,0
B01-022,2026-09-09 17:27:15.906723+00,21225,179,4,,,exact,exact,unknown,unknown,f,f,0
B01-022,2026-09-09 17:36:24.208888+00,21773,182,4,,,exact,exact,unknown,unknown,f,f,0
B01-022,2026-09-09 17:44:52.349166+00,22281,183,4,,,exact,exact,unknown,unknown,f,f,0
B01-022,2026-09-09 17:51:49.868233+00,22699,184,4,,,exact,exact,unknown,unknown,f,f,0
B01-022,2026-09-09 17:58:23.878428+00,23093,185,4,,,exact,exact,unknown,unknown,f,f,0
B01-022,2026-09-09 18:05:38.800984+00,23528,185,4,,,exact,exact,unknown,unknown,f,f,0
B01-022,2026-09-09 18:12:46.085563+00,23955,185,4,,,exact,exact,unknown,unknown,f,f,0
B01-022,2026-09-09 18:19:23.581065+00,24353,187,4,,,exact,exact,unknown,unknown,f,f,0
B01-022,2026-09-09 18:26:12.650501+00,24762,187,4,,,exact,exact,unknown,unknown,f,f,0
B01-022,2026-09-09 18:33:22.470854+00,25191,187,4,,,exact,exact,unknown,unknown,f,f,0
B01-022,2026-09-09 18:40:12.987748+00,25602,189,4,,,exact,exact,unknown,unknown,f,f,0
B01-022,2026-09-09 18:47:05.188784+00,26014,189,4,,,exact,exact,unknown,unknown,f,f,0
B01-022,2026-09-09 18:53:48.865922+00,26418,189,4,,,exact,exact,unknown,unknown,f,f,0
B01-022,2026-09-09 19:00:21.103474+00,26810,189,4,,,exact,exact,unknown,unknown,f,f,0
B01-022,2026-09-09 19:08:13.140623+00,27282,189,4,,,exact,exact,unknown,unknown,f,f,0
B01-022,2026-09-09 19:15:08.052197+00,27697,189,4,,,exact,exact,unknown,unknown,f,f,0
B01-022,2026-09-09 19:21:39.15014+00,28088,189,4,,,exact,exact,unknown,unknown,f,f,0
B01-022,2026-09-09 19:28:38.383186+00,28507,189,4,,,exact,exact,unknown,unknown,f,f,0
B01-022,2026-09-09 19:35:25.144971+00,28914,190,4,,,exact,exact,unknown,unknown,f,f,0
B01-022,2026-09-09 19:42:12.802555+00,29322,190,4,,,exact,exact,unknown,unknown,f,f,0
B01-022,2026-09-09 19:48:58.75114+00,29728,190,4,,,exact,exact,unknown,unknown,f,f,0
B01-022,2026-09-09 19:55:45.139739+00,30134,190,4,,,exact,exact,unknown,unknown,f,f,0
B01-022,2026-09-09 20:03:30.942774+00,30600,190,4,,,exact,exact,unknown,unknown,f,f,0
B01-022,2026-09-09 20:10:31.355891+00,31020,191,4,,,exact,exact,unknown,unknown,f,f,0
B01-022,2026-09-09 20:17:05.934941+00,31415,191,4,,,exact,exact,unknown,unknown,f,f,0
B01-022,2026-09-09 20:23:49.750186+00,31819,191,4,,,exact,exact,unknown,unknown,f,f,0
B01-022,2026-09-09 20:30:38.769149+00,32228,191,4,,,exact,exact,unknown,unknown,f,f,0
B01-022,2026-09-09 20:37:16.959925+00,32626,193,4,,,exact,exact,unknown,unknown,f,f,0
B01-022,2026-09-09 20:44:09.499732+00,33039,194,4,,,exact,exact,unknown,unknown,f,f,0
B01-022,2026-09-09 20:50:52.867208+00,33442,195,4,,,exact,exact,unknown,unknown,f,f,0
B01-022,2026-09-09 20:57:25.594107+00,33835,195,4,,,exact,exact,unknown,unknown,f,f,0
B01-022,2026-09-09 21:04:52.346584+00,34281,195,4,,,exact,exact,unknown,unknown,f,f,0
B01-022,2026-09-09 21:11:45.068949+00,34694,195,4,,,exact,exact,unknown,unknown,f,f,0
B01-022,2026-09-09 21:18:13.999037+00,35083,195,4,,,exact,exact,unknown,unknown,f,f,0
B01-022,2026-09-09 21:24:56.709539+00,35486,195,4,,,exact,exact,unknown,unknown,f,f,0
B01-022,2026-09-09 21:31:37.681515+00,35887,195,4,,,exact,exact,unknown,unknown,f,f,0
B01-022,2026-09-09 21:38:09.145809+00,36278,196,4,,,exact,exact,unknown,unknown,f,f,0
B01-022,2026-09-09 21:45:05.068342+00,36694,196,4,,,exact,exact,unknown,unknown,f,f,0
B01-022,2026-09-09 21:51:55.097641+00,37104,196,4,,,exact,exact,unknown,unknown,f,f,0
B01-022,2026-09-09 21:58:32.737231+00,37502,196,4,,,exact,exact,unknown,unknown,f,f,0
B01-022,2026-09-09 22:06:33.609876+00,37983,196,4,,,exact,exact,unknown,unknown,f,f,0
B01-022,2026-09-09 22:13:50.506463+00,38420,196,4,,,exact,exact,unknown,unknown,f,f,0
B01-022,2026-09-09 22:20:38.578488+00,38828,196,4,,,exact,exact,unknown,unknown,f,f,0
B01-022,2026-09-09 22:27:16.806741+00,39226,196,4,,,exact,exact,unknown,unknown,f,f,0
B01-022,2026-09-09 22:33:56.634822+00,39626,196,4,,,exact,exact,unknown,unknown,f,f,0
B01-022,2026-09-09 22:40:37.587927+00,40027,197,4,,,exact,exact,unknown,unknown,f,f,0
B01-022,2026-09-09 22:47:19.606111+00,40429,197,4,,,exact,exact,unknown,unknown,f,f,0
B01-022,2026-09-09 22:53:50.29401+00,40819,197,4,,,exact,exact,unknown,unknown,f,f,0
B01-022,2026-09-09 23:00:36.72241+00,41226,197,4,,,exact,exact,unknown,unknown,f,f,0
B01-022,2026-09-09 23:08:29.284249+00,41698,197,4,,,exact,exact,unknown,unknown,f,f,0
B01-022,2026-09-09 23:15:28.691005+00,42118,197,4,,,exact,exact,unknown,unknown,f,f,0
B01-022,2026-09-09 23:22:12.187791+00,42521,197,4,,,exact,exact,unknown,unknown,f,f,0
B01-022,2026-09-09 23:29:02.359179+00,42931,197,4,,,exact,exact,unknown,unknown,f,f,0
B01-022,2026-09-09 23:35:35.784058+00,43325,197,4,,,exact,exact,unknown,unknown,f,f,0
B01-022,2026-09-09 23:42:18.840623+00,43728,197,4,,,exact,exact,unknown,unknown,f,f,0
B01-022,2026-09-09 23:49:10.76904+00,44140,197,4,,,exact,exact,unknown,unknown,f,f,0
B01-022,2026-09-09 23:55:57.943284+00,44547,197,4,,,exact,exact,unknown,unknown,f,f,0
B01-022,2026-09-10 00:03:42.860979+00,45012,197,4,,,exact,exact,unknown,unknown,f,f,0
B01-022,2026-09-10 00:10:31.591461+00,45421,197,4,,,exact,exact,unknown,unknown,f,f,0
B01-022,2026-09-10 00:17:27.071085+00,45836,197,4,,,exact,exact,unknown,unknown,f,f,0
B01-022,2026-09-10 00:24:12.684661+00,46242,197,4,,,exact,exact,unknown,unknown,f,f,0
B01-022,2026-09-10 00:30:37.24508+00,46626,197,4,,,exact,exact,unknown,unknown,f,f,0
B01-022,2026-09-10 00:37:26.239269+00,47035,199,4,,,exact,exact,unknown,unknown,f,f,0
B01-022,2026-09-10 00:44:05.745496+00,47435,199,4,,,exact,exact,unknown,unknown,f,f,0
B01-022,2026-09-10 00:50:36.511799+00,47826,199,4,,,exact,exact,unknown,unknown,f,f,0
B01-022,2026-09-10 00:57:08.893042+00,48218,199,4,,,exact,exact,unknown,unknown,f,f,0
B01-022,2026-09-10 01:04:36.587837+00,48666,199,4,,,exact,exact,unknown,unknown,f,f,0
B01-022,2026-09-10 01:11:28.477935+00,49077,199,4,,,exact,exact,unknown,unknown,f,f,0
B01-022,2026-09-10 01:18:04.571004+00,49474,199,4,,,exact,exact,unknown,unknown,f,f,0
B01-022,2026-09-10 01:24:43.159051+00,49872,200,4,,,exact,exact,unknown,unknown,f,f,0
B01-022,2026-09-10 01:31:16.85801+00,50266,200,4,,,exact,exact,unknown,unknown,f,f,0
B01-022,2026-09-10 01:37:51.620342+00,50661,202,4,,,exact,exact,unknown,unknown,f,f,0
B01-022,2026-09-10 01:44:12.963199+00,51042,202,4,,,exact,exact,unknown,unknown,f,f,0
B01-022,2026-09-10 01:50:37.001765+00,51426,202,4,,,exact,exact,unknown,unknown,f,f,0
B01-022,2026-09-10 01:57:19.433369+00,51828,202,4,,,exact,exact,unknown,unknown,f,f,0
B01-022,2026-09-10 02:04:17.780585+00,52247,202,4,,,exact,exact,unknown,unknown,f,f,0
B01-022,2026-09-10 02:11:23.70921+00,52673,202,4,,,exact,exact,unknown,unknown,f,f,0
B01-022,2026-09-10 02:18:09.980133+00,53079,202,4,,,exact,exact,unknown,unknown,f,f,0
B01-022,2026-09-10 02:24:39.242927+00,53468,202,4,,,exact,exact,unknown,unknown,f,f,0
B01-022,2026-09-10 02:31:19.997205+00,53869,202,4,,,exact,exact,unknown,unknown,f,f,0
B01-022,2026-09-10 02:38:14.433408+00,54283,204,4,,,exact,exact,unknown,unknown,f,f,0
B01-022,2026-09-10 02:44:59.701996+00,54689,204,4,,,exact,exact,unknown,unknown,f,f,0
B01-022,2026-09-10 02:51:41.406205+00,55090,204,4,,,exact,exact,unknown,unknown,f,f,0
B01-022,2026-09-10 02:58:32.803461+00,55502,204,4,,,exact,exact,unknown,unknown,f,f,0
B01-022,2026-09-10 03:05:47.695981+00,55937,204,4,,,exact,exact,unknown,unknown,f,f,0
B01-022,2026-09-10 03:12:46.090858+00,56355,204,4,,,exact,exact,unknown,unknown,f,f,0
B01-022,2026-09-10 03:19:28.700124+00,56758,204,4,,,exact,exact,unknown,unknown,f,f,0
B01-022,2026-09-10 03:26:11.832143+00,57161,204,4,,,exact,exact,unknown,unknown,f,f,0
B01-022,2026-09-10 03:33:17.229947+00,57586,204,4,,,exact,exact,unknown,unknown,f,f,0
B01-022,2026-09-10 03:40:07.882412+00,57997,206,4,,,exact,exact,unknown,unknown,f,f,0
B01-022,2026-09-10 03:47:07.451916+00,58416,207,4,,,exact,exact,unknown,unknown,f,f,0
B01-022,2026-09-10 03:54:15.315135+00,58844,207,4,,,exact,exact,unknown,unknown,f,f,0
B01-022,2026-09-10 04:02:13.516055+00,59323,207,4,,,exact,exact,unknown,unknown,f,f,0
B01-022,2026-09-10 04:09:36.649279+00,59766,207,4,,,exact,exact,unknown,unknown,f,f,0
B01-022,2026-09-10 04:16:59.745794+00,60209,207,4,,,exact,exact,unknown,unknown,f,f,0
B01-022,2026-09-10 04:23:27.083456+00,60596,207,4,,,exact,exact,unknown,unknown,f,f,0
B01-022,2026-09-10 04:30:11.977303+00,61001,207,4,,,exact,exact,unknown,unknown,f,f,0
B01-022,2026-09-10 04:37:05.391675+00,61414,208,4,,,exact,exact,unknown,unknown,f,f,0
B01-022,2026-09-10 04:43:34.958046+00,61804,208,4,,,exact,exact,unknown,unknown,f,f,0
B01-022,2026-09-10 04:50:18.298633+00,62207,210,4,,,exact,exact,unknown,unknown,f,f,0
B01-022,2026-09-10 04:57:07.396479+00,62616,210,4,,,exact,exact,unknown,unknown,f,f,0
B01-022,2026-09-10 05:04:19.779501+00,63049,210,4,,,exact,exact,unknown,unknown,f,f,0
B01-022,2026-09-10 05:11:22.107057+00,63471,210,4,,,exact,exact,unknown,unknown,f,f,0
B01-022,2026-09-10 05:17:59.620206+00,63869,210,4,,,exact,exact,unknown,unknown,f,f,0
B01-022,2026-09-10 05:24:27.124334+00,64256,210,4,,,exact,exact,unknown,unknown,f,f,0
B01-022,2026-09-10 05:31:08.97621+00,64658,211,4,,,exact,exact,unknown,unknown,f,f,0
B01-022,2026-09-10 05:37:41.801137+00,65051,213,4,,,exact,exact,unknown,unknown,f,f,0
B01-022,2026-09-10 05:44:33.282224+00,65462,213,4,,,exact,exact,unknown,unknown,f,f,0
B01-022,2026-09-10 05:51:25.928985+00,65875,215,4,,,exact,exact,unknown,unknown,f,f,0
B01-022,2026-09-10 05:58:01.075895+00,66270,215,4,,,exact,exact,unknown,unknown,f,f,0
B01-022,2026-09-10 06:05:31.393613+00,66720,215,4,,,exact,exact,unknown,unknown,f,f,0
B01-022,2026-09-10 06:12:40.871128+00,67150,215,4,,,exact,exact,unknown,unknown,f,f,0
B01-022,2026-09-10 06:19:19.281566+00,67548,215,4,,,exact,exact,unknown,unknown,f,f,0
B01-022,2026-09-10 06:26:06.320452+00,67955,216,4,,,exact,exact,unknown,unknown,f,f,0
B01-022,2026-09-10 06:32:39.564018+00,68349,216,4,,,exact,exact,unknown,unknown,f,f,0
B01-022,2026-09-10 06:39:13.300492+00,68742,216,4,,,exact,exact,unknown,unknown,f,f,0
B01-022,2026-09-10 06:45:55.370429+00,69144,217,4,,,exact,exact,unknown,unknown,f,f,0
B01-022,2026-09-10 06:52:33.094063+00,69542,218,4,,,exact,exact,unknown,unknown,f,f,0
B01-022,2026-09-10 06:59:19.191193+00,69948,218,4,,,exact,exact,unknown,unknown,f,f,0
B01-022,2026-09-10 07:06:59.324362+00,70408,218,4,,,exact,exact,unknown,unknown,f,f,0
B01-022,2026-09-10 07:13:53.398128+00,70822,218,4,,,exact,exact,unknown,unknown,f,f,0
B01-022,2026-09-10 07:20:49.536577+00,71239,220,4,,,exact,exact,unknown,unknown,f,f,0
B01-022,2026-09-10 07:27:41.101551+00,71650,220,4,,,exact,exact,unknown,unknown,f,f,0
B01-022,2026-09-10 07:34:18.023884+00,72047,220,4,,,exact,exact,unknown,unknown,f,f,0
B01-022,2026-09-10 07:41:03.71659+00,72453,221,4,,,exact,exact,unknown,unknown,f,f,0
B01-022,2026-09-10 07:47:41.972472+00,72851,222,4,,,exact,exact,unknown,unknown,f,f,0
B01-022,2026-09-10 07:54:15.791446+00,73245,222,4,,,exact,exact,unknown,unknown,f,f,0
B01-022,2026-09-10 08:00:54.921172+00,73644,222,4,,,exact,exact,unknown,unknown,f,f,0
B01-022,2026-09-10 08:07:59.806877+00,74069,222,4,,,exact,exact,unknown,unknown,f,f,0
B01-022,2026-09-10 08:15:07.669386+00,74497,222,4,,,exact,exact,unknown,unknown,f,f,0
B01-022,2026-09-10 08:22:10.384746+00,74919,222,4,,,exact,exact,unknown,unknown,f,f,0
B01-022,2026-09-10 08:28:49.736908+00,75319,223,4,,,exact,exact,unknown,unknown,f,f,0
B01-022,2026-09-10 08:35:42.543335+00,75732,225,4,,,exact,exact,unknown,unknown,f,f,0
B01-022,2026-09-10 08:42:46.294008+00,76155,227,4,,,exact,exact,unknown,unknown,f,f,0
B01-022,2026-09-10 08:49:21.856338+00,76551,228,4,,,exact,exact,unknown,unknown,f,f,0
B01-022,2026-09-10 08:56:05.159183+00,76954,230,4,,,exact,exact,unknown,unknown,f,f,0
B01-022,2026-09-10 09:03:17.168615+00,77386,230,4,,,exact,exact,unknown,unknown,f,f,0
B01-022,2026-09-10 09:10:14.237748+00,77803,230,4,,,exact,exact,unknown,unknown,f,f,0
B01-022,2026-09-10 09:17:00.191307+00,78209,230,4,,,exact,exact,unknown,unknown,f,f,0
B01-022,2026-09-10 09:23:37.164196+00,78606,231,4,,,exact,exact,unknown,unknown,f,f,0
B01-022,2026-09-10 09:30:18.186438+00,79007,231,4,,,exact,exact,unknown,unknown,f,f,0
B01-022,2026-09-10 09:37:15.686813+00,79425,232,4,,,exact,exact,unknown,unknown,f,f,0
B01-022,2026-09-10 09:43:55.284+00,79824,232,4,,,exact,exact,unknown,unknown,f,f,0
B01-022,2026-09-10 09:50:52.947956+00,80242,232,4,,,exact,exact,unknown,unknown,f,f,0
B01-022,2026-09-10 09:57:41.935681+00,80651,236,4,,,exact,exact,unknown,unknown,f,f,0
B01-022,2026-09-10 10:04:45.821562+00,81075,236,4,,,exact,exact,unknown,unknown,f,f,0
B01-022,2026-09-10 10:11:46.335957+00,81495,236,5,,,exact,exact,unknown,unknown,f,f,0
B01-022,2026-09-10 10:18:21.543439+00,81891,237,5,,,exact,exact,unknown,unknown,f,f,0
B01-022,2026-09-10 10:24:41.478036+00,82270,238,5,,,exact,exact,unknown,unknown,f,f,0
B01-022,2026-09-10 10:31:28.147598+00,82677,241,5,,,exact,exact,unknown,unknown,f,f,0
B01-022,2026-09-10 10:38:06.002131+00,83075,242,5,,,exact,exact,unknown,unknown,f,f,0
B01-022,2026-09-10 10:44:53.86786+00,83483,242,5,,,exact,exact,unknown,unknown,f,f,0
B01-022,2026-09-10 10:51:41.284166+00,83890,242,5,,,exact,exact,unknown,unknown,f,f,0
B01-022,2026-09-10 10:58:19.909705+00,84289,242,5,,,exact,exact,unknown,unknown,f,f,0
B01-022,2026-09-10 11:05:57.99618+00,84747,242,5,,,exact,exact,unknown,unknown,f,f,0
B01-022,2026-09-10 11:13:00.517463+00,85170,242,5,,,exact,exact,unknown,unknown,f,f,0
B01-022,2026-09-10 11:19:37.421724+00,85566,242,5,,,exact,exact,unknown,unknown,f,f,0
B01-022,2026-09-10 11:26:22.632952+00,85972,242,5,,,exact,exact,unknown,unknown,f,f,0
B01-022,2026-09-10 11:33:05.545013+00,86375,242,5,,,exact,exact,unknown,unknown,f,f,0
B01-022,2026-09-10 11:39:50.940701+00,86780,244,5,,,exact,exact,unknown,unknown,f,f,0
B01-022,2026-09-10 11:46:46.284223+00,87195,244,5,,,exact,exact,unknown,unknown,f,f,0
B01-022,2026-09-10 12:08:19.490099+00,88489,247,5,,,exact,exact,unknown,unknown,f,f,0
B01-022,2026-09-10 12:22:17.04391+00,89326,247,5,,,exact,exact,unknown,unknown,f,f,0
B01-022,2026-09-10 12:35:46.385017+00,90135,249,5,,,exact,exact,unknown,unknown,f,f,0
B01-022,2026-09-10 12:49:02.51809+00,90932,251,5,,,exact,exact,unknown,unknown,f,f,0
B01-022,2026-09-10 13:03:42.236372+00,91811,251,5,,,exact,exact,unknown,unknown,f,f,0
B01-022,2026-09-10 13:18:07.27279+00,92676,251,5,,,exact,exact,unknown,unknown,f,f,0
B01-022,2026-09-10 13:31:36.388825+00,93485,252,5,,,exact,exact,unknown,unknown,f,f,0
B01-022,2026-09-10 13:52:08.885825+00,94718,252,5,,,exact,exact,unknown,unknown,f,f,0
B01-022,2026-09-10 14:06:41.92378+00,95591,253,5,,,exact,exact,unknown,unknown,f,f,0
B01-022,2026-09-10 14:20:39.633138+00,96429,253,5,,,exact,exact,unknown,unknown,f,f,0
B01-022,2026-09-10 14:34:01.229908+00,97230,255,5,,,exact,exact,unknown,unknown,f,f,0
B01-022,2026-09-10 14:47:30.036771+00,98039,259,5,,,exact,exact,unknown,unknown,f,f,0
B01-022,2026-09-10 15:02:53.097772+00,98962,259,5,,,exact,exact,unknown,unknown,f,f,0
B01-022,2026-09-10 15:16:39.212547+00,99788,260,5,,,exact,exact,unknown,unknown,f,f,0
B01-022,2026-09-10 15:37:09.581427+00,101019,261,5,,,exact,exact,unknown,unknown,f,f,0
B01-022,2026-09-10 15:50:25.687738+00,101815,263,5,,,exact,exact,unknown,unknown,f,f,0
B01-022,2026-09-10 16:04:28.265409+00,102657,266,5,,,exact,exact,unknown,unknown,f,f,0
B01-022,2026-09-10 16:16:58.84421+00,103408,266,5,,,exact,exact,unknown,unknown,f,f,0
B01-022,2026-09-10 16:38:17.266813+00,104686,267,5,,,exact,exact,unknown,unknown,f,f,0
B01-022,2026-09-10 16:51:51.367276+00,105500,268,5,,,exact,exact,unknown,unknown,f,f,0
B01-022,2026-09-10 17:07:11.186452+00,106420,268,5,,,exact,exact,unknown,unknown,f,f,0
B01-022,2026-09-10 17:21:00.110295+00,107249,268,5,,,exact,exact,unknown,unknown,f,f,0
B01-022,2026-09-10 17:34:21.443061+00,108050,269,5,,,exact,exact,unknown,unknown,f,f,0
B01-022,2026-09-10 17:47:53.696967+00,108863,270,5,,,exact,exact,unknown,unknown,f,f,0
B01-022,2026-09-10 18:03:27.258258+00,109796,270,5,,,exact,exact,unknown,unknown,f,f,0
B01-022,2026-09-10 18:23:40.216472+00,111009,271,5,,,exact,exact,unknown,unknown,f,f,0
B01-022,2026-09-10 20:01:04.062384+00,116853,273,5,,,exact,exact,unknown,unknown,f,f,1
B01-022,2026-09-11 06:41:13.455293+00,155262,279,6,,,exact,exact,unknown,unknown,f,f,0
B01-022,2026-09-11 07:56:45.344308+00,159794,280,6,,,exact,exact,unknown,unknown,f,f,0
B01-022,2026-09-11 08:10:03.065161+00,160592,281,6,,,exact,exact,unknown,unknown,f,f,0
B01-022,2026-09-11 08:43:07.307731+00,162576,282,6,,,exact,exact,unknown,unknown,f,f,0
B01-022,2026-09-11 10:08:02.354118+00,167671,283,6,,,exact,exact,unknown,unknown,f,f,0
B01-022,2026-09-11 11:01:17.882916+00,170867,286,6,,,exact,exact,unknown,unknown,f,f,1
B01-022,2026-09-11 11:14:20.165603+00,171649,287,6,,,exact,exact,unknown,unknown,f,f,0
B01-022,2026-09-11 11:40:15.795114+00,173205,288,6,,,exact,exact,unknown,unknown,f,f,0
B01-022,2026-09-11 11:59:40.999821+00,174370,290,6,,,exact,exact,unknown,unknown,f,f,1
B01-022,2026-09-11 12:12:47.395309+00,175156,291,6,,,exact,exact,unknown,unknown,f,f,0
B01-022,2026-09-11 12:33:47.497797+00,176417,294,6,,,exact,exact,unknown,unknown,f,f,0
B01-022,2026-09-11 13:27:51.90799+00,179661,297,6,,,exact,exact,unknown,unknown,f,f,1
B01-022,2026-09-11 13:42:41.242671+00,180550,298,6,,,exact,exact,unknown,unknown,f,f,0
B01-022,2026-09-11 14:01:17.057184+00,181666,299,7,,,exact,exact,unknown,unknown,f,f,0
B01-022,2026-09-11 14:42:40.459171+00,184149,300,7,,,exact,exact,unknown,unknown,f,f,0
B01-022,2026-09-11 15:15:36.512048+00,186126,302,7,,,exact,exact,unknown,unknown,f,f,1
B01-022,2026-09-11 16:33:54.221486+00,190823,303,7,,,exact,exact,unknown,unknown,f,f,0
B01-022,2026-09-11 17:25:00.951171+00,193890,305,7,,,exact,exact,unknown,unknown,f,f,1
B01-022,2026-09-11 18:29:29.510545+00,197759,306,7,,,exact,exact,unknown,unknown,f,f,0
B01-022,2026-09-11 18:35:37.738853+00,198127,307,7,,,exact,exact,unknown,unknown,f,f,0
B01-022,2026-09-11 19:51:25.540087+00,202675,308,7,,,exact,exact,unknown,unknown,f,f,0
B01-022,2026-09-12 03:00:14.027836+00,228403,309,7,,,exact,exact,unknown,unknown,f,f,0
B01-022,2026-09-12 10:31:28.513539+00,255478,310,7,,,exact,exact,unknown,unknown,f,f,0
B01-022,2026-09-12 11:35:32.801377+00,259322,311,7,,,exact,exact,unknown,unknown,f,f,0
B01-022,2026-09-12 12:13:38.834032+00,261608,312,7,,,exact,exact,unknown,unknown,f,f,0
B01-022,2026-09-12 16:23:29.269596+00,276598,314,7,,,exact,exact,unknown,unknown,f,f,0
B01-022,2026-09-13 04:35:50.333023+00,320539,315,7,,,exact,exact,unknown,unknown,f,f,0
B01-022,2026-09-13 07:18:20.24532+00,330289,316,7,,,exact,exact,unknown,unknown,f,f,0
B01-022,2026-09-13 08:17:41.666793+00,333851,317,7,,,exact,exact,unknown,unknown,f,f,0
B01-022,2026-09-13 11:41:42.809899+00,346092,319,7,,,exact,exact,unknown,unknown,f,f,0
B01-022,2026-09-13 12:17:57.507282+00,348267,320,7,,,exact,exact,unknown,unknown,f,f,0
B01-022,2026-09-13 13:17:48.589885+00,351858,321,7,,,exact,exact,unknown,unknown,f,f,0
B01-022,2026-09-13 15:10:48.965446+00,358638,322,7,,,exact,exact,unknown,unknown,f,f,0
B01-022,2026-09-14 01:02:04.113266+00,394113,323,7,,,exact,exact,unknown,unknown,f,f,0
B01-022,2026-09-14 08:58:44.207927+00,422713,324,7,,,exact,exact,unknown,unknown,f,f,0
B01-022,2026-09-14 09:51:22.297105+00,425871,325,7,,,exact,exact,unknown,unknown,f,f,0
B01-022,2026-09-14 11:11:06.86952+00,430656,327,7,,,exact,exact,unknown,unknown,f,f,0
B01-022,2026-09-14 11:40:16.372025+00,432405,328,7,,,exact,exact,unknown,unknown,f,f,0
B01-022,2026-09-14 12:29:21.065703+00,435350,329,7,,,exact,exact,unknown,unknown,f,f,0
B01-022,2026-09-14 12:58:39.052123+00,437108,330,7,,,exact,exact,unknown,unknown,f,f,0
B01-022,2026-09-14 13:33:42.72069+00,439212,331,7,,,exact,exact,unknown,unknown,f,f,0
B01-022,2026-09-14 14:53:45.028413+00,444014,332,7,,,exact,exact,unknown,unknown,f,f,0
B01-022,2026-09-14 15:28:44.856015+00,446114,333,7,,,exact,exact,unknown,unknown,f,f,0
B01-022,2026-09-14 21:56:02.586714+00,469352,334,7,,,exact,exact,unknown,unknown,f,f,0
B01-022,2026-09-15 03:16:02.552213+00,488552,336,7,,,exact,exact,unknown,unknown,f,f,0
B01-022,2026-09-15 05:26:05.099837+00,496354,337,7,,,exact,exact,unknown,unknown,f,f,0
B01-022,2026-09-15 11:56:09.880114+00,519759,339,7,,,exact,exact,unknown,unknown,f,f,1
B01-022,2026-09-15 14:41:43.249965+00,529692,340,7,,,exact,exact,unknown,unknown,f,f,0
B01-022,2026-09-15 18:41:07.958098+00,544057,341,7,,,exact,exact,unknown,unknown,f,f,0
B01-022,2026-09-15 20:11:10.226415+00,549459,342,7,,,exact,exact,unknown,unknown,f,f,0
B01-022,2026-09-16 13:12:00.701205+00,610710,348,7,,,exact,exact,unknown,unknown,f,f,0
B01-022,2026-09-17 06:06:29.74726+00,671579,349,7,,,exact,exact,unknown,unknown,f,f,0
B01-022,2026-09-17 11:01:32.303152+00,689281,351,7,,,exact,exact,unknown,unknown,f,f,0
B01-022,2026-09-17 11:55:00.362863+00,692489,353,7,,,exact,exact,unknown,unknown,f,f,0
B01-022,2026-09-17 19:10:55.299101+00,718644,354,7,,,exact,exact,unknown,unknown,f,f,0
B01-022,2026-09-17 22:45:48.4741+00,731537,355,7,,,exact,exact,unknown,unknown,f,f,0
B01-022,2026-09-18 03:50:58.274588+00,749847,356,7,,,exact,exact,unknown,unknown,f,f,0
B01-022,2026-09-18 10:31:06.60178+00,773856,357,7,,,exact,exact,unknown,unknown,f,f,0
B01-022,2026-09-18 11:36:06.898963+00,777756,359,7,,,exact,exact,unknown,unknown,f,f,0
B01-022,2026-09-18 14:11:16.847986+00,787066,360,7,,,exact,exact,unknown,unknown,f,f,0
B01-022,2026-09-18 23:40:54.860946+00,821244,361,7,,,exact,exact,unknown,unknown,f,f,0
B01-022,2026-09-19 11:35:52.496046+00,864142,362,7,,,exact,exact,unknown,unknown,f,f,0
B01-022,2026-09-19 17:16:02.041106+00,884551,364,7,,,exact,exact,unknown,unknown,f,f,0
B01-022,2026-09-20 03:10:49.309422+00,920238,365,7,,,exact,exact,unknown,unknown,f,f,0
B01-022,2026-09-20 11:35:59.244046+00,950548,367,7,,,exact,exact,unknown,unknown,f,f,1
B01-022,2026-09-20 15:06:01.361319+00,963150,368,7,,,exact,exact,unknown,unknown,f,f,0
B01-022,2026-09-21 01:00:56.007372+00,998845,369,7,,,exact,exact,unknown,unknown,f,f,0
B01-022,2026-09-21 06:17:47.325936+00,1017856,370,7,,,exact,exact,unknown,unknown,f,f,0
B01-022,2026-09-21 10:02:37.506166+00,1031347,371,7,,,exact,exact,unknown,unknown,f,f,0
B01-022,2026-09-21 11:43:44.070039+00,1037413,372,7,,,exact,exact,unknown,unknown,f,f,0
B01-022,2026-09-21 20:56:08.659134+00,1070558,373,7,,,exact,exact,unknown,unknown,f,f,0
B01-022,2026-09-22 03:42:02.841286+00,1094912,375,7,,,exact,exact,unknown,unknown,f,f,0
B01-022,2026-09-22 07:42:34.163973+00,1109343,377,7,,,exact,exact,unknown,unknown,f,f,1
B01-022,2026-09-22 09:36:04.051674+00,1116153,378,7,,,exact,exact,unknown,unknown,f,f,0
B01-022,2026-09-22 10:05:04.000246+00,1117893,378,8,,,exact,exact,unknown,unknown,f,f,0
B01-022,2026-09-22 11:40:05.132546+00,1123594,379,8,,,exact,exact,unknown,unknown,f,f,0
B01-022,2026-09-22 14:12:14.644834+00,1132724,380,8,,,exact,exact,unknown,unknown,f,f,0
B01-022,2026-09-23 11:36:09.587338+00,1209759,382,8,,,exact,exact,unknown,unknown,f,f,0
B01-022,2026-09-23 12:11:14.420217+00,1211863,383,8,,,exact,exact,unknown,unknown,f,f,0
B01-022,2026-09-24 07:16:15.909373+00,1280565,384,8,,,exact,exact,unknown,unknown,f,f,0
B01-022,2026-09-25 00:51:11.649463+00,1343861,385,8,,,exact,exact,unknown,unknown,f,f,0
B01-022,2026-09-25 09:06:12.667018+00,1373562,386,8,,,exact,exact,unknown,unknown,f,f,0
B01-022,2026-09-25 11:36:10.065014+00,1382559,387,8,,,exact,exact,unknown,unknown,f,f,0
B01-022,2026-09-25 12:06:11.524351+00,1384361,388,8,,,exact,exact,unknown,unknown,f,f,0
B01-022,2026-09-25 14:16:16.589717+00,1392166,389,8,,,exact,exact,unknown,unknown,f,f,0
B01-022,2026-09-25 18:56:12.590759+00,1408962,390,8,,,exact,exact,unknown,unknown,f,f,0
B01-023,2026-09-11 09:35:46.141723+00,288,1,0,0,0,exact,exact,exact,exact,f,f,0
B01-023,2026-09-11 09:45:12.625392+00,854,2,0,0,0,exact,exact,exact,exact,f,f,0
B01-023,2026-09-11 10:01:23.825477+00,1825,3,0,0,0,exact,exact,exact,exact,f,f,0
B01-023,2026-09-11 10:10:15.665153+00,2357,6,0,0,0,exact,exact,exact,exact,f,f,0
B01-023,2026-09-11 10:26:19.604431+00,3321,7,0,0,0,exact,exact,exact,exact,f,f,0
B01-023,2026-09-11 10:35:51.70643+00,3893,13,0,0,0,exact,exact,exact,exact,f,f,0
B01-023,2026-09-11 10:43:51.060737+00,4373,14,0,0,0,exact,exact,exact,exact,f,f,0
B01-023,2026-09-11 11:17:22.338192+00,6384,19,0,0,0,exact,exact,exact,exact,f,f,0
B01-023,2026-09-11 11:34:07.816515+00,7389,20,0,0,0,exact,exact,exact,exact,f,f,0
B01-023,2026-09-11 11:50:59.848216+00,8401,21,0,0,0,exact,exact,exact,exact,f,f,0
B01-023,2026-09-11 12:16:09.990494+00,9911,22,0,0,0,exact,exact,exact,exact,f,f,0
B01-023,2026-09-11 12:58:45.287799+00,12467,23,0,0,0,exact,exact,exact,exact,f,f,0
B01-023,2026-09-11 13:08:05.253309+00,13027,26,1,0,0,exact,exact,exact,exact,f,f,0
B01-023,2026-09-11 13:16:34.3029+00,13536,27,1,0,0,exact,exact,exact,exact,f,f,0
B01-023,2026-09-11 13:24:49.50603+00,14031,28,1,0,0,exact,exact,exact,exact,f,f,0
B01-023,2026-09-11 13:33:17.767438+00,14539,30,1,0,0,exact,exact,exact,exact,f,f,0
B01-023,2026-09-11 13:43:48.479228+00,15170,33,1,0,0,exact,exact,exact,exact,f,f,0
B01-023,2026-09-11 14:49:50.279277+00,19132,34,1,0,0,exact,exact,exact,exact,f,f,0
B01-023,2026-09-11 15:23:49.273799+00,21171,35,1,0,0,exact,exact,exact,exact,f,f,0
B01-023,2026-09-11 16:15:34.998183+00,24276,36,1,0,0,exact,exact,exact,exact,f,f,0
B01-023,2026-09-11 16:23:46.482228+00,24768,37,1,0,0,exact,exact,exact,exact,f,f,0
B01-023,2026-09-11 16:58:16.702649+00,26838,38,1,0,0,exact,exact,exact,exact,f,f,0
B01-023,2026-09-11 18:43:09.50064+00,33131,39,1,0,0,exact,exact,exact,exact,f,f,0
B01-023,2026-09-11 22:22:48.346417+00,46310,40,1,0,0,exact,exact,exact,exact,f,f,0
B01-023,2026-09-12 00:01:34.63044+00,52236,41,1,0,0,exact,exact,exact,exact,f,f,0
B01-023,2026-09-12 01:26:02.426528+00,57304,42,1,0,0,exact,exact,exact,exact,f,f,0
B01-023,2026-09-12 05:11:14.977058+00,70816,43,1,0,0,exact,exact,exact,exact,f,f,0
B01-023,2026-09-12 09:19:46.999206+00,85728,44,1,0,0,exact,exact,exact,exact,f,f,0
B01-023,2026-09-12 09:38:15.246108+00,86837,45,1,0,0,exact,exact,exact,exact,f,f,0
B01-023,2026-09-12 09:55:11.16951+00,87853,48,1,0,0,exact,exact,exact,exact,f,f,0
B01-023,2026-09-12 10:14:30.709042+00,89012,49,1,0,0,exact,exact,exact,exact,f,f,0
B01-023,2026-09-12 15:16:39.640286+00,107141,50,1,0,0,exact,exact,exact,exact,f,f,0
B01-023,2026-09-12 16:27:41.583089+00,111403,51,1,0,0,exact,exact,exact,exact,f,f,0
B01-023,2026-09-12 17:58:28.75744+00,116850,53,1,0,0,exact,exact,exact,exact,f,f,0
B01-023,2026-09-12 20:38:26.794597+00,126448,54,1,0,0,exact,exact,exact,exact,f,f,0
B01-023,2026-09-12 20:47:13.723688+00,126975,56,1,0,0,exact,exact,exact,exact,f,f,0
B01-023,2026-09-12 21:22:39.127585+00,129101,57,1,0,0,exact,exact,exact,exact,f,f,0
B01-023,2026-09-13 04:25:20.478839+00,154462,58,1,0,0,exact,exact,exact,exact,f,f,0
B01-023,2026-09-13 06:05:34.048675+00,160476,60,1,0,0,exact,exact,exact,exact,f,f,0
B01-023,2026-09-13 06:32:54.836976+00,162116,61,1,0,0,exact,exact,exact,exact,f,f,0
B01-023,2026-09-13 07:47:24.510492+00,166586,62,1,0,0,exact,exact,exact,exact,f,f,0
B01-023,2026-09-13 08:42:32.409373+00,169894,66,1,0,0,exact,exact,exact,exact,f,f,1
B01-023,2026-09-13 09:12:28.774041+00,171690,67,1,0,0,exact,exact,exact,exact,f,f,0
B01-023,2026-09-13 12:09:21.035138+00,182303,68,2,0,0,exact,exact,exact,exact,f,f,0
B01-023,2026-09-14 11:45:42.130892+00,267284,69,2,0,0,exact,exact,exact,exact,f,f,0
B01-023,2026-09-14 12:27:06.527598+00,269768,69,2,0,0,exact,exact,exact,exact,f,f,1
B01-023,2026-09-14 12:39:00.294006+00,270482,70,2,0,0,exact,exact,exact,exact,f,f,0
B01-023,2026-09-14 17:48:18.396269+00,289040,71,2,0,0,exact,exact,exact,exact,f,f,0
B01-023,2026-09-14 18:23:50.793854+00,291172,72,2,0,0,exact,exact,exact,exact,f,f,0
B01-023,2026-09-14 20:16:34.728056+00,297936,73,2,0,0,exact,exact,exact,exact,f,f,0
B01-023,2026-09-15 07:39:49.059483+00,338931,74,3,0,0,exact,exact,exact,exact,f,f,0
B01-023,2026-09-15 09:14:55.587714+00,344637,75,3,0,0,exact,exact,exact,exact,f,f,0
B01-023,2026-09-15 11:09:57.686596+00,351539,76,3,0,0,exact,exact,exact,exact,f,f,0
B01-023,2026-09-15 17:40:16.446204+00,374958,77,3,0,0,exact,exact,exact,exact,f,f,0
B01-023,2026-09-15 19:20:00.046462+00,380942,78,3,0,0,exact,exact,exact,exact,f,f,0
B01-023,2026-09-15 20:54:53.473885+00,386635,81,3,0,0,exact,exact,exact,exact,f,f,1
B01-023,2026-09-16 06:25:16.669094+00,420858,82,3,0,0,exact,exact,exact,exact,f,f,0
B01-023,2026-09-16 07:00:17.596545+00,422959,83,3,0,0,exact,exact,exact,exact,f,f,0
B01-023,2026-09-16 14:10:53.719627+00,448795,84,3,0,0,exact,exact,exact,exact,f,f,0
B01-023,2026-09-16 15:25:31.599115+00,453273,85,4,0,0,exact,exact,exact,exact,f,f,0
B01-023,2026-09-16 18:20:33.492657+00,463775,86,4,0,0,exact,exact,exact,exact,f,f,0
B01-023,2026-09-17 04:00:02.347246+00,498544,87,5,0,0,exact,exact,exact,exact,f,f,0
B01-023,2026-09-17 04:30:02.227663+00,500344,88,5,0,0,exact,exact,exact,exact,f,f,0
B01-023,2026-09-17 07:30:21.283479+00,511163,89,5,0,0,exact,exact,exact,exact,f,f,0
B01-023,2026-09-17 10:10:37.954471+00,520779,90,5,0,0,exact,exact,exact,exact,f,f,0
B01-023,2026-09-18 10:15:17.952072+00,607459,90,5,0,0,exact,exact,exact,exact,f,f,0
B01-023,2026-09-19 10:19:51.415865+00,694133,90,5,0,0,exact,exact,exact,exact,f,f,0
B01-023,2026-09-20 10:19:55.807501+00,780537,90,5,0,0,exact,exact,exact,exact,f,f,0
B01-023,2026-09-20 21:54:48.660863+00,822230,91,5,0,0,exact,exact,exact,exact,f,f,0
B01-023,2026-09-21 10:12:11.193476+00,866473,92,5,0,0,exact,exact,exact,exact,f,f,0
B01-023,2026-09-21 15:42:11.079875+00,886273,92,5,0,0,exact,exact,exact,exact,f,f,1
B01-023,2026-09-22 15:46:03.946439+00,972905,92,5,0,0,exact,exact,exact,exact,f,f,0
B01-023,2026-09-22 17:00:41.054426+00,977383,93,5,0,0,exact,exact,exact,exact,f,f,0
B01-023,2026-09-23 00:44:49.351374+00,1005231,93,5,0,0,exact,exact,exact,exact,f,f,1
B01-023,2026-09-24 00:44:50.482567+00,1091632,93,5,0,0,exact,exact,exact,exact,f,f,0
B01-023,2026-09-24 12:54:55.187566+00,1135437,94,6,0,0,exact,exact,exact,exact,f,f,0
B01-023,2026-09-25 12:54:56.662825+00,1221838,94,6,0,0,exact,exact,exact,exact,f,f,0
B01-024,2026-09-07 14:11:46.93228+00,7066,261,5,,,exact,exact,unknown,unknown,f,f,0
B01-024,2026-09-07 14:18:40.395514+00,7479,269,5,,,exact,exact,unknown,unknown,f,f,0
B01-024,2026-09-07 14:25:15.622185+00,7875,274,5,,,exact,exact,unknown,unknown,f,f,0
B01-024,2026-09-07 14:32:19.425912+00,8298,278,5,,,exact,exact,unknown,unknown,f,f,0
B01-024,2026-09-07 14:38:56.136865+00,8695,282,5,,,exact,exact,unknown,unknown,f,f,0
B01-024,2026-09-07 14:45:28.152167+00,9087,283,5,,,exact,exact,unknown,unknown,f,f,0
B01-024,2026-09-07 14:52:07.367962+00,9486,286,5,,,exact,exact,unknown,unknown,f,f,0
B01-024,2026-09-07 14:58:45.239742+00,9884,291,6,,,exact,exact,unknown,unknown,f,f,0
B01-024,2026-09-07 15:05:49.04394+00,10308,297,6,,,exact,exact,unknown,unknown,f,f,0
B01-024,2026-09-07 15:12:46.542895+00,10726,302,6,,,exact,exact,unknown,unknown,f,f,0
B01-024,2026-09-07 15:19:30.121246+00,11129,306,6,,,exact,exact,unknown,unknown,f,f,0
B01-024,2026-09-07 15:26:04.088419+00,11523,313,7,,,exact,exact,unknown,unknown,f,f,0
B01-024,2026-09-07 15:32:55.743386+00,11935,318,8,,,exact,exact,unknown,unknown,f,f,0
B01-024,2026-09-07 15:39:59.761793+00,12359,322,8,,,exact,exact,unknown,unknown,f,f,0
B01-024,2026-09-07 15:46:33.823101+00,12753,322,8,,,exact,exact,unknown,unknown,f,f,0
B01-024,2026-09-07 15:53:13.635156+00,13153,325,8,,,exact,exact,unknown,unknown,f,f,0
B01-024,2026-09-07 15:59:58.489597+00,13558,331,8,,,exact,exact,unknown,unknown,f,f,0
B01-024,2026-09-07 16:06:56.610383+00,13976,332,8,,,exact,exact,unknown,unknown,f,f,0
B01-024,2026-09-07 16:13:46.181707+00,14385,334,8,,,exact,exact,unknown,unknown,f,f,0
B01-024,2026-09-07 16:20:11.332518+00,14770,339,8,,,exact,exact,unknown,unknown,f,f,0
B01-024,2026-09-07 16:26:44.171546+00,15163,340,8,,,exact,exact,unknown,unknown,f,f,0
B01-024,2026-09-07 16:33:24.441333+00,15563,343,8,,,exact,exact,unknown,unknown,f,f,0
B01-024,2026-09-07 16:40:12.229766+00,15971,349,8,,,exact,exact,unknown,unknown,f,f,0
B01-024,2026-09-07 16:46:56.409612+00,16375,349,8,,,exact,exact,unknown,unknown,f,f,0
B01-024,2026-09-07 16:53:33.538115+00,16773,352,8,,,exact,exact,unknown,unknown,f,f,0
B01-024,2026-09-07 17:00:14.660168+00,17174,356,8,,,exact,exact,unknown,unknown,f,f,0
B01-024,2026-09-07 17:07:21.708963+00,17601,362,8,,,exact,exact,unknown,unknown,f,f,0
B01-024,2026-09-07 17:14:32.392022+00,18031,363,8,,,exact,exact,unknown,unknown,f,f,0
B01-024,2026-09-07 17:21:07.837449+00,18427,364,8,,,exact,exact,unknown,unknown,f,f,0
B01-024,2026-09-07 17:27:43.482655+00,18823,367,8,,,exact,exact,unknown,unknown,f,f,0
B01-024,2026-09-07 17:34:20.845535+00,19220,369,8,,,exact,exact,unknown,unknown,f,f,0
B01-024,2026-09-07 17:41:00.963582+00,19620,374,8,,,exact,exact,unknown,unknown,f,f,0
B01-024,2026-09-07 17:47:34.120965+00,20013,374,8,,,exact,exact,unknown,unknown,f,f,0
B01-024,2026-09-07 17:54:12.682496+00,20412,374,8,,,exact,exact,unknown,unknown,f,f,0
B01-024,2026-09-07 18:00:56.659144+00,20816,377,8,,,exact,exact,unknown,unknown,f,f,0
B01-024,2026-09-07 18:08:02.955025+00,21242,377,8,,,exact,exact,unknown,unknown,f,f,0
B01-024,2026-09-07 18:15:04.872771+00,21664,377,8,,,exact,exact,unknown,unknown,f,f,0
B01-024,2026-09-07 18:21:38.603863+00,22058,382,8,,,exact,exact,unknown,unknown,f,f,0
B01-024,2026-09-07 18:28:09.137139+00,22448,383,8,,,exact,exact,unknown,unknown,f,f,0
B01-024,2026-09-07 18:35:38.976577+00,22898,383,8,,,exact,exact,unknown,unknown,f,f,0
B01-024,2026-09-07 18:42:46.227485+00,23325,386,9,,,exact,exact,unknown,unknown,f,f,0
B01-024,2026-09-07 18:49:30.413198+00,23729,386,9,,,exact,exact,unknown,unknown,f,f,0
B01-024,2026-09-07 18:56:17.567678+00,24137,386,9,,,exact,exact,unknown,unknown,f,f,0
B01-024,2026-09-07 19:03:47.701122+00,24587,386,9,,,exact,exact,unknown,unknown,f,f,0
B01-024,2026-09-07 19:11:10.681188+00,25030,388,9,,,exact,exact,unknown,unknown,f,f,0
B01-024,2026-09-07 19:17:56.827332+00,25436,392,9,,,exact,exact,unknown,unknown,f,f,0
B01-024,2026-09-07 19:24:42.923173+00,25842,392,9,,,exact,exact,unknown,unknown,f,f,0
B01-024,2026-09-07 19:31:28.516099+00,26248,393,9,,,exact,exact,unknown,unknown,f,f,0
B01-024,2026-09-07 19:38:17.47078+00,26657,393,9,,,exact,exact,unknown,unknown,f,f,0
B01-024,2026-09-07 19:44:55.441256+00,27054,393,9,,,exact,exact,unknown,unknown,f,f,0
B01-024,2026-09-07 19:51:37.908419+00,27457,393,9,,,exact,exact,unknown,unknown,f,f,0
B01-024,2026-09-07 19:58:22.169378+00,27861,393,9,,,exact,exact,unknown,unknown,f,f,0
B01-024,2026-09-07 20:05:44.382899+00,28303,393,9,,,exact,exact,unknown,unknown,f,f,0
B01-024,2026-09-07 21:12:36.080955+00,32315,401,9,,,exact,exact,unknown,unknown,f,f,0
B01-024,2026-09-07 21:19:56.27592+00,32755,401,9,,,exact,exact,unknown,unknown,f,f,0
B01-024,2026-09-07 21:26:46.580839+00,33166,401,9,,,exact,exact,unknown,unknown,f,f,0
B01-024,2026-09-07 21:33:43.897911+00,33583,401,9,,,exact,exact,unknown,unknown,f,f,0
B01-024,2026-09-07 21:40:26.652875+00,33986,401,9,,,exact,exact,unknown,unknown,f,f,0
B01-024,2026-09-07 21:47:08.060119+00,34387,401,9,,,exact,exact,unknown,unknown,f,f,0
B01-024,2026-09-07 21:53:54.257689+00,34793,401,9,,,exact,exact,unknown,unknown,f,f,0
B01-024,2026-09-07 22:00:40.516304+00,35200,401,9,,,exact,exact,unknown,unknown,f,f,0
B01-024,2026-09-07 22:08:00.67634+00,35640,401,9,,,exact,exact,unknown,unknown,f,f,0
B01-024,2026-09-07 22:15:05.116344+00,36064,401,9,,,exact,exact,unknown,unknown,f,f,0
B01-024,2026-09-07 22:21:52.456722+00,36471,402,9,,,exact,exact,unknown,unknown,f,f,0
B01-024,2026-09-07 22:28:22.855235+00,36862,402,9,,,exact,exact,unknown,unknown,f,f,0
B01-024,2026-09-07 22:35:17.822001+00,37277,402,9,,,exact,exact,unknown,unknown,f,f,0
B01-024,2026-09-07 22:41:58.01402+00,37677,402,9,,,exact,exact,unknown,unknown,f,f,0
B01-024,2026-09-07 22:48:27.10368+00,38066,402,9,,,exact,exact,unknown,unknown,f,f,0
B01-024,2026-09-07 22:55:12.457613+00,38471,402,9,,,exact,exact,unknown,unknown,f,f,0
B01-024,2026-09-07 23:02:18.589914+00,38898,402,9,,,exact,exact,unknown,unknown,f,f,0
B01-024,2026-09-07 23:09:29.367195+00,39328,402,9,,,exact,exact,unknown,unknown,f,f,0
B01-024,2026-09-07 23:16:11.364694+00,39730,402,9,,,exact,exact,unknown,unknown,f,f,0
B01-024,2026-09-07 23:22:58.677044+00,40138,402,9,,,exact,exact,unknown,unknown,f,f,0
B01-024,2026-09-07 23:29:37.106793+00,40536,402,9,,,exact,exact,unknown,unknown,f,f,0
B01-024,2026-09-07 23:36:38.599916+00,40958,402,9,,,exact,exact,unknown,unknown,f,f,0
B01-024,2026-09-07 23:43:44.753487+00,41384,402,9,,,exact,exact,unknown,unknown,f,f,0
B01-024,2026-09-07 23:50:35.19241+00,41794,402,9,,,exact,exact,unknown,unknown,f,f,0
B01-024,2026-09-07 23:57:11.220034+00,42190,402,9,,,exact,exact,unknown,unknown,f,f,0
B01-024,2026-09-08 00:04:38.297465+00,42637,402,9,,,exact,exact,unknown,unknown,f,f,0
B01-024,2026-09-08 00:11:45.858404+00,43065,402,9,,,exact,exact,unknown,unknown,f,f,0
B01-024,2026-09-08 00:18:30.859595+00,43470,402,9,,,exact,exact,unknown,unknown,f,f,0
B01-024,2026-09-08 00:25:16.118403+00,43875,402,9,,,exact,exact,unknown,unknown,f,f,0
B01-024,2026-09-08 00:32:03.655834+00,44283,402,9,,,exact,exact,unknown,unknown,f,f,0
B01-024,2026-09-08 00:38:44.810029+00,44684,402,9,,,exact,exact,unknown,unknown,f,f,0
B01-024,2026-09-08 00:45:32.020659+00,45091,402,9,,,exact,exact,unknown,unknown,f,f,0
B01-024,2026-09-08 00:52:19.894539+00,45499,402,9,,,exact,exact,unknown,unknown,f,f,0
B01-024,2026-09-08 00:58:55.381482+00,45894,402,9,,,exact,exact,unknown,unknown,f,f,0
B01-024,2026-09-08 01:06:17.423615+00,46336,405,9,,,exact,exact,unknown,unknown,f,f,0
B01-024,2026-09-08 01:13:22.252056+00,46761,405,9,,,exact,exact,unknown,unknown,f,f,0
B01-024,2026-09-08 01:19:50.380976+00,47149,407,9,,,exact,exact,unknown,unknown,f,f,0
B01-024,2026-09-08 01:26:34.179326+00,47553,407,9,,,exact,exact,unknown,unknown,f,f,0
B01-024,2026-09-08 01:33:15.043273+00,47954,407,9,,,exact,exact,unknown,unknown,f,f,0
B01-024,2026-09-08 01:39:42.678703+00,48342,407,9,,,exact,exact,unknown,unknown,f,f,0
B01-024,2026-09-08 01:46:27.571521+00,48747,410,9,,,exact,exact,unknown,unknown,f,f,0
B01-024,2026-09-08 01:53:01.922761+00,49141,411,9,,,exact,exact,unknown,unknown,f,f,0
B01-024,2026-09-08 01:59:32.938239+00,49532,414,9,,,exact,exact,unknown,unknown,f,f,0
B01-024,2026-09-08 02:07:06.917402+00,49986,419,9,,,exact,exact,unknown,unknown,f,f,0
B01-024,2026-09-08 02:14:12.062462+00,50411,431,9,,,exact,exact,unknown,unknown,f,f,0
B01-024,2026-09-08 02:20:43.322587+00,50802,443,9,,,exact,exact,unknown,unknown,f,f,0
B01-024,2026-09-08 02:27:23.599442+00,51203,448,9,,,exact,exact,unknown,unknown,f,f,0
B01-024,2026-09-08 02:34:12.120229+00,51611,454,9,,,exact,exact,unknown,unknown,f,f,0
B01-024,2026-09-08 02:41:00.445939+00,52019,465,9,,,exact,exact,unknown,unknown,f,f,0
B01-024,2026-09-08 02:47:46.141732+00,52425,470,9,,,exact,exact,unknown,unknown,f,f,0
B01-024,2026-09-08 02:54:31.832852+00,52831,476,9,,,exact,exact,unknown,unknown,f,f,0
B01-024,2026-09-08 03:01:41.064544+00,53260,478,9,,,exact,exact,unknown,unknown,f,f,0
B01-024,2026-09-08 03:08:50.175906+00,53689,482,9,,,exact,exact,unknown,unknown,f,f,0
B01-024,2026-09-08 03:15:51.562924+00,54111,489,9,,,exact,exact,unknown,unknown,f,f,0
B01-024,2026-09-08 03:22:34.422396+00,54513,495,9,,,exact,exact,unknown,unknown,f,f,0
B01-024,2026-09-08 03:29:15.189132+00,54914,500,9,,,exact,exact,unknown,unknown,f,f,0
B01-024,2026-09-08 03:36:17.045472+00,55336,508,9,,,exact,exact,unknown,unknown,f,f,0
B01-024,2026-09-08 03:48:25.548267+00,56065,515,9,,,exact,exact,unknown,unknown,f,f,0
B01-024,2026-09-08 03:55:15.096307+00,56474,515,9,,,exact,exact,unknown,unknown,f,f,0
B01-024,2026-09-08 04:02:13.444707+00,56892,518,9,,,exact,exact,unknown,unknown,f,f,0
B01-024,2026-09-08 04:09:19.153707+00,57318,518,9,,,exact,exact,unknown,unknown,f,f,0
B01-024,2026-09-08 04:16:02.292997+00,57721,522,9,,,exact,exact,unknown,unknown,f,f,0
B01-024,2026-09-08 04:22:39.386732+00,58118,527,9,,,exact,exact,unknown,unknown,f,f,0
B01-024,2026-09-08 04:29:23.503099+00,58523,533,10,,,exact,exact,unknown,unknown,f,f,0
B01-024,2026-09-08 04:36:11.611425+00,58931,549,11,,,exact,exact,unknown,unknown,f,f,0
B01-024,2026-09-08 04:42:43.257887+00,59322,559,11,,,exact,exact,unknown,unknown,f,f,0
B01-024,2026-09-08 04:49:37.158024+00,59736,559,11,,,exact,exact,unknown,unknown,f,f,0
B01-024,2026-09-08 04:56:17.471874+00,60137,559,11,,,exact,exact,unknown,unknown,f,f,0
B01-024,2026-09-08 05:03:16.040488+00,60555,561,11,,,exact,exact,unknown,unknown,f,f,0
B01-024,2026-09-08 05:10:21.167134+00,60980,564,11,,,exact,exact,unknown,unknown,f,f,0
B01-024,2026-09-08 05:17:01.346768+00,61380,566,11,,,exact,exact,unknown,unknown,f,f,0
B01-024,2026-09-08 05:23:42.558753+00,61782,571,11,,,exact,exact,unknown,unknown,f,f,0
B01-024,2026-09-08 05:30:32.184832+00,62191,573,11,,,exact,exact,unknown,unknown,f,f,0
B01-024,2026-09-08 05:37:37.116961+00,62616,573,11,,,exact,exact,unknown,unknown,f,f,0
B01-024,2026-09-08 05:44:37.464458+00,63036,578,12,,,exact,exact,unknown,unknown,f,f,0
B01-024,2026-09-08 05:51:30.708959+00,63450,578,12,,,exact,exact,unknown,unknown,f,f,0
B01-024,2026-09-08 05:58:12.066986+00,63851,580,12,,,exact,exact,unknown,unknown,f,f,0
B01-024,2026-09-08 06:05:42.497746+00,64302,583,12,,,exact,exact,unknown,unknown,f,f,0
B01-024,2026-09-08 06:13:12.496356+00,64752,590,12,,,exact,exact,unknown,unknown,f,f,0
B01-024,2026-09-08 06:19:59.850647+00,65159,596,12,,,exact,exact,unknown,unknown,f,f,0
B01-024,2026-09-08 06:26:46.704933+00,65566,598,12,,,exact,exact,unknown,unknown,f,f,0
B01-024,2026-09-08 06:33:55.885591+00,65995,598,12,,,exact,exact,unknown,unknown,f,f,0
B01-024,2026-09-08 06:40:51.049545+00,66410,598,12,,,exact,exact,unknown,unknown,f,f,0
B01-024,2026-09-08 06:47:36.58452+00,66816,601,12,,,exact,exact,unknown,unknown,f,f,0
B01-024,2026-09-08 06:54:31.644512+00,67231,605,12,,,exact,exact,unknown,unknown,f,f,0
B01-024,2026-09-08 07:01:42.008813+00,67661,607,12,,,exact,exact,unknown,unknown,f,f,0
B01-024,2026-09-08 07:08:54.224007+00,68093,607,12,,,exact,exact,unknown,unknown,f,f,0
B01-024,2026-09-08 07:15:46.805883+00,68506,610,12,,,exact,exact,unknown,unknown,f,f,0
B01-024,2026-09-08 07:22:32.84739+00,68912,614,12,,,exact,exact,unknown,unknown,f,f,0
B01-024,2026-09-08 07:29:20.664355+00,69320,614,12,,,exact,exact,unknown,unknown,f,f,0
B01-024,2026-09-08 07:36:21.174099+00,69740,614,12,,,exact,exact,unknown,unknown,f,f,0
B01-024,2026-09-08 07:43:23.349103+00,70162,614,12,,,exact,exact,unknown,unknown,f,f,0
B01-024,2026-09-08 07:50:27.100063+00,70586,614,12,,,exact,exact,unknown,unknown,f,f,0
B01-024,2026-09-08 07:57:17.388979+00,70996,616,12,,,exact,exact,unknown,unknown,f,f,0
B01-024,2026-09-08 08:04:28.846752+00,71428,616,12,,,exact,exact,unknown,unknown,f,f,0
B01-024,2026-09-08 08:11:42.714552+00,71862,616,12,,,exact,exact,unknown,unknown,f,f,0
B01-024,2026-09-08 08:18:33.734727+00,72273,618,12,,,exact,exact,unknown,unknown,f,f,0
B01-024,2026-09-08 08:25:14.362899+00,72673,618,12,,,exact,exact,unknown,unknown,f,f,0
B01-024,2026-09-08 08:32:23.312874+00,73102,618,12,,,exact,exact,unknown,unknown,f,f,0
B01-024,2026-09-08 08:39:08.989247+00,73508,619,12,,,exact,exact,unknown,unknown,f,f,0
B01-024,2026-09-08 08:45:46.193452+00,73905,623,12,,,exact,exact,unknown,unknown,f,f,0
B01-024,2026-09-08 08:52:41.988303+00,74321,623,12,,,exact,exact,unknown,unknown,f,f,0
B01-024,2026-09-08 08:59:36.535549+00,74736,623,12,,,exact,exact,unknown,unknown,f,f,0
B01-024,2026-09-08 09:07:17.09954+00,75196,623,12,,,exact,exact,unknown,unknown,f,f,0
B01-024,2026-09-08 09:14:37.667543+00,75637,623,12,,,exact,exact,unknown,unknown,f,f,0
B01-024,2026-09-08 09:26:50.501644+00,76370,623,12,,,exact,exact,unknown,unknown,f,f,0
B01-024,2026-09-08 09:33:51.929911+00,76791,623,12,,,exact,exact,unknown,unknown,f,f,0
B01-024,2026-09-08 09:40:40.872365+00,77200,623,12,,,exact,exact,unknown,unknown,f,f,0
B01-024,2026-09-08 09:47:36.011344+00,77615,623,12,,,exact,exact,unknown,unknown,f,f,0
B01-024,2026-09-08 09:54:26.932805+00,78026,623,12,,,exact,exact,unknown,unknown,f,f,0
B01-024,2026-09-08 10:01:51.484384+00,78471,623,12,,,exact,exact,unknown,unknown,f,f,0
B01-024,2026-09-08 10:09:20.206911+00,78919,623,12,,,exact,exact,unknown,unknown,f,f,0
B01-024,2026-09-08 10:16:13.804834+00,79333,627,12,,,exact,exact,unknown,unknown,f,f,0
B01-024,2026-09-08 10:22:50.374837+00,79729,627,12,,,exact,exact,unknown,unknown,f,f,0
B01-024,2026-09-08 10:29:40.822382+00,80140,629,12,,,exact,exact,unknown,unknown,f,f,0
B01-024,2026-09-08 10:36:34.942054+00,80554,630,12,,,exact,exact,unknown,unknown,f,f,0
B01-024,2026-09-08 10:43:25.999907+00,80965,630,12,,,exact,exact,unknown,unknown,f,f,0
B01-024,2026-09-08 10:50:20.501429+00,81380,630,12,,,exact,exact,unknown,unknown,f,f,0
B01-024,2026-09-08 10:57:14.806382+00,81794,630,12,,,exact,exact,unknown,unknown,f,f,0
B01-024,2026-09-08 11:04:44.912506+00,82244,632,12,,,exact,exact,unknown,unknown,f,f,0
B01-024,2026-09-08 11:11:59.820585+00,82679,632,12,,,exact,exact,unknown,unknown,f,f,0
B01-024,2026-09-08 11:18:57.876431+00,83097,634,12,,,exact,exact,unknown,unknown,f,f,0
B01-024,2026-09-08 11:26:01.967178+00,83521,634,12,,,exact,exact,unknown,unknown,f,f,0
B01-024,2026-09-08 11:33:30.605335+00,83970,634,12,,,exact,exact,unknown,unknown,f,f,0
B01-024,2026-09-08 11:40:24.211761+00,84383,634,12,,,exact,exact,unknown,unknown,f,f,0
B01-024,2026-09-08 11:47:18.291831+00,84797,634,12,,,exact,exact,unknown,unknown,f,f,0
B01-024,2026-09-08 11:54:15.239759+00,85214,634,12,,,exact,exact,unknown,unknown,f,f,0
B01-024,2026-09-08 12:01:42.507019+00,85662,634,12,,,exact,exact,unknown,unknown,f,f,0
B01-024,2026-09-08 12:08:47.919988+00,86087,634,12,,,exact,exact,unknown,unknown,f,f,0
B01-024,2026-09-08 12:15:45.383212+00,86504,634,12,,,exact,exact,unknown,unknown,f,f,0
B01-024,2026-09-08 12:22:29.193881+00,86908,638,12,,,exact,exact,unknown,unknown,f,f,0
B01-024,2026-09-08 12:36:15.19593+00,87734,639,12,,,exact,exact,unknown,unknown,f,f,0
B01-024,2026-09-08 12:50:07.299095+00,88566,639,12,,,exact,exact,unknown,unknown,f,f,0
B01-024,2026-09-08 13:04:22.073616+00,89421,642,12,,,exact,exact,unknown,unknown,f,f,0
B01-024,2026-09-08 13:18:58.390235+00,90297,644,12,,,exact,exact,unknown,unknown,f,f,0
B01-024,2026-09-08 13:32:53.052406+00,91132,645,12,,,exact,exact,unknown,unknown,f,f,0
B01-024,2026-09-08 13:47:07.443544+00,91986,645,12,,,exact,exact,unknown,unknown,f,f,0
B01-024,2026-09-08 14:01:33.010966+00,92852,648,12,,,exact,exact,unknown,unknown,f,f,0
B01-024,2026-09-08 14:22:50.104814+00,94129,648,12,,,exact,exact,unknown,unknown,f,f,0
B01-024,2026-09-08 14:36:54.803491+00,94974,649,12,,,exact,exact,unknown,unknown,f,f,0
B01-024,2026-09-08 14:49:30.275097+00,95729,649,12,,,exact,exact,unknown,unknown,f,f,0
B01-024,2026-09-08 15:04:13.904457+00,96613,649,12,,,exact,exact,unknown,unknown,f,f,0
B01-024,2026-09-08 15:18:27.694265+00,97467,650,12,,,exact,exact,unknown,unknown,f,f,0
B01-024,2026-09-08 15:32:44.557376+00,98324,650,12,,,exact,exact,unknown,unknown,f,f,0
B01-024,2026-09-08 15:46:17.097365+00,99136,650,12,,,exact,exact,unknown,unknown,f,f,0
B01-024,2026-09-08 16:06:08.98765+00,100328,651,12,,,exact,exact,unknown,unknown,f,f,0
B01-024,2026-09-08 16:20:19.571106+00,101179,652,12,,,exact,exact,unknown,unknown,f,f,0
B01-024,2026-09-08 16:34:12.175459+00,102011,653,12,,,exact,exact,unknown,unknown,f,f,0
B01-024,2026-09-08 16:48:17.696042+00,102857,653,12,,,exact,exact,unknown,unknown,f,f,0
B01-024,2026-09-08 17:03:00.43131+00,103739,653,12,,,exact,exact,unknown,unknown,f,f,0
B01-024,2026-09-08 17:17:26.507724+00,104606,653,12,,,exact,exact,unknown,unknown,f,f,0
B01-024,2026-09-08 17:33:09.313343+00,105548,655,12,,,exact,exact,unknown,unknown,f,f,0
B01-024,2026-09-08 17:47:13.045245+00,106392,656,12,,,exact,exact,unknown,unknown,f,f,0
B01-024,2026-09-08 18:08:00.018884+00,107639,656,12,,,exact,exact,unknown,unknown,f,f,0
B01-024,2026-09-08 18:22:07.533735+00,108487,656,12,,,exact,exact,unknown,unknown,f,f,0
B01-024,2026-09-08 18:36:00.740761+00,109320,657,12,,,exact,exact,unknown,unknown,f,f,0
B01-024,2026-09-08 18:50:05.067265+00,110164,659,12,,,exact,exact,unknown,unknown,f,f,0
B01-024,2026-09-08 19:06:10.305206+00,111129,661,12,,,exact,exact,unknown,unknown,f,f,0
B01-024,2026-09-08 19:20:46.627041+00,112006,662,12,,,exact,exact,unknown,unknown,f,f,0
B01-024,2026-09-08 19:34:42.490864+00,112842,663,12,,,exact,exact,unknown,unknown,f,f,0
B01-024,2026-09-08 19:50:27.822823+00,113787,663,12,,,exact,exact,unknown,unknown,f,f,0
B01-024,2026-09-08 20:06:44.621689+00,114764,663,12,,,exact,exact,unknown,unknown,f,f,0
B01-024,2026-09-08 20:22:43.33854+00,115722,663,12,,,exact,exact,unknown,unknown,f,f,0
B01-024,2026-09-08 20:38:23.71192+00,116663,663,12,,,exact,exact,unknown,unknown,f,f,0
B01-024,2026-09-08 20:53:14.16652+00,117553,664,12,,,exact,exact,unknown,unknown,f,f,0
B01-024,2026-09-08 21:07:12.496892+00,118392,664,12,,,exact,exact,unknown,unknown,f,f,0
B01-024,2026-09-08 21:22:32.73975+00,119312,664,12,,,exact,exact,unknown,unknown,f,f,0
B01-024,2026-09-08 21:40:35.816055+00,120395,664,12,,,exact,exact,unknown,unknown,f,f,0
B01-024,2026-09-08 21:52:10.002765+00,121089,664,12,,,exact,exact,unknown,unknown,f,f,0
B01-024,2026-09-08 22:10:11.730323+00,122171,664,12,,,exact,exact,unknown,unknown,f,f,0
B01-024,2026-09-08 22:17:21.488358+00,122601,664,12,,,exact,exact,unknown,unknown,f,f,0
B01-024,2026-09-08 22:37:25.423433+00,123804,664,12,,,exact,exact,unknown,unknown,f,f,0
B01-024,2026-09-08 22:50:39.678857+00,124599,664,12,,,exact,exact,unknown,unknown,f,f,0
B01-024,2026-09-08 23:04:13.33268+00,125412,664,12,,,exact,exact,unknown,unknown,f,f,0
B01-024,2026-09-08 23:17:56.627187+00,126236,664,12,,,exact,exact,unknown,unknown,f,f,0
B01-024,2026-09-08 23:37:18.432128+00,127397,664,12,,,exact,exact,unknown,unknown,f,f,0
B01-024,2026-09-08 23:50:08.603579+00,128168,664,12,,,exact,exact,unknown,unknown,f,f,0
B01-024,2026-09-09 00:03:20.153857+00,128959,664,12,,,exact,exact,unknown,unknown,f,f,0
B01-024,2026-09-09 00:16:48.011149+00,129767,664,12,,,exact,exact,unknown,unknown,f,f,0
B01-024,2026-09-09 00:36:24.488955+00,130944,664,12,,,exact,exact,unknown,unknown,f,f,0
B01-024,2026-09-09 00:49:14.444826+00,131713,664,12,,,exact,exact,unknown,unknown,f,f,0
B01-024,2026-09-09 01:02:24.321813+00,132503,664,12,,,exact,exact,unknown,unknown,f,f,0
B01-024,2026-09-09 01:21:45.249463+00,133664,665,12,,,exact,exact,unknown,unknown,f,f,0
B01-024,2026-09-09 01:34:47.986969+00,134447,666,12,,,exact,exact,unknown,unknown,f,f,0
B01-024,2026-09-09 01:47:43.658433+00,135223,666,12,,,exact,exact,unknown,unknown,f,f,0
B01-024,2026-09-09 02:07:42.576872+00,136422,667,12,,,exact,exact,unknown,unknown,f,f,0
B01-024,2026-09-09 02:20:52.969719+00,137212,667,12,,,exact,exact,unknown,unknown,f,f,0
B01-024,2026-09-09 02:33:48.314352+00,137987,669,12,,,exact,exact,unknown,unknown,f,f,0
B01-024,2026-09-09 02:46:53.61183+00,138773,670,12,,,exact,exact,unknown,unknown,f,f,0
B01-024,2026-09-09 03:07:51.222768+00,140030,672,12,,,exact,exact,unknown,unknown,f,f,0
B01-024,2026-09-09 03:22:39.330922+00,140918,672,12,,,exact,exact,unknown,unknown,f,f,0
B01-024,2026-09-09 03:35:48.247692+00,141707,674,12,,,exact,exact,unknown,unknown,f,f,0
B01-024,2026-09-09 03:48:40.872317+00,142480,674,12,,,exact,exact,unknown,unknown,f,f,0
B01-024,2026-09-09 04:02:05.351518+00,143284,676,12,,,exact,exact,unknown,unknown,f,f,0
B01-024,2026-09-09 04:21:58.12326+00,144477,676,12,,,exact,exact,unknown,unknown,f,f,0
B01-024,2026-09-09 04:35:01.588998+00,145261,676,12,,,exact,exact,unknown,unknown,f,f,0
B01-024,2026-09-09 04:48:15.276829+00,146054,676,12,,,exact,exact,unknown,unknown,f,f,0
B01-024,2026-09-09 05:01:57.196994+00,146876,676,12,,,exact,exact,unknown,unknown,f,f,0
B01-024,2026-09-09 05:16:43.132789+00,147762,677,12,,,exact,exact,unknown,unknown,f,f,0
B01-024,2026-09-09 05:31:39.024071+00,148658,678,12,,,exact,exact,unknown,unknown,f,f,0
B01-024,2026-09-09 05:53:44.315825+00,149983,680,12,,,exact,exact,unknown,unknown,f,f,0
B01-024,2026-09-09 06:09:47.868847+00,150947,681,12,,,exact,exact,unknown,unknown,f,f,0
B01-024,2026-09-09 06:18:22.676683+00,151462,683,12,,,exact,exact,unknown,unknown,f,f,0
B01-024,2026-09-09 06:32:01.593917+00,152281,683,12,,,exact,exact,unknown,unknown,f,f,0
B01-024,2026-09-09 06:51:47.497515+00,153467,683,12,,,exact,exact,unknown,unknown,f,f,0
B01-024,2026-09-09 07:05:34.068483+00,154293,683,12,,,exact,exact,unknown,unknown,f,f,0
B01-024,2026-09-09 07:19:24.510124+00,155124,683,12,,,exact,exact,unknown,unknown,f,f,0
B01-024,2026-09-09 07:32:39.028072+00,155918,684,12,,,exact,exact,unknown,unknown,f,f,0
B01-024,2026-09-09 07:51:59.765111+00,157079,684,12,,,exact,exact,unknown,unknown,f,f,0
B01-024,2026-09-09 08:05:38.949237+00,157898,684,12,,,exact,exact,unknown,unknown,f,f,0
B01-024,2026-09-09 08:19:18.828349+00,158718,685,12,,,exact,exact,unknown,unknown,f,f,0
B01-024,2026-09-09 08:32:27.008765+00,159506,685,12,,,exact,exact,unknown,unknown,f,f,0
B01-024,2026-09-09 08:46:07.3899+00,160326,687,12,,,exact,exact,unknown,unknown,f,f,0
B01-024,2026-09-09 09:06:22.790381+00,161542,688,12,,,exact,exact,unknown,unknown,f,f,0
B01-024,2026-09-09 09:19:52.750218+00,162352,691,12,,,exact,exact,unknown,unknown,f,f,0
B01-024,2026-09-09 09:33:02.699269+00,163142,692,12,,,exact,exact,unknown,unknown,f,f,0
B01-024,2026-09-09 09:46:19.328075+00,163938,693,12,,,exact,exact,unknown,unknown,f,f,0
B01-024,2026-09-09 10:06:53.279503+00,165172,695,12,,,exact,exact,unknown,unknown,f,f,0
B01-024,2026-09-09 10:20:18.180035+00,165977,696,12,,,exact,exact,unknown,unknown,f,f,0
B01-024,2026-09-09 10:33:39.841138+00,166779,696,12,,,exact,exact,unknown,unknown,f,f,0
B01-024,2026-09-09 10:46:43.585569+00,167563,698,12,,,exact,exact,unknown,unknown,f,f,0
B01-024,2026-09-09 11:07:39.378192+00,168818,698,12,,,exact,exact,unknown,unknown,f,f,0
B01-024,2026-09-09 11:21:38.259607+00,169657,698,12,,,exact,exact,unknown,unknown,f,f,0
B01-024,2026-09-09 11:35:09.162195+00,170468,700,12,,,exact,exact,unknown,unknown,f,f,0
B01-024,2026-09-09 11:48:33.112412+00,171272,700,12,,,exact,exact,unknown,unknown,f,f,0
B01-024,2026-09-09 12:02:00.510838+00,172080,700,12,,,exact,exact,unknown,unknown,f,f,0
B01-024,2026-09-09 12:22:29.274854+00,173308,701,12,,,exact,exact,unknown,unknown,f,f,0
B01-024,2026-09-09 12:35:52.900334+00,174112,704,12,,,exact,exact,unknown,unknown,f,f,0
B01-024,2026-09-09 12:49:25.458068+00,174924,705,12,,,exact,exact,unknown,unknown,f,f,0
B01-024,2026-09-09 13:03:12.485161+00,175752,705,12,,,exact,exact,unknown,unknown,f,f,0
B01-024,2026-09-09 13:16:56.238755+00,176575,706,12,,,exact,exact,unknown,unknown,f,f,0
B01-024,2026-09-09 13:35:28.891529+00,177688,706,12,,,exact,exact,unknown,unknown,f,f,0
B01-024,2026-09-09 13:49:00.66366+00,178500,706,12,,,exact,exact,unknown,unknown,f,f,0
B01-024,2026-09-09 14:02:45.873364+00,179325,706,12,,,exact,exact,unknown,unknown,f,f,0
B01-024,2026-09-09 14:16:29.099757+00,180148,706,12,,,exact,exact,unknown,unknown,f,f,0
B01-024,2026-09-09 14:36:15.493688+00,181335,706,12,,,exact,exact,unknown,unknown,f,f,0
B01-024,2026-09-09 14:49:45.779932+00,182145,706,12,,,exact,exact,unknown,unknown,f,f,0
B01-024,2026-09-09 15:03:30.680809+00,182970,707,12,,,exact,exact,unknown,unknown,f,f,0
B01-024,2026-09-09 15:16:56.745463+00,183776,707,12,,,exact,exact,unknown,unknown,f,f,0
B01-024,2026-09-09 15:36:50.175093+00,184969,709,12,,,exact,exact,unknown,unknown,f,f,0
B01-024,2026-09-09 15:50:54.73609+00,185814,709,12,,,exact,exact,unknown,unknown,f,f,0
B01-024,2026-09-09 16:05:16.615538+00,186676,710,12,,,exact,exact,unknown,unknown,f,f,0
B01-024,2026-09-09 16:19:03.122162+00,187502,712,12,,,exact,exact,unknown,unknown,f,f,0
B01-024,2026-09-09 16:32:30.691799+00,188310,712,12,,,exact,exact,unknown,unknown,f,f,0
B01-024,2026-09-09 16:46:05.974434+00,189125,712,12,,,exact,exact,unknown,unknown,f,f,0
B01-024,2026-09-09 17:06:40.825328+00,190360,712,12,,,exact,exact,unknown,unknown,f,f,0
B01-024,2026-09-09 17:20:29.925449+00,191189,712,12,,,exact,exact,unknown,unknown,f,f,0
B01-024,2026-09-09 17:35:56.386988+00,192115,712,12,,,exact,exact,unknown,unknown,f,f,0
B01-024,2026-09-09 17:51:39.40608+00,193058,712,12,,,exact,exact,unknown,unknown,f,f,0
B01-024,2026-09-09 18:05:25.602074+00,193885,712,12,,,exact,exact,unknown,unknown,f,f,0
B01-024,2026-09-09 18:19:15.748733+00,194715,712,12,,,exact,exact,unknown,unknown,f,f,0
B01-024,2026-09-09 18:33:10.093724+00,195549,712,12,,,exact,exact,unknown,unknown,f,f,0
B01-024,2026-09-09 18:46:53.814214+00,196373,712,12,,,exact,exact,unknown,unknown,f,f,0
B01-024,2026-09-09 19:07:50.907681+00,197630,712,12,,,exact,exact,unknown,unknown,f,f,0
B01-024,2026-09-09 19:21:27.490772+00,198447,712,12,,,exact,exact,unknown,unknown,f,f,0
B01-024,2026-09-09 19:35:15.990832+00,199275,712,12,,,exact,exact,unknown,unknown,f,f,0
B01-024,2026-09-09 19:48:48.252017+00,200087,712,12,,,exact,exact,unknown,unknown,f,f,0
B01-024,2026-09-09 20:03:16.889931+00,200956,712,12,,,exact,exact,unknown,unknown,f,f,0
B01-024,2026-09-09 20:16:57.494158+00,201777,712,12,,,exact,exact,unknown,unknown,f,f,0
B01-024,2026-09-09 20:37:07.737682+00,202987,712,12,,,exact,exact,unknown,unknown,f,f,0
B01-024,2026-09-09 20:50:42.44129+00,203801,712,12,,,exact,exact,unknown,unknown,f,f,0
B01-024,2026-09-09 21:04:35.265287+00,204634,712,12,,,exact,exact,unknown,unknown,f,f,0
B01-024,2026-09-09 21:18:06.348841+00,205445,712,12,,,exact,exact,unknown,unknown,f,f,0
B01-024,2026-09-09 21:31:28.784617+00,206248,712,12,,,exact,exact,unknown,unknown,f,f,0
B01-024,2026-09-09 21:51:45.821429+00,207465,712,12,,,exact,exact,unknown,unknown,f,f,0
B01-024,2026-09-09 22:06:14.545569+00,208334,712,12,,,exact,exact,unknown,unknown,f,f,0
B01-024,2026-09-09 22:20:28.282899+00,209187,712,12,,,exact,exact,unknown,unknown,f,f,0
B01-024,2026-09-09 22:33:47.541201+00,209987,712,12,,,exact,exact,unknown,unknown,f,f,0
B01-024,2026-09-09 22:47:09.875807+00,210789,712,12,,,exact,exact,unknown,unknown,f,f,0
B01-024,2026-09-09 23:08:09.465384+00,212048,712,12,,,exact,exact,unknown,unknown,f,f,0
B01-024,2026-09-09 23:21:59.880503+00,212879,712,12,,,exact,exact,unknown,unknown,f,f,0
B01-024,2026-09-09 23:35:27.696217+00,213687,712,12,,,exact,exact,unknown,unknown,f,f,0
B01-024,2026-09-09 23:48:58.949102+00,214498,712,12,,,exact,exact,unknown,unknown,f,f,0
B01-024,2026-09-10 00:03:24.337483+00,215363,712,12,,,exact,exact,unknown,unknown,f,f,0
B01-024,2026-09-10 00:17:19.020975+00,216198,712,12,,,exact,exact,unknown,unknown,f,f,0
B01-024,2026-09-10 00:37:13.126554+00,217392,712,12,,,exact,exact,unknown,unknown,f,f,0
B01-024,2026-09-10 00:50:28.129504+00,218187,712,12,,,exact,exact,unknown,unknown,f,f,0
B01-024,2026-09-10 01:04:18.749159+00,219018,712,12,,,exact,exact,unknown,unknown,f,f,0
B01-024,2026-09-10 01:17:54.792055+00,219834,712,12,,,exact,exact,unknown,unknown,f,f,0
B01-024,2026-09-10 01:31:08.280229+00,220627,712,12,,,exact,exact,unknown,unknown,f,f,0
B01-024,2026-09-10 01:50:28.50069+00,221788,712,12,,,exact,exact,unknown,unknown,f,f,0
B01-024,2026-09-10 02:04:06.008548+00,222605,712,12,,,exact,exact,unknown,unknown,f,f,0
B01-024,2026-09-10 02:17:59.792432+00,223439,712,12,,,exact,exact,unknown,unknown,f,f,0
B01-024,2026-09-10 02:31:11.984608+00,224231,712,12,,,exact,exact,unknown,unknown,f,f,0
B01-024,2026-09-10 02:51:31.229034+00,225450,712,12,,,exact,exact,unknown,unknown,f,f,0
B01-024,2026-09-10 03:05:35.730509+00,226295,712,12,,,exact,exact,unknown,unknown,f,f,0
B01-024,2026-09-10 03:19:18.876264+00,227118,713,12,,,exact,exact,unknown,unknown,f,f,0
B01-024,2026-09-10 03:33:06.328646+00,227945,714,12,,,exact,exact,unknown,unknown,f,f,0
B01-024,2026-09-10 03:46:56.78554+00,228776,714,12,,,exact,exact,unknown,unknown,f,f,0
B01-024,2026-09-10 04:01:45.665601+00,229665,715,12,,,exact,exact,unknown,unknown,f,f,0
B01-024,2026-09-10 04:16:46.215366+00,230565,715,12,,,exact,exact,unknown,unknown,f,f,0
B01-024,2026-09-10 04:36:52.289622+00,231771,718,12,,,exact,exact,unknown,unknown,f,f,0
B01-024,2026-09-10 04:50:09.061822+00,232568,718,12,,,exact,exact,unknown,unknown,f,f,0
B01-024,2026-09-10 05:04:07.204258+00,233406,718,12,,,exact,exact,unknown,unknown,f,f,0
B01-024,2026-09-10 05:17:51.562467+00,234231,718,12,,,exact,exact,unknown,unknown,f,f,0
B01-024,2026-09-10 05:37:33.297243+00,235412,718,12,,,exact,exact,unknown,unknown,f,f,0
B01-024,2026-09-10 05:51:13.409525+00,236232,719,12,,,exact,exact,unknown,unknown,f,f,0
B01-024,2026-09-10 06:05:14.752805+00,237074,721,12,,,exact,exact,unknown,unknown,f,f,0
B01-024,2026-09-10 06:19:09.804383+00,237909,721,12,,,exact,exact,unknown,unknown,f,f,0
B01-024,2026-09-10 06:32:30.207599+00,238709,721,12,,,exact,exact,unknown,unknown,f,f,0
B01-024,2026-09-10 06:52:23.963962+00,239903,721,12,,,exact,exact,unknown,unknown,f,f,0
B01-024,2026-09-10 07:06:42.076427+00,240761,723,12,,,exact,exact,unknown,unknown,f,f,0
B01-024,2026-09-10 07:20:37.668644+00,241597,723,12,,,exact,exact,unknown,unknown,f,f,0
B01-024,2026-09-10 07:34:09.551672+00,242409,724,12,,,exact,exact,unknown,unknown,f,f,0
B01-024,2026-09-10 07:47:33.940327+00,243213,725,12,,,exact,exact,unknown,unknown,f,f,0
B01-024,2026-09-10 08:07:47.274235+00,244426,725,12,,,exact,exact,unknown,unknown,f,f,0
B01-024,2026-09-10 08:21:55.130758+00,245274,725,12,,,exact,exact,unknown,unknown,f,f,0
B01-024,2026-09-10 08:35:31.071871+00,246090,725,12,,,exact,exact,unknown,unknown,f,f,0
B01-024,2026-09-10 08:49:13.343781+00,246912,725,12,,,exact,exact,unknown,unknown,f,f,0
B01-024,2026-09-10 09:03:00.454619+00,247739,725,12,,,exact,exact,unknown,unknown,f,f,0
B01-024,2026-09-10 09:16:49.217985+00,248568,725,12,,,exact,exact,unknown,unknown,f,f,0
B01-024,2026-09-10 09:37:03.034261+00,249782,726,12,,,exact,exact,unknown,unknown,f,f,0
B01-024,2026-09-10 09:50:40.163385+00,250599,726,12,,,exact,exact,unknown,unknown,f,f,0
B01-024,2026-09-10 10:04:33.391326+00,251432,727,12,,,exact,exact,unknown,unknown,f,f,0
B01-024,2026-09-10 10:18:13.488883+00,252253,729,12,,,exact,exact,unknown,unknown,f,f,0
B01-024,2026-09-10 10:31:17.140467+00,253036,729,12,,,exact,exact,unknown,unknown,f,f,0
B01-024,2026-09-10 10:51:30.943731+00,254250,730,12,,,exact,exact,unknown,unknown,f,f,0
B01-024,2026-09-10 11:05:37.765973+00,255097,730,12,,,exact,exact,unknown,unknown,f,f,0
B01-024,2026-09-10 11:19:29.727162+00,255929,730,12,,,exact,exact,unknown,unknown,f,f,0
B01-024,2026-09-10 11:32:56.310894+00,256735,731,12,,,exact,exact,unknown,unknown,f,f,0
B01-024,2026-09-10 11:46:33.808828+00,257553,732,12,,,exact,exact,unknown,unknown,f,f,0
B01-024,2026-09-10 12:08:01.553489+00,258841,732,12,,,exact,exact,unknown,unknown,f,f,0
B01-024,2026-09-10 12:15:13.097147+00,259272,732,12,,,exact,exact,unknown,unknown,f,f,0
B01-024,2026-09-10 12:35:37.169916+00,260496,735,12,,,exact,exact,unknown,unknown,f,f,0
B01-024,2026-09-10 13:03:18.084442+00,262157,735,12,,,exact,exact,unknown,unknown,f,f,0
B01-024,2026-09-10 13:31:28.09946+00,263847,735,12,,,exact,exact,unknown,unknown,f,f,0
B01-024,2026-09-10 14:06:24.317559+00,265943,735,12,,,exact,exact,unknown,unknown,f,f,0
B01-024,2026-09-10 14:33:52.083802+00,267591,738,12,,,exact,exact,unknown,unknown,f,f,0
B01-024,2026-09-10 15:02:35.832827+00,269315,738,12,,,exact,exact,unknown,unknown,f,f,0
B01-024,2026-09-10 15:36:57.817534+00,271377,739,12,,,exact,exact,unknown,unknown,f,f,0
B01-024,2026-09-10 16:04:15.157042+00,273014,740,12,,,exact,exact,unknown,unknown,f,f,0
B01-024,2026-09-10 16:38:05.411558+00,275044,740,12,,,exact,exact,unknown,unknown,f,f,0
B01-024,2026-09-10 17:06:49.562423+00,276769,740,12,,,exact,exact,unknown,unknown,f,f,0
B01-024,2026-09-10 17:34:10.267506+00,278409,741,12,,,exact,exact,unknown,unknown,f,f,0
B01-024,2026-09-10 18:03:06.302554+00,280145,741,12,,,exact,exact,unknown,unknown,f,f,0
B01-024,2026-09-10 19:53:27.322284+00,286766,742,12,,,exact,exact,unknown,unknown,f,f,1
B01-024,2026-09-11 06:40:36.108738+00,325595,747,12,,,exact,exact,unknown,unknown,f,f,0
B01-024,2026-09-11 07:12:53.30221+00,327532,748,12,,,exact,exact,unknown,unknown,f,f,0
B01-024,2026-09-11 08:22:39.952391+00,331719,751,12,,,exact,exact,unknown,unknown,f,f,1
B01-024,2026-09-11 09:43:07.308947+00,336546,752,12,,,exact,exact,unknown,unknown,f,f,0
B01-024,2026-09-11 10:54:21.925519+00,340821,753,12,,,exact,exact,unknown,unknown,f,f,0
B01-024,2026-09-11 12:19:07.006819+00,345906,754,12,,,exact,exact,unknown,unknown,f,f,0
B01-024,2026-09-11 14:42:33.768436+00,354513,756,12,,,exact,exact,unknown,unknown,f,f,0
B01-024,2026-09-11 16:46:53.610895+00,361973,757,12,,,exact,exact,unknown,unknown,f,f,0
B01-024,2026-09-12 03:00:07.091156+00,398766,758,12,,,exact,exact,unknown,unknown,f,f,0
B01-024,2026-09-12 03:46:31.008229+00,401550,759,12,,,exact,exact,unknown,unknown,f,f,0
B01-024,2026-09-12 08:09:16.266887+00,417315,760,12,,,exact,exact,unknown,unknown,f,f,0
B01-024,2026-09-12 09:22:11.735598+00,421691,761,12,,,exact,exact,unknown,unknown,f,f,0
B01-024,2026-09-12 09:43:04.853535+00,422944,762,12,,,exact,exact,unknown,unknown,f,f,0
B01-024,2026-09-12 12:19:55.109987+00,432354,763,12,,,exact,exact,unknown,unknown,f,f,0
B01-024,2026-09-12 15:06:44.237022+00,442363,765,12,,,exact,exact,unknown,unknown,f,f,0
B01-024,2026-09-13 07:44:10.869119+00,502210,766,12,,,exact,exact,unknown,unknown,f,f,0
B01-024,2026-09-13 12:17:39.616042+00,518619,767,12,,,exact,exact,unknown,unknown,f,f,0
B01-024,2026-09-13 16:40:08.615943+00,534368,769,12,,,exact,exact,unknown,unknown,f,f,0
B01-024,2026-09-13 17:26:01.115752+00,537120,770,12,,,exact,exact,unknown,unknown,f,f,0
B01-024,2026-09-14 04:43:39.361445+00,577778,771,12,,,exact,exact,unknown,unknown,f,f,0
B01-024,2026-09-14 05:27:06.799595+00,580386,773,12,,,exact,exact,unknown,unknown,f,f,0
B01-024,2026-09-14 11:17:58.676498+00,601438,774,12,,,exact,exact,unknown,unknown,f,f,0
B01-024,2026-09-14 11:53:32.269219+00,603571,775,12,,,exact,exact,unknown,unknown,f,f,0
B01-024,2026-09-14 12:08:56.480814+00,604496,776,12,,,exact,exact,unknown,unknown,f,f,0
B01-024,2026-09-14 12:18:20.887413+00,605060,777,12,,,exact,exact,unknown,unknown,f,f,0
B01-024,2026-09-15 00:01:00.159125+00,647219,778,12,,,exact,exact,unknown,unknown,f,f,0
B01-024,2026-09-15 03:50:51.717903+00,661011,779,12,,,exact,exact,unknown,unknown,f,f,0
B01-024,2026-09-15 06:55:54.242618+00,672113,782,12,,,exact,exact,unknown,unknown,f,f,1
B01-024,2026-09-15 07:16:07.267929+00,673326,783,12,,,exact,exact,unknown,unknown,f,f,0
B01-024,2026-09-15 12:26:00.868336+00,691920,785,12,,,exact,exact,unknown,unknown,f,f,1
B01-024,2026-09-15 13:46:01.189418+00,696720,786,12,,,exact,exact,unknown,unknown,f,f,0
B01-024,2026-09-16 13:11:22.068126+00,781041,792,12,,,exact,exact,unknown,unknown,f,f,0
B01-024,2026-09-16 20:33:33.357028+00,807572,793,12,,,exact,exact,unknown,unknown,f,f,0
B01-024,2026-09-17 04:09:56.723726+00,834956,795,12,,,exact,exact,unknown,unknown,f,f,0
B01-024,2026-09-17 12:17:51.949055+00,864231,796,12,,,exact,exact,unknown,unknown,f,f,0
B01-024,2026-09-17 14:55:51.169344+00,873710,797,12,,,exact,exact,unknown,unknown,f,f,0
B01-024,2026-09-18 00:30:40.615698+00,908200,798,12,,,exact,exact,unknown,unknown,f,f,0
B01-024,2026-09-18 04:15:58.652771+00,921718,800,12,,,exact,exact,unknown,unknown,f,f,0
B01-024,2026-09-18 06:11:02.037196+00,928621,801,12,,,exact,exact,unknown,unknown,f,f,0
B01-024,2026-09-18 09:16:03.031115+00,939722,802,12,,,exact,exact,unknown,unknown,f,f,0
B01-024,2026-09-18 10:11:18.062785+00,943037,803,12,,,exact,exact,unknown,unknown,f,f,0
B01-024,2026-09-18 12:16:08.807559+00,950528,804,12,,,exact,exact,unknown,unknown,f,f,0
B01-024,2026-09-18 13:06:03.58466+00,953523,805,12,,,exact,exact,unknown,unknown,f,f,0
B01-024,2026-09-18 17:26:17.038957+00,969136,806,12,,,exact,exact,unknown,unknown,f,f,0
B01-024,2026-09-19 12:20:51.720055+00,1037211,808,12,,,exact,exact,unknown,unknown,f,f,0
B01-024,2026-09-20 12:16:02.769877+00,1123322,809,12,,,exact,exact,unknown,unknown,f,f,0
B01-024,2026-09-21 09:19:38.012581+00,1199137,810,12,,,exact,exact,unknown,unknown,f,f,0
B01-024,2026-09-21 12:23:56.60444+00,1210196,811,12,,,exact,exact,unknown,unknown,f,f,0
B01-024,2026-09-22 12:23:59.205859+00,1296598,812,12,,,exact,exact,unknown,unknown,f,f,0
B01-024,2026-09-23 02:40:53.959018+00,1348013,813,12,,,exact,exact,unknown,unknown,f,f,0
B01-024,2026-09-23 12:16:10.55786+00,1382530,814,12,,,exact,exact,unknown,unknown,f,f,0
B01-024,2026-09-24 12:16:09.255176+00,1468928,815,12,,,exact,exact,unknown,unknown,f,f,0
B01-024,2026-09-25 12:21:10.956157+00,1555630,816,12,,,exact,exact,unknown,unknown,f,f,0
B01-025,2026-09-10 11:04:22.884042+00,6681,1390,24,,,rounded,rounded,unknown,unknown,f,f,0
B01-025,2026-09-10 13:23:01.100438+00,15000,1840,25,,,rounded,rounded,unknown,unknown,f,f,0
B01-025,2026-09-10 15:44:27.883615+00,23486,2050,25,,,rounded,rounded,unknown,unknown,f,f,0
B01-025,2026-09-10 18:09:06.261071+00,32165,2120,25,,,rounded,rounded,unknown,unknown,f,f,0
B01-025,2026-09-10 19:46:22.613791+00,38001,2150,25,,,rounded,rounded,unknown,unknown,f,f,0
B01-025,2026-09-10 19:58:32.362624+00,38731,2160,25,,,rounded,rounded,unknown,unknown,f,f,0
B01-025,2026-09-11 06:57:28.371963+00,78267,2230,25,,,rounded,rounded,unknown,unknown,f,f,0
B01-025,2026-09-11 07:35:55.978648+00,80574,2240,25,,,rounded,rounded,unknown,unknown,f,f,0
B01-025,2026-09-11 07:48:38.176772+00,81337,2250,25,,,rounded,rounded,unknown,unknown,f,f,0
B01-025,2026-09-11 08:01:39.252501+00,82118,2260,25,,,rounded,rounded,unknown,unknown,f,f,0
B01-025,2026-09-11 08:21:28.792018+00,83307,2270,25,,,rounded,rounded,unknown,unknown,f,f,0
B01-025,2026-09-11 09:08:54.60274+00,86153,2280,25,,,rounded,rounded,unknown,unknown,f,f,0
B01-025,2026-09-11 10:01:22.199282+00,89301,2290,25,,,rounded,rounded,unknown,unknown,f,f,0
B01-025,2026-09-11 10:52:36.195196+00,92375,2300,25,,,rounded,rounded,unknown,unknown,f,f,0
B01-025,2026-09-11 11:30:04.661499+00,94623,2310,25,,,rounded,rounded,unknown,unknown,f,f,0
B01-025,2026-09-11 11:42:35.895429+00,95374,2320,25,,,rounded,rounded,unknown,unknown,f,f,0
B01-025,2026-09-11 12:07:05.908086+00,96844,2330,25,,,rounded,rounded,unknown,unknown,f,f,0
B01-025,2026-09-11 12:32:34.05745+00,98373,2340,25,,,rounded,rounded,unknown,unknown,f,f,0
B01-025,2026-09-11 13:13:17.369751+00,100816,2350,25,,,rounded,rounded,unknown,unknown,f,f,0
B01-025,2026-09-11 13:19:40.215708+00,101199,2360,25,,,rounded,rounded,unknown,unknown,f,f,0
B01-025,2026-09-11 13:51:30.007121+00,103109,2370,25,,,rounded,rounded,unknown,unknown,f,f,0
B01-025,2026-09-11 14:32:52.800384+00,105591,2370,26,,,rounded,rounded,unknown,unknown,f,f,0
B01-025,2026-09-11 15:06:22.39008+00,107601,2380,26,,,rounded,rounded,unknown,unknown,f,f,0
B01-025,2026-09-11 15:46:14.671907+00,109993,2410,26,,,rounded,rounded,unknown,unknown,f,f,0
B01-025,2026-09-11 16:05:30.70188+00,111149,2410,29,,,rounded,rounded,unknown,unknown,f,f,0
B01-025,2026-09-11 16:18:39.713898+00,111938,2420,29,,,rounded,rounded,unknown,unknown,f,f,0
B01-025,2026-09-11 16:38:09.484807+00,113108,2430,29,,,rounded,rounded,unknown,unknown,f,f,0
B01-025,2026-09-11 17:10:03.473658+00,115022,2430,30,,,rounded,rounded,unknown,unknown,f,f,0
B01-025,2026-09-11 17:23:08.049917+00,115807,2440,30,,,rounded,rounded,unknown,unknown,f,f,0
B01-025,2026-09-11 18:00:13.415181+00,118032,2440,31,,,rounded,rounded,unknown,unknown,f,f,0
B01-025,2026-09-11 18:39:14.406596+00,120373,2450,31,,,rounded,rounded,unknown,unknown,f,f,0
B01-025,2026-09-11 19:49:02.867656+00,124561,2460,31,,,rounded,rounded,unknown,unknown,f,f,0
B01-025,2026-09-11 21:33:06.487055+00,130805,2470,31,,,rounded,rounded,unknown,unknown,f,f,0
B01-025,2026-09-12 04:34:59.609233+00,156118,2480,31,,,rounded,rounded,unknown,unknown,f,f,0
B01-025,2026-09-12 07:32:22.217795+00,166761,2490,31,,,rounded,rounded,unknown,unknown,f,f,0
B01-025,2026-09-12 09:35:08.167725+00,174127,2500,31,,,rounded,rounded,unknown,unknown,f,f,0
B01-025,2026-09-12 10:18:11.546591+00,176710,2510,31,,,rounded,rounded,unknown,unknown,f,f,0
B01-025,2026-09-12 12:36:12.745829+00,184991,2520,31,,,rounded,rounded,unknown,unknown,f,f,0
B01-025,2026-09-12 15:41:21.368023+00,196100,2530,31,,,rounded,rounded,unknown,unknown,f,f,0
B01-025,2026-09-12 16:41:01.87429+00,199680,2530,34,,,rounded,rounded,unknown,unknown,f,f,0
B01-025,2026-09-12 22:58:05.426458+00,222304,2540,34,,,rounded,rounded,unknown,unknown,f,f,0
B01-025,2026-09-13 09:07:55.389091+00,258894,2550,34,,,rounded,rounded,unknown,unknown,f,f,0
B01-025,2026-09-13 10:01:10.031333+00,262089,2560,34,,,rounded,rounded,unknown,unknown,f,f,0
B01-025,2026-09-13 11:33:55.203375+00,267654,2570,34,,,rounded,rounded,unknown,unknown,f,f,0
B01-025,2026-09-13 13:32:28.817645+00,274767,2580,34,,,rounded,rounded,unknown,unknown,f,f,0
B01-025,2026-09-13 14:06:12.816871+00,276791,2590,34,,,rounded,rounded,unknown,unknown,f,f,0
B01-025,2026-09-13 14:46:56.828123+00,279235,2600,34,,,rounded,rounded,unknown,unknown,f,f,0
B01-025,2026-09-13 17:15:30.893413+00,288149,2610,34,,,rounded,rounded,unknown,unknown,f,f,0
B01-025,2026-09-13 20:06:45.948363+00,298424,2620,34,,,rounded,rounded,unknown,unknown,f,f,0
B01-025,2026-09-14 04:39:00.662573+00,329159,2630,34,,,rounded,rounded,unknown,unknown,f,f,0
B01-025,2026-09-14 07:43:42.408719+00,340241,2640,34,,,rounded,rounded,unknown,unknown,f,f,0
B01-025,2026-09-14 08:04:28.581633+00,341487,2650,34,,,rounded,rounded,unknown,unknown,f,f,0
B01-025,2026-09-14 08:32:43.657496+00,343182,2660,34,,,rounded,rounded,unknown,unknown,f,f,0
B01-025,2026-09-14 09:00:56.789369+00,344875,2670,34,,,rounded,rounded,unknown,unknown,f,f,0
B01-025,2026-09-14 10:22:31.580335+00,349770,2680,34,,,rounded,rounded,unknown,unknown,f,f,0
B01-025,2026-09-14 11:37:11.200033+00,354250,2690,34,,,rounded,rounded,unknown,unknown,f,f,0
B01-025,2026-09-14 12:01:54.988636+00,355733,2690,35,,,rounded,rounded,unknown,unknown,f,f,0
B01-025,2026-09-14 12:41:44.912848+00,358123,2700,35,,,rounded,rounded,unknown,unknown,f,f,0
B01-025,2026-09-14 14:17:01.705651+00,363840,2710,35,,,rounded,rounded,unknown,unknown,f,f,0
B01-025,2026-09-14 15:56:46.569338+00,369825,2720,35,,,rounded,rounded,unknown,unknown,f,f,0
B01-025,2026-09-14 17:37:54.227965+00,375893,2730,35,,,rounded,rounded,unknown,unknown,f,f,0
B01-025,2026-09-14 20:23:02.958823+00,385801,2740,35,,,rounded,rounded,unknown,unknown,f,f,0
B01-025,2026-09-15 07:16:56.674827+00,425035,2750,35,,,rounded,rounded,unknown,unknown,f,f,0
B01-025,2026-09-15 08:02:02.728068+00,427741,2760,35,,,rounded,rounded,unknown,unknown,f,f,0
B01-025,2026-09-15 10:02:04.427968+00,434943,2760,36,,,rounded,rounded,unknown,unknown,f,f,0
B01-025,2026-09-15 10:32:03.549969+00,436742,2770,36,,,rounded,rounded,unknown,unknown,f,f,0
B01-025,2026-09-15 11:12:06.531959+00,439145,2780,36,,,rounded,rounded,unknown,unknown,f,f,0
B01-025,2026-09-15 11:32:05.248851+00,440344,2780,39,,,rounded,rounded,unknown,unknown,f,f,0
B01-025,2026-09-15 12:57:05.092043+00,445444,2810,39,,,rounded,rounded,unknown,unknown,f,f,0
B01-025,2026-09-15 13:07:14.209243+00,446053,2820,39,,,rounded,rounded,unknown,unknown,f,f,0
B01-025,2026-09-15 18:12:53.12493+00,464392,2830,39,,,rounded,rounded,unknown,unknown,f,f,0
B01-025,2026-09-16 03:54:44.815435+00,499303,2840,39,,,rounded,rounded,unknown,unknown,f,f,0
B01-025,2026-09-16 07:55:04.949138+00,513723,2850,39,,,rounded,rounded,unknown,unknown,f,f,0
B01-025,2026-09-16 10:57:01.06706+00,524640,2860,39,,,rounded,rounded,unknown,unknown,f,f,0
B01-025,2026-09-16 14:15:55.417042+00,536574,2870,39,,,rounded,rounded,unknown,unknown,f,f,0
B01-025,2026-09-16 15:19:37.045135+00,540396,2880,39,,,rounded,rounded,unknown,unknown,f,f,0
B01-025,2026-09-16 17:14:01.135481+00,547260,2890,39,,,rounded,rounded,unknown,unknown,f,f,0
B01-025,2026-09-16 23:17:15.535948+00,569054,2900,39,,,rounded,rounded,unknown,unknown,f,f,0
B01-025,2026-09-17 08:22:27.303226+00,601766,2910,39,,,rounded,rounded,unknown,unknown,f,f,0
B01-025,2026-09-17 11:12:49.243989+00,611988,2920,39,,,rounded,rounded,unknown,unknown,f,f,0
B01-025,2026-09-17 18:52:54.978813+00,639593,2930,39,,,rounded,rounded,unknown,unknown,f,f,0
B01-025,2026-09-18 12:18:06.174464+00,702305,2940,39,,,rounded,rounded,unknown,unknown,f,f,0
B01-025,2026-09-18 23:53:03.23463+00,744002,2950,39,,,rounded,rounded,unknown,unknown,f,f,0
B01-025,2026-09-19 09:37:55.824804+00,779094,2950,40,,,rounded,rounded,unknown,unknown,f,f,0
B01-025,2026-09-20 05:08:01.704068+00,849300,2960,40,,,rounded,rounded,unknown,unknown,f,f,0
B01-025,2026-09-20 07:43:07.586841+00,858606,3020,123,,,rounded,rounded,unknown,unknown,f,f,0
B01-025,2026-09-20 08:03:10.659474+00,859809,3060,171,,,rounded,rounded,unknown,unknown,f,f,0
B01-025,2026-09-20 09:13:08.197514+00,864007,3070,171,,,rounded,rounded,unknown,unknown,f,f,0
B01-025,2026-09-20 10:43:16.169332+00,869415,3190,171,,,rounded,rounded,unknown,unknown,f,f,0
B01-025,2026-09-21 07:41:43.370166+00,944922,3200,171,,,rounded,rounded,unknown,unknown,f,f,0
B01-025,2026-09-21 09:50:20.179805+00,952639,3200,174,,,rounded,rounded,unknown,unknown,f,f,0
B01-025,2026-09-21 14:00:17.268972+00,967636,3210,174,,,rounded,rounded,unknown,unknown,f,f,0
B01-025,2026-09-22 09:58:20.650655+00,1039519,3220,174,,,rounded,rounded,unknown,unknown,f,f,0
B01-025,2026-09-23 10:02:59.929687+00,1126198,3220,174,,,rounded,rounded,unknown,unknown,f,f,0
B01-025,2026-09-23 21:07:59.468043+00,1166098,3230,174,,,rounded,rounded,unknown,unknown,f,f,0
B01-025,2026-09-24 21:13:02.234402+00,1252801,3230,174,,,rounded,rounded,unknown,unknown,f,f,0
B01-025,2026-09-24 22:02:59.411622+00,1255798,3240,174,,,rounded,rounded,unknown,unknown,f,f,0
B01-025,2026-09-25 20:37:58.721099+00,1337097,3250,174,,,rounded,rounded,unknown,unknown,f,f,0
B01-026,2026-09-07 14:05:00.370736+00,2100,83,0,0,0,exact,exact,exact,exact,f,f,0
B01-026,2026-09-07 14:15:53.05539+00,2753,106,0,0,0,exact,exact,exact,exact,f,f,0
B01-026,2026-09-07 14:26:00.411203+00,3360,138,1,0,0,exact,exact,exact,exact,f,f,0
B01-026,2026-09-07 14:36:58.692668+00,4018,164,1,0,0,exact,exact,exact,exact,f,f,0
B01-026,2026-09-07 14:51:55.762426+00,4915,180,1,0,0,exact,exact,exact,exact,f,f,0
B01-026,2026-09-07 15:02:04.296805+00,5524,185,1,0,1,exact,exact,exact,exact,f,f,0
B01-026,2026-09-07 15:12:56.039802+00,6176,203,1,0,1,exact,exact,exact,exact,f,f,0
B01-026,2026-09-07 15:23:09.323035+00,6789,214,1,0,1,exact,exact,exact,exact,f,f,0
B01-026,2026-09-07 15:33:26.211273+00,7406,223,1,0,1,exact,exact,exact,exact,f,f,0
B01-026,2026-09-07 15:43:39.2016+00,8019,240,1,0,1,exact,exact,exact,exact,f,f,0
B01-026,2026-09-07 15:53:41.47124+00,8621,251,1,0,1,exact,exact,exact,exact,f,f,0
B01-026,2026-09-07 16:03:39.728074+00,9219,263,1,0,1,exact,exact,exact,exact,f,f,0
B01-026,2026-09-07 16:15:47.665503+00,9947,272,1,0,1,exact,exact,exact,exact,f,f,0
B01-026,2026-09-07 16:31:03.993676+00,10863,297,1,0,1,exact,exact,exact,exact,f,f,0
B01-026,2026-09-07 16:41:18.006793+00,11478,308,1,0,1,exact,exact,exact,exact,f,f,0
B01-026,2026-09-07 16:51:24.597169+00,12084,331,1,0,1,exact,exact,exact,exact,f,f,0
B01-026,2026-09-07 17:01:22.10819+00,12682,348,1,0,1,exact,exact,exact,exact,f,f,0
B01-026,2026-09-07 17:12:23.972616+00,13343,365,2,0,1,exact,exact,exact,exact,f,f,0
B01-026,2026-09-07 17:22:33.575018+00,13953,381,2,0,1,exact,exact,exact,exact,f,f,0
B01-026,2026-09-07 17:32:15.956235+00,14535,397,3,0,1,exact,exact,exact,exact,f,f,0
B01-026,2026-09-07 17:42:25.03516+00,15145,410,3,0,1,exact,exact,exact,exact,f,f,0
B01-026,2026-09-07 17:52:11.170949+00,15731,425,3,0,1,exact,exact,exact,exact,f,f,0
B01-026,2026-09-07 18:02:24.704409+00,16344,440,3,0,1,exact,exact,exact,exact,f,f,0
B01-026,2026-09-07 18:13:18.029192+00,16998,456,4,0,1,exact,exact,exact,exact,f,f,0
B01-026,2026-09-07 18:23:26.261867+00,17606,473,4,0,1,exact,exact,exact,exact,f,f,0
B01-026,2026-09-07 18:33:22.630537+00,18202,485,4,0,1,exact,exact,exact,exact,f,f,0
B01-026,2026-09-07 18:43:51.820085+00,18831,506,4,0,1,exact,exact,exact,exact,f,f,0
B01-026,2026-09-07 18:54:07.746478+00,19447,512,4,0,1,exact,exact,exact,exact,f,f,0
B01-026,2026-09-07 19:04:30.197004+00,20070,525,4,0,1,exact,exact,exact,exact,f,f,0
B01-026,2026-09-07 19:15:55.002045+00,20755,537,4,0,1,exact,exact,exact,exact,f,f,0
B01-026,2026-09-07 19:26:08.602039+00,21368,549,5,0,1,exact,exact,exact,exact,f,f,0
B01-026,2026-09-07 19:36:07.870998+00,21967,565,5,0,1,exact,exact,exact,exact,f,f,0
B01-026,2026-09-07 19:46:14.260422+00,22574,570,5,0,1,exact,exact,exact,exact,f,f,0
B01-026,2026-09-07 19:56:00.633455+00,23160,583,6,0,1,exact,exact,exact,exact,f,f,0
B01-026,2026-09-07 20:07:06.515326+00,23826,601,6,0,1,exact,exact,exact,exact,f,f,0
B01-026,2026-09-07 21:16:33.801248+00,27993,639,7,0,1,exact,exact,exact,exact,f,f,0
B01-026,2026-09-07 21:26:30.437716+00,28590,644,7,0,1,exact,exact,exact,exact,f,f,0
B01-026,2026-09-07 21:36:47.471206+00,29207,646,7,0,1,exact,exact,exact,exact,f,f,0
B01-026,2026-09-07 21:46:29.841816+00,29789,651,7,0,1,exact,exact,exact,exact,f,f,0
B01-026,2026-09-07 21:56:38.865226+00,30398,655,7,0,1,exact,exact,exact,exact,f,f,0
B01-026,2026-09-07 22:07:21.298729+00,31041,655,7,0,1,exact,exact,exact,exact,f,f,0
B01-026,2026-09-07 22:17:33.964891+00,31653,657,7,0,1,exact,exact,exact,exact,f,f,0
B01-026,2026-09-07 22:27:05.486741+00,32225,658,7,0,1,exact,exact,exact,exact,f,f,0
B01-026,2026-09-07 22:37:17.83148+00,32837,660,7,0,1,exact,exact,exact,exact,f,f,0
B01-026,2026-09-07 22:46:47.154764+00,33407,664,7,0,1,exact,exact,exact,exact,f,f,0
B01-026,2026-09-07 22:56:48.952267+00,34008,664,7,0,1,exact,exact,exact,exact,f,f,0
B01-026,2026-09-07 23:07:35.493541+00,34655,666,7,0,1,exact,exact,exact,exact,f,f,0
B01-026,2026-09-07 23:17:39.960396+00,35259,666,7,0,1,exact,exact,exact,exact,f,f,0
B01-026,2026-09-07 23:27:17.841755+00,35837,666,7,0,1,exact,exact,exact,exact,f,f,0
B01-026,2026-09-07 23:37:43.516069+00,36463,666,7,0,1,exact,exact,exact,exact,f,f,0
B01-026,2026-09-07 23:47:40.87168+00,37060,667,7,0,1,exact,exact,exact,exact,f,f,0
B01-026,2026-09-07 23:57:13.539792+00,37633,667,7,0,1,exact,exact,exact,exact,f,f,0
B01-026,2026-09-08 00:08:23.05827+00,38303,667,7,0,1,exact,exact,exact,exact,f,f,0
B01-026,2026-09-08 00:18:08.144035+00,38888,667,7,0,1,exact,exact,exact,exact,f,f,0
B01-026,2026-09-08 00:28:17.833986+00,39497,667,7,0,1,exact,exact,exact,exact,f,f,0
B01-026,2026-09-08 00:38:03.291637+00,40083,670,7,0,1,exact,exact,exact,exact,f,f,0
B01-026,2026-09-08 00:48:15.875476+00,40695,670,7,0,1,exact,exact,exact,exact,f,f,0
B01-026,2026-09-08 00:58:03.738522+00,41283,670,7,0,1,exact,exact,exact,exact,f,f,0
B01-026,2026-09-08 01:09:08.109476+00,41948,670,7,0,1,exact,exact,exact,exact,f,f,0
B01-026,2026-09-08 01:18:50.205382+00,42530,672,7,0,1,exact,exact,exact,exact,f,f,0
B01-026,2026-09-08 01:28:51.885248+00,43131,674,7,0,1,exact,exact,exact,exact,f,f,0
B01-026,2026-09-08 01:38:30.428855+00,43710,674,7,0,1,exact,exact,exact,exact,f,f,0
B01-026,2026-09-08 01:48:27.049906+00,44307,677,7,0,1,exact,exact,exact,exact,f,f,0
B01-026,2026-09-08 01:58:02.064679+00,44882,677,7,0,1,exact,exact,exact,exact,f,f,0
B01-026,2026-09-08 02:09:10.641025+00,45550,679,7,0,1,exact,exact,exact,exact,f,f,0
B01-026,2026-09-08 02:18:57.270681+00,46137,680,7,0,1,exact,exact,exact,exact,f,f,0
B01-026,2026-09-08 02:28:51.430462+00,46731,680,7,0,1,exact,exact,exact,exact,f,f,0
B01-026,2026-09-08 02:38:45.027109+00,47325,680,7,0,1,exact,exact,exact,exact,f,f,0
B01-026,2026-09-08 02:48:49.970733+00,47929,681,7,0,1,exact,exact,exact,exact,f,f,0
B01-026,2026-09-08 02:58:43.39494+00,48523,688,7,0,1,exact,exact,exact,exact,f,f,0
B01-026,2026-09-08 03:09:45.741708+00,49185,688,7,0,1,exact,exact,exact,exact,f,f,0
B01-026,2026-09-08 03:20:02.436339+00,49802,693,7,0,1,exact,exact,exact,exact,f,f,0
B01-026,2026-09-08 03:30:03.52894+00,50403,694,7,0,1,exact,exact,exact,exact,f,f,0
B01-026,2026-09-08 03:40:10.866695+00,51010,694,7,0,1,exact,exact,exact,exact,f,f,0
B01-026,2026-09-08 03:50:19.684596+00,51619,696,7,0,1,exact,exact,exact,exact,f,f,0
B01-026,2026-09-08 04:00:15.024922+00,52215,697,7,0,1,exact,exact,exact,exact,f,f,0
B01-026,2026-09-08 04:11:24.368621+00,52884,698,7,0,1,exact,exact,exact,exact,f,f,0
B01-026,2026-09-08 04:21:27.181488+00,53487,702,7,0,1,exact,exact,exact,exact,f,f,0
B01-026,2026-09-08 04:31:41.909377+00,54101,706,7,0,1,exact,exact,exact,exact,f,f,0
B01-026,2026-09-08 04:41:36.594806+00,54696,707,7,0,1,exact,exact,exact,exact,f,f,0
B01-026,2026-09-08 04:51:57.56933+00,55317,715,7,0,1,exact,exact,exact,exact,f,f,0
B01-026,2026-09-08 05:01:41.818684+00,55901,717,7,0,1,exact,exact,exact,exact,f,f,0
B01-026,2026-09-08 05:13:03.616141+00,56583,719,7,0,1,exact,exact,exact,exact,f,f,0
B01-026,2026-09-08 05:23:14.680405+00,57194,725,7,0,1,exact,exact,exact,exact,f,f,0
B01-026,2026-09-08 05:34:07.748035+00,57847,732,7,0,1,exact,exact,exact,exact,f,f,0
B01-026,2026-09-08 05:44:38.03888+00,58478,738,7,0,1,exact,exact,exact,exact,f,f,0
B01-026,2026-09-08 05:55:11.772998+00,59111,742,7,0,1,exact,exact,exact,exact,f,f,0
B01-026,2026-09-08 06:06:38.767874+00,59798,745,7,0,1,exact,exact,exact,exact,f,f,0
B01-026,2026-09-08 06:17:02.834435+00,60422,749,7,0,1,exact,exact,exact,exact,f,f,0
B01-026,2026-09-08 06:27:22.125217+00,61042,753,7,0,1,exact,exact,exact,exact,f,f,0
B01-026,2026-09-08 06:37:55.013834+00,61675,754,7,0,1,exact,exact,exact,exact,f,f,0
B01-026,2026-09-08 06:47:58.347507+00,62278,758,7,0,1,exact,exact,exact,exact,f,f,0
B01-026,2026-09-08 06:58:22.111051+00,62902,762,7,0,1,exact,exact,exact,exact,f,f,0
B01-026,2026-09-08 07:09:47.630085+00,63587,767,7,0,1,exact,exact,exact,exact,f,f,0
B01-026,2026-09-08 07:20:16.077365+00,64216,778,7,0,1,exact,exact,exact,exact,f,f,0
B01-026,2026-09-08 07:30:49.412966+00,64849,794,7,0,1,exact,exact,exact,exact,f,f,0
B01-026,2026-09-08 07:41:07.207761+00,65467,803,7,0,1,exact,exact,exact,exact,f,f,0
B01-026,2026-09-08 07:51:58.075754+00,66118,809,7,0,1,exact,exact,exact,exact,f,f,0
B01-026,2026-09-08 08:02:03.454395+00,66723,818,7,0,1,exact,exact,exact,exact,f,f,0
B01-026,2026-09-08 08:13:35.376608+00,67415,827,7,0,1,exact,exact,exact,exact,f,f,0
B01-026,2026-09-08 08:23:47.866206+00,68027,842,7,0,1,exact,exact,exact,exact,f,f,0
B01-026,2026-09-08 08:34:24.711017+00,68664,851,7,0,1,exact,exact,exact,exact,f,f,0
B01-026,2026-09-08 08:44:31.601647+00,69271,859,10,0,1,exact,exact,exact,exact,f,f,0
B01-026,2026-09-08 08:55:15.332054+00,69915,956,62,0,1,exact,exact,exact,exact,f,f,0
B01-026,2026-09-08 09:06:31.196598+00,70591,1008,80,0,1,exact,exact,exact,exact,f,f,0
B01-026,2026-09-08 09:17:20.668622+00,71240,1053,102,0,1,exact,exact,exact,exact,f,f,0
B01-026,2026-09-08 09:28:00.218675+00,71880,1095,118,0,1,exact,exact,exact,exact,f,f,0
B01-026,2026-09-08 09:38:24.511457+00,72504,1121,125,0,1,exact,exact,exact,exact,f,f,0
B01-026,2026-09-08 09:49:00.184306+00,73140,1132,126,0,1,exact,exact,exact,exact,f,f,0
B01-026,2026-09-08 09:59:25.166376+00,73765,1144,127,0,1,exact,exact,exact,exact,f,f,0
B01-026,2026-09-08 10:11:19.676934+00,74479,1155,127,0,1,exact,exact,exact,exact,f,f,0
B01-026,2026-09-08 10:21:41.469754+00,75101,1162,127,0,1,exact,exact,exact,exact,f,f,0
B01-026,2026-09-08 10:32:21.922577+00,75741,1164,127,0,1,exact,exact,exact,exact,f,f,0
B01-026,2026-09-08 10:42:49.518463+00,76369,1169,127,0,1,exact,exact,exact,exact,f,f,0
B01-026,2026-09-08 10:53:33.587148+00,77013,1173,128,0,1,exact,exact,exact,exact,f,f,0
B01-026,2026-09-08 11:04:05.929682+00,77645,1174,128,0,1,exact,exact,exact,exact,f,f,0
B01-026,2026-09-08 11:15:53.574369+00,78353,1177,128,0,1,exact,exact,exact,exact,f,f,0
B01-026,2026-09-08 11:26:34.605394+00,78994,1185,128,0,1,exact,exact,exact,exact,f,f,0
B01-026,2026-09-08 11:37:28.999162+00,79648,1192,128,0,1,exact,exact,exact,exact,f,f,0
B01-026,2026-09-08 11:48:07.17897+00,80287,1194,128,0,1,exact,exact,exact,exact,f,f,0
B01-026,2026-09-08 11:58:41.638911+00,80921,1196,128,0,1,exact,exact,exact,exact,f,f,0
B01-026,2026-09-08 12:10:17.874824+00,81617,1201,128,0,1,exact,exact,exact,exact,f,f,0
B01-026,2026-09-08 12:20:43.172177+00,82243,1203,128,0,1,exact,exact,exact,exact,f,f,0
B01-026,2026-09-08 12:31:21.046731+00,82881,1204,128,0,1,exact,exact,exact,exact,f,f,0
B01-026,2026-09-08 12:41:46.683869+00,83506,1211,128,0,1,exact,exact,exact,exact,f,f,0
B01-026,2026-09-08 12:52:33.73864+00,84153,1214,128,0,1,exact,exact,exact,exact,f,f,0
B01-026,2026-09-08 13:02:49.24694+00,84769,1215,128,0,1,exact,exact,exact,exact,f,f,0
B01-026,2026-09-08 13:14:43.081766+00,85483,1225,129,0,1,exact,exact,exact,exact,f,f,0
B01-026,2026-09-08 13:24:51.849493+00,86091,1228,129,0,1,exact,exact,exact,exact,f,f,0
B01-026,2026-09-08 13:36:01.226624+00,86761,1228,129,0,1,exact,exact,exact,exact,f,f,0
B01-026,2026-09-08 13:57:32.759925+00,88052,1235,129,0,1,exact,exact,exact,exact,f,f,0
B01-026,2026-09-08 14:09:03.484294+00,88743,1236,129,0,1,exact,exact,exact,exact,f,f,0
B01-026,2026-09-08 14:30:57.664733+00,90057,1240,129,0,1,exact,exact,exact,exact,f,f,0
B01-026,2026-09-08 14:41:40.23151+00,90700,1240,129,0,1,exact,exact,exact,exact,f,f,0
B01-026,2026-09-08 14:52:49.649202+00,91369,1243,129,0,1,exact,exact,exact,exact,f,f,0
B01-026,2026-09-08 15:15:17.350874+00,92717,1252,129,0,1,exact,exact,exact,exact,f,f,0
B01-026,2026-09-08 15:25:55.580002+00,93355,1255,129,0,1,exact,exact,exact,exact,f,f,0
B01-026,2026-09-08 15:38:07.549317+00,94087,1258,129,0,1,exact,exact,exact,exact,f,f,0
B01-026,2026-09-08 15:54:13.625022+00,95053,1277,129,0,1,exact,exact,exact,exact,f,f,0
B01-026,2026-09-08 16:16:31.867753+00,96391,1287,129,0,1,exact,exact,exact,exact,f,f,0
B01-026,2026-09-08 16:28:46.340223+00,97126,1290,129,0,1,exact,exact,exact,exact,f,f,0
B01-026,2026-09-08 16:45:05.95471+00,98105,1291,129,0,1,exact,exact,exact,exact,f,f,0
B01-026,2026-09-08 16:55:56.354771+00,98756,1293,129,0,1,exact,exact,exact,exact,f,f,0
B01-026,2026-09-08 17:08:04.109846+00,99484,1300,129,0,1,exact,exact,exact,exact,f,f,0
B01-026,2026-09-08 17:31:25.499988+00,100885,1303,130,0,1,exact,exact,exact,exact,f,f,0
B01-026,2026-09-08 17:42:33.4166+00,101553,1305,130,0,1,exact,exact,exact,exact,f,f,0
B01-026,2026-09-08 17:53:05.85289+00,102185,1309,130,0,1,exact,exact,exact,exact,f,f,0
B01-026,2026-09-08 18:15:41.868357+00,103541,1314,130,0,1,exact,exact,exact,exact,f,f,0
B01-026,2026-09-08 18:25:59.479275+00,104159,1317,130,0,1,exact,exact,exact,exact,f,f,0
B01-026,2026-09-08 18:36:19.646419+00,104779,1319,130,0,1,exact,exact,exact,exact,f,f,0
B01-026,2026-09-08 18:57:07.767902+00,106027,1325,130,0,1,exact,exact,exact,exact,f,f,0
B01-026,2026-09-08 19:10:23.474931+00,106823,1330,130,0,1,exact,exact,exact,exact,f,f,0
B01-026,2026-09-08 19:20:58.569745+00,107458,1331,130,0,1,exact,exact,exact,exact,f,f,0
B01-026,2026-09-08 19:43:24.301849+00,108804,1333,130,0,1,exact,exact,exact,exact,f,f,0
B01-026,2026-09-08 19:55:17.446609+00,109517,1340,130,0,1,exact,exact,exact,exact,f,f,0
B01-026,2026-09-08 20:08:39.478285+00,110319,1358,130,0,1,exact,exact,exact,exact,f,f,0
B01-026,2026-09-08 20:31:31.231324+00,111691,1359,130,0,1,exact,exact,exact,exact,f,f,0
B01-026,2026-09-08 20:42:27.22938+00,112347,1362,130,0,1,exact,exact,exact,exact,f,f,0
B01-026,2026-09-08 20:53:31.287535+00,113011,1363,130,0,1,exact,exact,exact,exact,f,f,0
B01-026,2026-09-08 21:14:18.693345+00,114258,1364,130,0,1,exact,exact,exact,exact,f,f,0
B01-026,2026-09-08 21:30:33.174427+00,115233,1364,130,0,1,exact,exact,exact,exact,f,f,0
B01-026,2026-09-08 21:46:40.634574+00,116200,1365,130,0,1,exact,exact,exact,exact,f,f,0
B01-026,2026-09-08 22:02:36.681194+00,117156,1366,130,0,1,exact,exact,exact,exact,f,f,0
B01-026,2026-09-08 22:13:57.813567+00,117837,1366,130,0,1,exact,exact,exact,exact,f,f,0
B01-026,2026-09-08 22:24:00.274556+00,118440,1367,130,0,1,exact,exact,exact,exact,f,f,0
B01-026,2026-09-08 22:43:18.859632+00,119598,1369,130,0,1,exact,exact,exact,exact,f,f,0
B01-026,2026-09-08 22:53:11.547473+00,120191,1369,130,0,1,exact,exact,exact,exact,f,f,0
B01-026,2026-09-08 23:13:25.107511+00,121405,1369,130,0,1,exact,exact,exact,exact,f,f,0
B01-026,2026-09-08 23:22:52.455318+00,121972,1371,130,0,1,exact,exact,exact,exact,f,f,0
B01-026,2026-09-08 23:41:59.425794+00,123119,1372,130,0,1,exact,exact,exact,exact,f,f,0
B01-026,2026-09-08 23:51:45.583405+00,123705,1373,130,0,1,exact,exact,exact,exact,f,f,0
B01-026,2026-09-09 00:11:50.240974+00,124910,1375,130,0,1,exact,exact,exact,exact,f,f,0
B01-026,2026-09-09 00:21:43.579618+00,125503,1376,130,0,1,exact,exact,exact,exact,f,f,0
B01-026,2026-09-09 00:40:59.069802+00,126659,1376,130,0,1,exact,exact,exact,exact,f,f,0
B01-026,2026-09-09 00:50:44.569267+00,127244,1378,130,0,1,exact,exact,exact,exact,f,f,0
B01-026,2026-09-09 01:10:40.879436+00,128440,1378,130,0,1,exact,exact,exact,exact,f,f,0
B01-026,2026-09-09 01:20:07.726885+00,129007,1378,130,0,1,exact,exact,exact,exact,f,f,0
B01-026,2026-09-09 01:39:27.452976+00,130167,1378,130,0,1,exact,exact,exact,exact,f,f,0
B01-026,2026-09-09 01:58:49.794531+00,131329,1378,130,0,1,exact,exact,exact,exact,f,f,0
B01-026,2026-09-09 02:09:51.181882+00,131991,1379,130,0,1,exact,exact,exact,exact,f,f,0
B01-026,2026-09-09 02:19:20.322998+00,132560,1380,130,0,1,exact,exact,exact,exact,f,f,0
B01-026,2026-09-09 02:38:40.803675+00,133720,1380,130,0,1,exact,exact,exact,exact,f,f,0
B01-026,2026-09-09 02:58:07.901241+00,134887,1380,130,0,1,exact,exact,exact,exact,f,f,0
B01-026,2026-09-09 03:10:55.646957+00,135655,1380,130,0,1,exact,exact,exact,exact,f,f,0
B01-026,2026-09-09 03:21:25.172499+00,136285,1380,130,0,1,exact,exact,exact,exact,f,f,0
B01-026,2026-09-09 03:41:10.832871+00,137470,1381,130,0,1,exact,exact,exact,exact,f,f,0
B01-026,2026-09-09 03:51:22.238249+00,138082,1381,130,0,1,exact,exact,exact,exact,f,f,0
B01-026,2026-09-09 04:11:48.933528+00,139308,1381,130,0,1,exact,exact,exact,exact,f,f,0
B01-026,2026-09-09 04:21:43.136838+00,139903,1382,130,0,1,exact,exact,exact,exact,f,f,0
B01-026,2026-09-09 04:41:35.490682+00,141095,1385,130,0,1,exact,exact,exact,exact,f,f,0
B01-026,2026-09-09 04:51:42.135785+00,141702,1385,130,0,1,exact,exact,exact,exact,f,f,0
B01-026,2026-09-09 05:14:28.651076+00,143068,1386,130,0,1,exact,exact,exact,exact,f,f,0
B01-026,2026-09-09 05:26:18.250608+00,143778,1387,130,0,1,exact,exact,exact,exact,f,f,0
B01-026,2026-09-09 05:37:29.857266+00,144449,1388,130,0,1,exact,exact,exact,exact,f,f,0
B01-026,2026-09-09 06:00:16.347475+00,145816,1395,130,0,1,exact,exact,exact,exact,f,f,0
B01-026,2026-09-09 06:14:36.647596+00,146676,1395,130,0,1,exact,exact,exact,exact,f,f,0
B01-026,2026-09-09 06:25:19.939391+00,147319,1396,130,0,1,exact,exact,exact,exact,f,f,0
B01-026,2026-09-09 06:35:38.651624+00,147938,1398,130,0,1,exact,exact,exact,exact,f,f,0
B01-026,2026-09-09 06:55:46.955682+00,149146,1398,130,0,1,exact,exact,exact,exact,f,f,0
B01-026,2026-09-09 07:07:19.325046+00,149839,1401,130,0,1,exact,exact,exact,exact,f,f,0
B01-026,2026-09-09 07:27:56.462748+00,151076,1402,130,0,1,exact,exact,exact,exact,f,f,0
B01-026,2026-09-09 07:37:41.888981+00,151661,1403,130,0,1,exact,exact,exact,exact,f,f,0
B01-026,2026-09-09 07:57:31.479325+00,152851,1404,130,0,1,exact,exact,exact,exact,f,f,0
B01-026,2026-09-09 08:08:59.249134+00,153539,1405,130,0,1,exact,exact,exact,exact,f,f,0
B01-026,2026-09-09 08:29:21.312742+00,154761,1405,130,0,1,exact,exact,exact,exact,f,f,0
B01-026,2026-09-09 08:39:50.119474+00,155390,1405,130,0,1,exact,exact,exact,exact,f,f,0
B01-026,2026-09-09 08:50:09.261682+00,156009,1408,130,0,1,exact,exact,exact,exact,f,f,0
B01-026,2026-09-09 09:11:51.289894+00,157311,1410,130,0,1,exact,exact,exact,exact,f,f,0
B01-026,2026-09-09 09:22:17.896157+00,157937,1412,130,0,1,exact,exact,exact,exact,f,f,0
B01-026,2026-09-09 09:42:44.339755+00,159164,1415,130,0,1,exact,exact,exact,exact,f,f,0
B01-026,2026-09-09 09:53:12.135119+00,159792,1416,130,0,1,exact,exact,exact,exact,f,f,0
B01-026,2026-09-09 10:14:57.026717+00,161097,1422,130,0,1,exact,exact,exact,exact,f,f,0
B01-026,2026-09-09 10:25:10.683385+00,161710,1422,130,0,1,exact,exact,exact,exact,f,f,0
B01-026,2026-09-09 10:35:42.636244+00,162342,1423,130,0,1,exact,exact,exact,exact,f,f,0
B01-026,2026-09-09 10:55:59.138738+00,163559,1429,130,0,1,exact,exact,exact,exact,f,f,0
B01-026,2026-09-09 11:08:00.879446+00,164280,1429,130,0,1,exact,exact,exact,exact,f,f,0
B01-026,2026-09-09 11:29:14.864232+00,165554,1436,130,0,1,exact,exact,exact,exact,f,f,0
B01-026,2026-09-09 11:39:39.821607+00,166179,1437,130,0,1,exact,exact,exact,exact,f,f,0
B01-026,2026-09-09 12:00:00.704251+00,167400,1437,130,0,1,exact,exact,exact,exact,f,f,0
B01-026,2026-09-09 12:11:30.464808+00,168090,1439,130,0,1,exact,exact,exact,exact,f,f,0
B01-026,2026-09-09 12:22:02.12166+00,168722,1452,130,0,1,exact,exact,exact,exact,f,f,0
B01-026,2026-09-09 12:42:49.241592+00,169969,1462,130,0,1,exact,exact,exact,exact,f,f,0
B01-026,2026-09-09 12:53:16.86923+00,170596,1465,130,0,1,exact,exact,exact,exact,f,f,0
B01-026,2026-09-09 13:15:01.610501+00,171901,1470,130,0,1,exact,exact,exact,exact,f,f,0
B01-026,2026-09-09 13:25:15.563253+00,172515,1471,130,0,1,exact,exact,exact,exact,f,f,0
B01-026,2026-09-09 13:35:57.560836+00,173157,1473,130,0,1,exact,exact,exact,exact,f,f,0
B01-026,2026-09-09 13:56:43.574752+00,174403,1478,130,0,1,exact,exact,exact,exact,f,f,0
B01-026,2026-09-09 14:08:10.993229+00,175090,1478,130,0,1,exact,exact,exact,exact,f,f,0
B01-026,2026-09-09 14:28:30.434742+00,176310,1487,130,0,1,exact,exact,exact,exact,f,f,0
B01-026,2026-09-09 14:39:06.239971+00,176946,1490,130,0,1,exact,exact,exact,exact,f,f,0
B01-026,2026-09-09 14:59:56.82012+00,178196,1494,130,0,1,exact,exact,exact,exact,f,f,0
B01-026,2026-09-09 15:16:02.031924+00,179162,1496,130,0,1,exact,exact,exact,exact,f,f,0
B01-026,2026-09-09 15:26:36.139298+00,179796,1496,130,0,1,exact,exact,exact,exact,f,f,0
B01-026,2026-09-09 15:36:56.936706+00,180416,1496,130,0,1,exact,exact,exact,exact,f,f,0
B01-026,2026-09-09 15:58:55.262939+00,181735,1501,130,0,1,exact,exact,exact,exact,f,f,0
B01-026,2026-09-09 16:10:31.866725+00,182431,1502,130,0,1,exact,exact,exact,exact,f,f,0
B01-026,2026-09-09 16:21:09.74406+00,183069,1502,130,0,1,exact,exact,exact,exact,f,f,0
B01-026,2026-09-09 16:42:41.41895+00,184361,1508,130,0,1,exact,exact,exact,exact,f,f,0
B01-026,2026-09-09 16:52:55.751744+00,184975,1509,130,0,1,exact,exact,exact,exact,f,f,0
B01-026,2026-09-09 17:14:59.000145+00,186299,1516,130,0,1,exact,exact,exact,exact,f,f,0
B01-026,2026-09-09 17:25:15.901357+00,186915,1518,130,0,1,exact,exact,exact,exact,f,f,0
B01-026,2026-09-09 17:42:03.058873+00,187923,1521,130,0,1,exact,exact,exact,exact,f,f,0
B01-026,2026-09-09 17:53:07.668441+00,188587,1525,130,0,1,exact,exact,exact,exact,f,f,0
B01-026,2026-09-09 18:15:13.468978+00,189913,1533,130,0,1,exact,exact,exact,exact,f,f,0
B01-026,2026-09-09 18:25:55.238735+00,190555,1534,130,0,1,exact,exact,exact,exact,f,f,0
B01-026,2026-09-09 18:37:15.46881+00,191235,1538,130,0,1,exact,exact,exact,exact,f,f,0
B01-026,2026-09-09 18:57:57.927718+00,192477,1546,131,0,1,exact,exact,exact,exact,f,f,0
B01-026,2026-09-09 19:10:18.870614+00,193218,1549,131,0,1,exact,exact,exact,exact,f,f,0
B01-026,2026-09-09 19:20:27.096499+00,193827,1551,131,0,1,exact,exact,exact,exact,f,f,0
B01-026,2026-09-09 19:41:39.49907+00,195099,1555,131,0,1,exact,exact,exact,exact,f,f,0
B01-026,2026-09-09 19:52:15.667414+00,195735,1559,131,0,1,exact,exact,exact,exact,f,f,0
B01-026,2026-09-09 20:14:09.229914+00,197049,1562,131,0,1,exact,exact,exact,exact,f,f,0
B01-026,2026-09-09 20:24:31.52735+00,197671,1562,131,0,1,exact,exact,exact,exact,f,f,0
B01-026,2026-09-09 20:45:06.408774+00,198906,1566,131,0,1,exact,exact,exact,exact,f,f,0
B01-026,2026-09-09 20:55:08.323622+00,199508,1567,131,0,1,exact,exact,exact,exact,f,f,0
B01-026,2026-09-09 21:06:32.045531+00,200192,1568,131,0,1,exact,exact,exact,exact,f,f,0
B01-026,2026-09-09 21:26:32.382107+00,201392,1570,131,0,1,exact,exact,exact,exact,f,f,0
B01-026,2026-09-09 21:36:24.018128+00,201984,1571,131,0,1,exact,exact,exact,exact,f,f,0
B01-026,2026-09-09 21:57:17.485401+00,203237,1574,131,0,1,exact,exact,exact,exact,f,f,0
B01-026,2026-09-09 22:09:56.382027+00,203996,1575,131,0,1,exact,exact,exact,exact,f,f,0
B01-026,2026-09-09 22:20:19.344309+00,204619,1575,131,0,1,exact,exact,exact,exact,f,f,0
B01-026,2026-09-09 22:40:15.10806+00,205815,1576,131,0,1,exact,exact,exact,exact,f,f,0
B01-026,2026-09-09 22:50:33.612308+00,206433,1576,131,0,1,exact,exact,exact,exact,f,f,0
B01-026,2026-09-09 23:12:30.439595+00,207750,1576,131,0,1,exact,exact,exact,exact,f,f,0
B01-026,2026-09-09 23:22:57.985257+00,208377,1576,131,0,1,exact,exact,exact,exact,f,f,0
B01-026,2026-09-09 23:43:30.042845+00,209610,1576,131,0,1,exact,exact,exact,exact,f,f,0
B01-026,2026-09-09 23:54:11.986667+00,210251,1576,131,0,1,exact,exact,exact,exact,f,f,0
B01-026,2026-09-10 00:16:35.759007+00,211595,1576,131,0,1,exact,exact,exact,exact,f,f,0
B01-026,2026-09-10 00:27:04.724174+00,212224,1576,131,0,1,exact,exact,exact,exact,f,f,0
B01-026,2026-09-10 00:37:02.764205+00,212822,1576,131,0,1,exact,exact,exact,exact,f,f,0
B01-026,2026-09-10 00:57:07.010221+00,214027,1580,131,0,1,exact,exact,exact,exact,f,f,0
B01-026,2026-09-10 01:08:35.05973+00,214715,1580,131,0,1,exact,exact,exact,exact,f,f,0
B01-026,2026-09-10 01:28:54.922693+00,215934,1580,131,0,1,exact,exact,exact,exact,f,f,0
B01-026,2026-09-10 01:39:08.967256+00,216548,1580,131,0,1,exact,exact,exact,exact,f,f,0
B01-026,2026-09-10 01:59:14.852127+00,217754,1581,131,0,1,exact,exact,exact,exact,f,f,0
B01-026,2026-09-10 02:09:57.454385+00,218397,1581,131,0,1,exact,exact,exact,exact,f,f,0
B01-026,2026-09-10 02:20:39.27241+00,219039,1581,131,0,1,exact,exact,exact,exact,f,f,0
B01-026,2026-09-10 02:41:32.160068+00,220292,1581,131,0,1,exact,exact,exact,exact,f,f,0
B01-026,2026-09-10 02:51:41.587284+00,220901,1581,131,0,1,exact,exact,exact,exact,f,f,0
B01-026,2026-09-10 03:13:42.184164+00,222222,1582,131,0,1,exact,exact,exact,exact,f,f,0
B01-026,2026-09-10 03:24:08.798824+00,222848,1582,131,0,1,exact,exact,exact,exact,f,f,0
B01-026,2026-09-10 03:45:17.594141+00,224117,1584,131,0,1,exact,exact,exact,exact,f,f,0
B01-026,2026-09-10 03:56:35.597419+00,224795,1584,131,0,1,exact,exact,exact,exact,f,f,0
B01-026,2026-09-10 04:08:30.973104+00,225510,1584,131,0,1,exact,exact,exact,exact,f,f,0
B01-026,2026-09-10 04:29:58.418467+00,226798,1585,131,0,1,exact,exact,exact,exact,f,f,0
B01-026,2026-09-10 04:40:37.830774+00,227437,1585,131,0,1,exact,exact,exact,exact,f,f,0
B01-026,2026-09-10 04:51:05.873699+00,228065,1585,131,0,1,exact,exact,exact,exact,f,f,0
B01-026,2026-09-10 05:13:08.706467+00,229388,1591,131,0,1,exact,exact,exact,exact,f,f,0
B01-026,2026-09-10 05:23:20.94324+00,230000,1591,131,0,1,exact,exact,exact,exact,f,f,0
B01-026,2026-09-10 05:44:09.829205+00,231249,1592,131,0,1,exact,exact,exact,exact,f,f,0
B01-026,2026-09-10 05:54:54.213501+00,231894,1592,131,0,1,exact,exact,exact,exact,f,f,0
B01-026,2026-09-10 06:06:40.147002+00,232600,1592,131,0,1,exact,exact,exact,exact,f,f,0
B01-026,2026-09-10 06:27:46.939655+00,233866,1592,131,0,1,exact,exact,exact,exact,f,f,0
B01-026,2026-09-10 06:37:57.93758+00,234477,1594,131,0,1,exact,exact,exact,exact,f,f,0
B01-026,2026-09-10 06:58:44.208331+00,235724,1598,131,0,1,exact,exact,exact,exact,f,f,0
B01-026,2026-09-10 07:10:41.382862+00,236441,1601,131,0,1,exact,exact,exact,exact,f,f,0
B01-026,2026-09-10 07:21:29.593573+00,237089,1602,131,0,1,exact,exact,exact,exact,f,f,0
B01-026,2026-09-10 07:42:30.199719+00,238350,1603,131,0,1,exact,exact,exact,exact,f,f,0
B01-026,2026-09-10 07:52:46.961227+00,238966,1603,131,0,1,exact,exact,exact,exact,f,f,0
B01-026,2026-09-10 08:14:22.160431+00,240262,1605,131,0,1,exact,exact,exact,exact,f,f,0
B01-026,2026-09-10 08:25:23.268404+00,240923,1606,131,0,1,exact,exact,exact,exact,f,f,0
B01-026,2026-09-10 08:36:09.97064+00,241569,1606,131,0,1,exact,exact,exact,exact,f,f,0
B01-026,2026-09-10 08:57:20.124939+00,242840,1608,131,0,1,exact,exact,exact,exact,f,f,0
B01-026,2026-09-10 09:08:51.941016+00,243531,1608,131,0,1,exact,exact,exact,exact,f,f,0
B01-026,2026-09-10 09:29:45.957323+00,244785,1610,131,0,1,exact,exact,exact,exact,f,f,0
B01-026,2026-09-10 09:40:41.934748+00,245441,1610,131,0,1,exact,exact,exact,exact,f,f,0
B01-026,2026-09-10 09:51:24.190971+00,246084,1610,131,0,1,exact,exact,exact,exact,f,f,0
B01-026,2026-09-10 10:13:28.726595+00,247408,1611,131,0,1,exact,exact,exact,exact,f,f,0
B01-026,2026-09-10 10:23:35.788706+00,248015,1611,131,0,1,exact,exact,exact,exact,f,f,0
B01-026,2026-09-10 10:44:24.596196+00,249264,1613,131,0,1,exact,exact,exact,exact,f,f,0
B01-026,2026-09-10 10:55:01.97877+00,249901,1614,131,0,1,exact,exact,exact,exact,f,f,0
B01-026,2026-09-10 11:07:03.021619+00,250623,1616,131,0,1,exact,exact,exact,exact,f,f,0
B01-026,2026-09-10 11:28:02.380937+00,251882,1617,131,0,1,exact,exact,exact,exact,f,f,0
B01-026,2026-09-10 11:38:38.907263+00,252518,1617,131,0,1,exact,exact,exact,exact,f,f,0
B01-026,2026-09-10 12:00:12.899381+00,253812,1621,131,0,1,exact,exact,exact,exact,f,f,0
B01-026,2026-09-10 12:12:12.765057+00,254532,1623,131,0,1,exact,exact,exact,exact,f,f,0
B01-026,2026-09-10 12:23:07.562794+00,255187,1623,131,0,1,exact,exact,exact,exact,f,f,0
B01-026,2026-09-10 12:43:56.852387+00,256436,1624,131,0,1,exact,exact,exact,exact,f,f,0
B01-026,2026-09-10 12:54:06.457348+00,257046,1632,131,0,1,exact,exact,exact,exact,f,f,0
B01-026,2026-09-10 13:17:02.730926+00,258422,1632,131,0,1,exact,exact,exact,exact,f,f,0
B01-026,2026-09-10 13:27:46.262831+00,259066,1636,131,0,1,exact,exact,exact,exact,f,f,0
B01-026,2026-09-10 13:38:26.024471+00,259706,1637,131,0,1,exact,exact,exact,exact,f,f,0
B01-026,2026-09-10 14:12:01.120909+00,261721,1642,131,0,1,exact,exact,exact,exact,f,f,0
B01-026,2026-09-10 14:43:46.908264+00,263626,1643,131,0,1,exact,exact,exact,exact,f,f,0
B01-026,2026-09-10 15:16:35.099181+00,265595,1654,131,0,1,exact,exact,exact,exact,f,f,0
B01-026,2026-09-10 15:38:24.897448+00,266904,1661,131,0,1,exact,exact,exact,exact,f,f,0
B01-026,2026-09-10 16:13:36.754963+00,269016,1666,131,0,1,exact,exact,exact,exact,f,f,0
B01-026,2026-09-10 16:38:25.297782+00,270505,1671,131,0,1,exact,exact,exact,exact,f,f,0
B01-026,2026-09-10 17:12:57.828238+00,272577,1672,131,0,1,exact,exact,exact,exact,f,f,0
B01-026,2026-09-10 17:45:13.443722+00,274513,1674,131,0,1,exact,exact,exact,exact,f,f,0
B01-026,2026-09-10 19:41:57.664048+00,281517,1684,131,0,1,exact,exact,exact,exact,f,f,1
B01-026,2026-09-10 19:50:40.323464+00,282040,1686,131,0,1,exact,exact,exact,exact,f,f,0
B01-026,2026-09-11 06:43:57.530543+00,321237,1723,132,0,1,exact,exact,exact,exact,f,f,0
B01-026,2026-09-11 07:14:31.088899+00,323071,1725,132,0,1,exact,exact,exact,exact,f,f,0
B01-026,2026-09-11 07:55:40.78212+00,325540,1726,132,0,1,exact,exact,exact,exact,f,f,0
B01-026,2026-09-11 08:21:00.023832+00,327060,1732,132,0,1,exact,exact,exact,exact,f,f,1
B01-026,2026-09-11 09:03:40.986036+00,329620,1737,132,0,1,exact,exact,exact,exact,f,f,0
B01-026,2026-09-11 09:28:33.154743+00,331113,1742,132,0,1,exact,exact,exact,exact,f,f,1
B01-026,2026-09-11 09:54:22.130501+00,332662,1749,132,0,1,exact,exact,exact,exact,f,f,1
B01-026,2026-09-11 10:11:22.211766+00,333682,1750,132,0,1,exact,exact,exact,exact,f,f,0
B01-026,2026-09-11 10:37:00.157046+00,335220,1751,132,0,1,exact,exact,exact,exact,f,f,0
B01-026,2026-09-11 11:35:24.741836+00,338724,1752,132,0,1,exact,exact,exact,exact,f,f,0
B01-026,2026-09-11 12:25:47.203955+00,341747,1753,132,0,1,exact,exact,exact,exact,f,f,0
B01-026,2026-09-11 12:35:08.681906+00,342308,1757,132,0,1,exact,exact,exact,exact,f,f,0
B01-026,2026-09-11 13:17:42.447766+00,344862,1760,132,0,1,exact,exact,exact,exact,f,f,1
B01-026,2026-09-11 13:45:16.870427+00,346516,1761,132,0,1,exact,exact,exact,exact,f,f,0
B01-026,2026-09-11 15:16:40.664528+00,352000,1762,132,0,1,exact,exact,exact,exact,f,f,0
B01-026,2026-09-11 15:42:31.970094+00,353551,1763,132,0,1,exact,exact,exact,exact,f,f,0
B01-026,2026-09-11 16:33:49.410962+00,356629,1765,132,0,1,exact,exact,exact,exact,f,f,0
B01-026,2026-09-11 17:07:57.393772+00,358677,1766,132,0,1,exact,exact,exact,exact,f,f,0
B01-026,2026-09-11 17:59:47.340827+00,361787,1775,132,0,1,exact,exact,exact,exact,f,f,1
B01-026,2026-09-11 18:25:45.468186+00,363345,1781,132,0,1,exact,exact,exact,exact,f,f,1
B01-026,2026-09-11 18:34:30.537525+00,363870,1782,132,0,1,exact,exact,exact,exact,f,f,0
B01-026,2026-09-11 19:31:30.225884+00,367290,1787,132,0,1,exact,exact,exact,exact,f,f,1
B01-026,2026-09-11 19:55:46.274011+00,368746,1791,132,0,1,exact,exact,exact,exact,f,f,1
B01-026,2026-09-11 20:07:34.230774+00,369454,1793,132,0,1,exact,exact,exact,exact,f,f,0
B01-026,2026-09-11 20:54:56.053983+00,372296,1795,132,0,1,exact,exact,exact,exact,f,f,1
B01-026,2026-09-11 21:04:05.496376+00,372845,1796,132,0,1,exact,exact,exact,exact,f,f,0
B01-026,2026-09-11 21:45:50.924627+00,375350,1797,132,0,1,exact,exact,exact,exact,f,f,0
B01-026,2026-09-11 22:14:17.171357+00,377057,1798,132,0,1,exact,exact,exact,exact,f,f,0
B01-026,2026-09-11 23:03:04.310084+00,379984,1925,132,0,1,exact,exact,exact,exact,f,f,1
B01-026,2026-09-11 23:28:05.635652+00,381485,2119,132,0,1,exact,exact,exact,exact,f,f,1
B01-026,2026-09-12 00:04:17.244754+00,383657,2500,132,0,1,exact,exact,exact,exact,f,f,1
B01-026,2026-09-12 00:29:55.169297+00,385195,2694,132,0,1,exact,exact,exact,exact,f,f,1
B01-026,2026-09-12 00:55:59.78352+00,386759,3005,132,0,1,exact,exact,exact,exact,f,f,1
B01-026,2026-09-12 01:28:36.10548+00,388716,3244,132,0,1,exact,exact,exact,exact,f,f,1
B01-026,2026-09-12 01:55:25.359531+00,390325,3504,132,0,1,exact,exact,exact,exact,f,f,1
B01-026,2026-09-12 02:30:11.124033+00,392411,3810,132,0,1,exact,exact,exact,exact,f,f,1
B01-026,2026-09-12 02:56:43.438562+00,394003,4040,132,0,1,exact,exact,exact,exact,f,f,1
B01-026,2026-09-12 03:14:26.882495+00,395066,4117,132,0,1,exact,exact,exact,exact,f,f,1
B01-026,2026-09-12 03:50:00.987676+00,397200,4118,132,0,1,exact,exact,exact,exact,f,f,0
B01-026,2026-09-12 05:24:12.320488+00,402852,4119,132,0,1,exact,exact,exact,exact,f,f,0
B01-026,2026-09-12 06:02:14.274153+00,405134,4128,132,0,1,exact,exact,exact,exact,f,f,1
B01-026,2026-09-12 06:47:06.860041+00,407826,4129,132,0,1,exact,exact,exact,exact,f,f,0
B01-026,2026-09-12 07:23:36.356765+00,410016,4132,132,0,1,exact,exact,exact,exact,f,f,1
B01-026,2026-09-12 08:19:05.848249+00,413345,4135,132,0,1,exact,exact,exact,exact,f,f,1
B01-026,2026-09-12 08:46:00.839961+00,414960,4138,132,0,1,exact,exact,exact,exact,f,f,1
B01-026,2026-09-12 10:34:13.650796+00,421453,4139,132,0,1,exact,exact,exact,exact,f,f,0
B01-026,2026-09-12 11:09:09.580202+00,423549,4140,132,0,1,exact,exact,exact,exact,f,f,0
B01-026,2026-09-12 12:19:44.422773+00,427784,4142,132,0,1,exact,exact,exact,exact,f,f,0
B01-026,2026-09-12 12:37:12.627493+00,428832,4143,132,0,1,exact,exact,exact,exact,f,f,0
B01-026,2026-09-12 13:21:56.759303+00,431516,4144,132,0,1,exact,exact,exact,exact,f,f,0
B01-026,2026-09-12 13:48:59.44303+00,433139,4147,132,0,1,exact,exact,exact,exact,f,f,1
B01-026,2026-09-12 14:25:00.193291+00,435300,4152,132,0,1,exact,exact,exact,exact,f,f,1
B01-026,2026-09-12 14:51:26.703765+00,436886,4154,132,0,1,exact,exact,exact,exact,f,f,0
B01-026,2026-09-12 15:09:04.94169+00,437944,4155,132,0,1,exact,exact,exact,exact,f,f,0
B01-026,2026-09-12 15:53:02.163227+00,440582,4157,132,0,1,exact,exact,exact,exact,f,f,1
B01-026,2026-09-12 16:29:14.467701+00,442754,4161,132,0,1,exact,exact,exact,exact,f,f,1
B01-026,2026-09-12 16:38:29.044508+00,443309,4162,132,0,1,exact,exact,exact,exact,f,f,0
B01-026,2026-09-12 17:24:10.469078+00,446050,4165,132,0,1,exact,exact,exact,exact,f,f,1
B01-026,2026-09-12 17:50:10.299148+00,447610,4167,132,0,1,exact,exact,exact,exact,f,f,0
B01-026,2026-09-12 19:01:46.507555+00,451906,4168,132,0,1,exact,exact,exact,exact,f,f,0
B01-026,2026-09-12 20:30:37.829602+00,457237,4169,132,0,1,exact,exact,exact,exact,f,f,0
B01-026,2026-09-12 20:56:52.068387+00,458812,4174,132,0,1,exact,exact,exact,exact,f,f,1
B01-026,2026-09-12 21:49:59.366008+00,461999,4175,132,0,1,exact,exact,exact,exact,f,f,0
B01-026,2026-09-12 23:29:13.160221+00,467953,4177,132,0,1,exact,exact,exact,exact,f,f,1
B01-026,2026-09-13 05:22:04.694504+00,489124,4179,132,0,1,exact,exact,exact,exact,f,f,1
B01-026,2026-09-13 05:58:09.316244+00,491289,4180,132,0,1,exact,exact,exact,exact,f,f,0
B01-026,2026-09-13 07:12:58.543307+00,495778,4181,132,0,1,exact,exact,exact,exact,f,f,0
B01-026,2026-09-13 07:40:17.633553+00,497417,4182,132,0,1,exact,exact,exact,exact,f,f,0
B01-026,2026-09-13 08:26:08.499086+00,500168,4183,132,0,1,exact,exact,exact,exact,f,f,0
B01-026,2026-09-13 08:53:29.479627+00,501809,4186,132,0,1,exact,exact,exact,exact,f,f,0
B01-026,2026-09-13 10:36:05.082974+00,507965,4187,132,0,1,exact,exact,exact,exact,f,f,0
B01-026,2026-09-13 11:23:50.572817+00,510830,4191,132,0,1,exact,exact,exact,exact,f,f,1
B01-026,2026-09-13 12:01:25.811389+00,513085,4199,132,0,1,exact,exact,exact,exact,f,f,1
B01-026,2026-09-13 12:21:34.075848+00,514294,4202,132,0,1,exact,exact,exact,exact,f,f,1
B01-026,2026-09-13 12:58:13.281578+00,516493,4204,132,0,1,exact,exact,exact,exact,f,f,0
B01-026,2026-09-13 13:26:29.910051+00,518189,4210,132,0,1,exact,exact,exact,exact,f,f,1
B01-026,2026-09-13 14:23:41.791778+00,521621,4212,132,0,1,exact,exact,exact,exact,f,f,1
B01-026,2026-09-13 15:01:12.638178+00,523872,4213,132,0,1,exact,exact,exact,exact,f,f,0
B01-026,2026-09-13 15:21:15.43902+00,525075,4217,132,0,1,exact,exact,exact,exact,f,f,1
B01-026,2026-09-13 16:25:47.109983+00,528947,4220,132,0,1,exact,exact,exact,exact,f,f,1
B01-026,2026-09-13 17:59:04.303989+00,534544,4221,132,0,1,exact,exact,exact,exact,f,f,0
B01-026,2026-09-13 18:08:10.254087+00,535090,4223,132,0,1,exact,exact,exact,exact,f,f,0
B01-026,2026-09-13 19:15:42.397061+00,539142,4224,132,0,1,exact,exact,exact,exact,f,f,0
B01-026,2026-09-13 20:02:00.950622+00,541920,4227,132,0,1,exact,exact,exact,exact,f,f,1
B01-026,2026-09-13 20:27:46.646752+00,543466,4228,132,0,1,exact,exact,exact,exact,f,f,0
B01-026,2026-09-13 20:54:58.549976+00,545098,4232,132,0,1,exact,exact,exact,exact,f,f,1
B01-026,2026-09-13 21:27:45.192598+00,547065,4234,132,0,1,exact,exact,exact,exact,f,f,1
B01-026,2026-09-13 21:50:33.184906+00,548433,4235,132,0,1,exact,exact,exact,exact,f,f,0
B01-026,2026-09-14 03:43:05.30392+00,569585,4236,132,0,1,exact,exact,exact,exact,f,f,0
B01-026,2026-09-14 04:26:16.269538+00,572176,4237,132,0,1,exact,exact,exact,exact,f,f,0
B01-026,2026-09-14 04:37:22.665129+00,572842,4240,132,0,1,exact,exact,exact,exact,f,f,0
B01-026,2026-09-14 05:32:44.739002+00,576164,4242,132,0,1,exact,exact,exact,exact,f,f,0
B01-026,2026-09-14 07:04:09.428293+00,581649,4244,132,0,1,exact,exact,exact,exact,f,f,1
B01-026,2026-09-14 07:27:21.689641+00,583041,4246,132,0,1,exact,exact,exact,exact,f,f,1
B01-026,2026-09-14 07:50:00.239376+00,584400,4247,132,0,1,exact,exact,exact,exact,f,f,0
B01-026,2026-09-14 08:12:35.749882+00,585755,4249,132,0,1,exact,exact,exact,exact,f,f,0
B01-026,2026-09-14 08:57:18.581501+00,588438,4251,132,0,1,exact,exact,exact,exact,f,f,0
B01-026,2026-09-14 09:32:19.991631+00,590539,4253,132,0,1,exact,exact,exact,exact,f,f,1
B01-026,2026-09-14 09:55:47.581817+00,591947,4257,132,0,1,exact,exact,exact,exact,f,f,1
B01-026,2026-09-14 10:19:23.415861+00,593363,4258,132,0,1,exact,exact,exact,exact,f,f,0
B01-026,2026-09-14 10:52:35.848932+00,595355,4259,132,0,1,exact,exact,exact,exact,f,f,0
B01-026,2026-09-14 11:27:12.690947+00,597432,4262,133,0,1,exact,exact,exact,exact,f,f,0
B01-026,2026-09-14 13:10:54.831+00,603654,4264,133,0,1,exact,exact,exact,exact,f,f,0
B01-026,2026-09-14 13:44:58.51764+00,605698,4266,133,0,1,exact,exact,exact,exact,f,f,0
B01-026,2026-09-14 14:54:39.757842+00,609879,4269,133,0,1,exact,exact,exact,exact,f,f,1
B01-026,2026-09-14 15:37:05.424475+00,612425,4270,133,0,1,exact,exact,exact,exact,f,f,0
B01-026,2026-09-14 16:48:27.858238+00,616707,4271,133,0,1,exact,exact,exact,exact,f,f,0
B01-026,2026-09-14 17:30:26.81753+00,619226,4272,133,0,1,exact,exact,exact,exact,f,f,0
B01-026,2026-09-14 18:55:18.364508+00,624318,4274,133,0,1,exact,exact,exact,exact,f,f,1
B01-026,2026-09-14 20:57:09.985042+00,631629,4278,133,0,1,exact,exact,exact,exact,f,f,1
B01-026,2026-09-14 21:42:02.540294+00,634322,4282,133,0,1,exact,exact,exact,exact,f,f,1
B01-026,2026-09-15 04:20:38.336106+00,658238,4283,133,0,1,exact,exact,exact,exact,f,f,0
B01-026,2026-09-15 05:20:41.680328+00,661841,4286,133,0,1,exact,exact,exact,exact,f,f,1
B01-026,2026-09-15 06:35:44.593455+00,666344,4289,133,0,1,exact,exact,exact,exact,f,f,1
B01-026,2026-09-15 08:50:47.519121+00,674447,4292,133,0,1,exact,exact,exact,exact,f,f,1
B01-026,2026-09-15 11:00:48.974683+00,682248,4296,133,0,1,exact,exact,exact,exact,f,f,1
B01-026,2026-09-15 11:45:50.302821+00,684950,4297,133,0,1,exact,exact,exact,exact,f,f,0
B01-026,2026-09-15 12:15:55.083389+00,686755,4298,133,0,1,exact,exact,exact,exact,f,f,0
B01-026,2026-09-15 13:35:46.214616+00,691546,4300,133,0,1,exact,exact,exact,exact,f,f,1
B01-026,2026-09-15 15:30:58.449279+00,698458,4301,133,0,1,exact,exact,exact,exact,f,f,0
B01-026,2026-09-15 16:10:48.732179+00,700848,4303,133,0,1,exact,exact,exact,exact,f,f,1
B01-026,2026-09-15 17:51:46.528065+00,706906,4307,133,0,1,exact,exact,exact,exact,f,f,1
B01-026,2026-09-15 18:07:12.217578+00,707832,4308,133,0,1,exact,exact,exact,exact,f,f,0
B01-026,2026-09-15 20:50:46.201499+00,717646,4310,133,0,1,exact,exact,exact,exact,f,f,1
B01-026,2026-09-16 00:16:52.93507+00,730012,4311,133,0,1,exact,exact,exact,exact,f,f,0
B01-026,2026-09-16 01:06:16.970346+00,732976,4312,133,0,1,exact,exact,exact,exact,f,f,0
B01-026,2026-09-16 05:01:30.263982+00,747090,4316,133,0,1,exact,exact,exact,exact,f,f,0
B01-026,2026-09-16 06:01:29.117623+00,750689,4326,133,0,1,exact,exact,exact,exact,f,f,1
B01-026,2026-09-16 07:01:36.343577+00,754296,4328,133,0,1,exact,exact,exact,exact,f,f,1
B01-026,2026-09-16 07:21:48.576671+00,755508,4329,133,0,1,exact,exact,exact,exact,f,f,0
B01-026,2026-09-16 09:21:35.465782+00,762695,4331,133,0,1,exact,exact,exact,exact,f,f,0
B01-026,2026-09-16 10:46:39.959175+00,767799,4332,133,0,1,exact,exact,exact,exact,f,f,0
B01-026,2026-09-16 11:21:40.011953+00,769900,4333,133,0,1,exact,exact,exact,exact,f,f,0
B01-026,2026-09-16 13:47:29.154004+00,778649,4334,133,0,1,exact,exact,exact,exact,f,f,0
B01-026,2026-09-16 14:51:41.375156+00,782501,4335,133,0,1,exact,exact,exact,exact,f,f,0
B01-026,2026-09-16 16:01:45.372456+00,786705,4338,133,0,1,exact,exact,exact,exact,f,f,1
B01-026,2026-09-16 17:51:40.312605+00,793300,4340,133,0,1,exact,exact,exact,exact,f,f,1
B01-026,2026-09-16 18:17:02.088483+00,794822,4342,133,0,1,exact,exact,exact,exact,f,f,0
B01-026,2026-09-16 19:51:38.622855+00,800498,4346,133,0,1,exact,exact,exact,exact,f,f,1
B01-026,2026-09-16 20:16:36.9696+00,801996,4347,133,0,1,exact,exact,exact,exact,f,f,0
B01-026,2026-09-16 21:35:54.713471+00,806754,4348,133,0,1,exact,exact,exact,exact,f,f,0
B01-026,2026-09-17 06:11:40.989346+00,837700,4349,133,0,1,exact,exact,exact,exact,f,f,0
B01-026,2026-09-17 10:01:37.464124+00,851497,4352,133,0,1,exact,exact,exact,exact,f,f,1
B01-026,2026-09-17 10:31:49.768257+00,853309,4353,133,0,1,exact,exact,exact,exact,f,f,0
B01-026,2026-09-17 11:51:20.888497+00,858080,4356,133,0,1,exact,exact,exact,exact,f,f,1
B01-026,2026-09-17 13:55:39.992631+00,865539,4358,133,0,1,exact,exact,exact,exact,f,f,1
B01-026,2026-09-17 15:55:47.902699+00,872747,4361,133,0,1,exact,exact,exact,exact,f,f,1
B01-026,2026-09-17 16:05:43.17049+00,873343,4362,133,0,1,exact,exact,exact,exact,f,f,0
B01-026,2026-09-17 18:05:42.058125+00,880542,4363,133,0,1,exact,exact,exact,exact,f,f,0
B01-026,2026-09-17 20:50:35.870871+00,890435,4366,133,0,1,exact,exact,exact,exact,f,f,1
B01-026,2026-09-17 23:15:38.580563+00,899138,4367,133,0,1,exact,exact,exact,exact,f,f,0
B01-026,2026-09-18 06:50:56.229671+00,926456,4368,133,0,1,exact,exact,exact,exact,f,f,0
B01-026,2026-09-18 08:31:24.07666+00,932484,4370,133,0,1,exact,exact,exact,exact,f,f,1
B01-026,2026-09-18 10:16:29.93017+00,938789,4371,133,0,1,exact,exact,exact,exact,f,f,0
B01-026,2026-09-18 11:36:23.894586+00,943583,4374,133,0,1,exact,exact,exact,exact,f,f,1
B01-026,2026-09-18 16:01:32.509624+00,959492,4375,133,0,1,exact,exact,exact,exact,f,f,0
B01-026,2026-09-18 16:56:38.494358+00,962798,4378,133,0,1,exact,exact,exact,exact,f,f,1
B01-026,2026-09-18 18:01:31.096011+00,966691,4382,133,0,1,exact,exact,exact,exact,f,f,1
B01-026,2026-09-18 18:46:31.370412+00,969391,4384,133,0,1,exact,exact,exact,exact,f,f,1
B01-026,2026-09-18 19:41:45.1952+00,972705,4390,133,0,1,exact,exact,exact,exact,f,f,1
B01-026,2026-09-18 23:20:41.665301+00,985841,4391,133,0,1,exact,exact,exact,exact,f,f,0
B01-026,2026-09-19 07:45:45.582338+00,1016145,4392,133,0,1,exact,exact,exact,exact,f,f,0
B01-026,2026-09-19 12:55:43.001157+00,1034743,4394,133,0,1,exact,exact,exact,exact,f,f,0
B01-026,2026-09-19 15:15:53.800994+00,1043153,4395,133,0,1,exact,exact,exact,exact,f,f,0
B01-026,2026-09-19 19:55:47.17252+00,1059947,4396,133,0,1,exact,exact,exact,exact,f,f,0
B01-026,2026-09-19 20:35:44.193771+00,1062344,4397,133,0,1,exact,exact,exact,exact,f,f,0
B01-026,2026-09-20 08:50:56.036658+00,1106456,4398,133,0,1,exact,exact,exact,exact,f,f,0
B01-026,2026-09-20 13:22:23.649979+00,1122743,4399,133,0,1,exact,exact,exact,exact,f,f,0
B01-026,2026-09-20 21:40:45.819979+00,1152645,4400,133,0,1,exact,exact,exact,exact,f,f,0
B01-026,2026-09-21 08:39:02.213977+00,1192142,4401,133,0,1,exact,exact,exact,exact,f,f,0
B01-026,2026-09-21 14:48:27.073787+00,1214307,4402,133,0,1,exact,exact,exact,exact,f,f,0
B01-026,2026-09-21 15:59:03.341344+00,1218543,4403,133,0,1,exact,exact,exact,exact,f,f,0
B01-026,2026-09-21 16:44:41.21121+00,1221281,4404,133,0,1,exact,exact,exact,exact,f,f,0
B01-026,2026-09-21 19:56:05.7612+00,1232765,4408,133,0,1,exact,exact,exact,exact,f,f,1
B01-026,2026-09-21 20:52:21.482809+00,1236141,4410,133,0,1,exact,exact,exact,exact,f,f,1
B01-026,2026-09-22 04:36:30.688397+00,1263990,4411,133,0,1,exact,exact,exact,exact,f,f,0
B01-026,2026-09-22 06:11:42.848649+00,1269702,4412,133,0,1,exact,exact,exact,exact,f,f,0
B01-026,2026-09-22 09:14:25.60501+00,1280665,4415,133,0,1,exact,exact,exact,exact,f,f,0
B01-026,2026-09-22 13:44:04.834956+00,1296844,4416,133,0,1,exact,exact,exact,exact,f,f,0
B01-026,2026-09-22 15:41:42.730879+00,1303902,4417,133,0,1,exact,exact,exact,exact,f,f,0
B01-026,2026-09-22 16:21:58.66182+00,1306318,4418,133,0,1,exact,exact,exact,exact,f,f,0
B01-026,2026-09-22 18:51:00.330392+00,1315260,4421,133,0,1,exact,exact,exact,exact,f,f,1
B01-026,2026-09-22 19:26:03.503731+00,1317363,4424,133,0,1,exact,exact,exact,exact,f,f,1
B01-026,2026-09-22 23:15:40.154497+00,1331140,4426,133,0,1,exact,exact,exact,exact,f,f,1
B01-026,2026-09-23 13:45:50.802865+00,1383350,4428,133,0,1,exact,exact,exact,exact,f,f,1
B01-026,2026-09-23 16:50:54.50831+00,1394454,4432,133,0,1,exact,exact,exact,exact,f,f,1
B01-026,2026-09-23 17:35:53.505613+00,1397153,4433,133,0,1,exact,exact,exact,exact,f,f,0
B01-026,2026-09-23 18:05:54.433727+00,1398954,4435,133,0,1,exact,exact,exact,exact,f,f,0
B01-026,2026-09-23 20:55:45.902049+00,1409145,4440,133,0,1,exact,exact,exact,exact,f,f,1
B01-026,2026-09-24 19:05:56.860847+00,1488956,4441,133,0,1,exact,exact,exact,exact,f,f,0
B01-026,2026-09-24 21:50:52.915982+00,1498852,4443,133,0,1,exact,exact,exact,exact,f,f,0
B01-026,2026-09-25 00:00:44.117677+00,1506644,4444,133,0,1,exact,exact,exact,exact,f,f,0
B01-026,2026-09-25 03:30:57.068726+00,1519257,4445,133,0,1,exact,exact,exact,exact,f,f,0
B01-026,2026-09-25 09:45:48.380833+00,1541748,4446,133,0,1,exact,exact,exact,exact,f,f,0
B01-026,2026-09-25 11:45:50.626899+00,1548950,4447,133,0,1,exact,exact,exact,exact,f,f,0
B01-026,2026-09-25 12:06:01.470012+00,1550161,4448,133,0,1,exact,exact,exact,exact,f,f,0
B01-026,2026-09-25 14:50:53.877364+00,1560053,4450,133,0,1,exact,exact,exact,exact,f,f,0
B01-026,2026-09-25 18:30:51.064471+00,1573251,4451,133,0,1,exact,exact,exact,exact,f,f,0
B01-027,2026-09-25 15:31:09.364492+00,1315928,396,5,,,exact,exact,unknown,unknown,f,f,0
B01-027,2026-09-25 23:01:02.525337+00,1342921,397,5,,,exact,exact,unknown,unknown,f,f,0
B01-028,2026-09-11 08:52:54+00,0,0,0,0,,estimated,estimated,estimated,unknown,f,t,0
B01-028,2026-09-11 08:55:08.921849+00,134,48,3,,,rounded,rounded,unknown,unknown,f,f,0
B01-028,2026-09-11 09:01:59.282005+00,545,113,6,,,rounded,rounded,unknown,unknown,f,f,0
B01-028,2026-09-11 09:09:13.626596+00,979,151,7,,,rounded,rounded,unknown,unknown,f,f,0
B01-028,2026-09-11 09:16:16.175276+00,1402,186,7,,,rounded,rounded,unknown,unknown,f,f,0
B01-028,2026-09-11 09:22:55.002415+00,1801,216,7,,,rounded,rounded,unknown,unknown,f,f,0
B01-028,2026-09-11 09:29:27.7728+00,2193,249,8,,,rounded,rounded,unknown,unknown,f,f,0
B01-028,2026-09-11 09:36:13.821351+00,2599,269,8,,,rounded,rounded,unknown,unknown,f,f,0
B01-028,2026-09-11 09:43:20.935369+00,3026,287,10,,,rounded,rounded,unknown,unknown,f,f,0
B01-028,2026-09-11 09:50:08.121356+00,3434,298,10,,,rounded,rounded,unknown,unknown,f,f,0
B01-028,2026-09-11 10:01:34.457786+00,4120,321,10,,,rounded,rounded,unknown,unknown,f,f,0
B01-028,2026-09-11 10:08:21.380127+00,4527,332,10,,,rounded,rounded,unknown,unknown,f,f,0
B01-028,2026-09-11 10:20:00.692876+00,5226,353,11,,,rounded,rounded,unknown,unknown,f,f,0
B01-028,2026-09-11 10:26:39.447195+00,5625,367,11,,,rounded,rounded,unknown,unknown,f,f,0
B01-028,2026-09-11 10:33:29.174801+00,6035,376,11,,,rounded,rounded,unknown,unknown,f,f,0
B01-028,2026-09-11 10:40:14.071459+00,6440,401,11,,,rounded,rounded,unknown,unknown,f,f,0
B01-028,2026-09-11 10:46:27.377141+00,6813,431,11,,,rounded,rounded,unknown,unknown,f,f,0
B01-028,2026-09-11 10:52:47.624351+00,7193,432,11,,,rounded,rounded,unknown,unknown,f,f,0
B01-028,2026-09-11 10:59:26.21456+00,7592,468,11,,,rounded,rounded,unknown,unknown,f,f,0
B01-028,2026-09-11 11:06:07.56131+00,7993,484,11,,,rounded,rounded,unknown,unknown,f,f,0
B01-028,2026-09-11 11:12:28.306008+00,8374,497,11,,,rounded,rounded,unknown,unknown,f,f,0
B01-028,2026-09-11 11:24:38.741369+00,9104,511,11,,,rounded,rounded,unknown,unknown,f,f,0
B01-028,2026-09-11 11:30:13.689652+00,9439,517,11,,,rounded,rounded,unknown,unknown,f,f,0
B01-028,2026-09-11 11:36:26.125583+00,9812,519,11,,,rounded,rounded,unknown,unknown,f,f,0
B01-028,2026-09-11 11:42:47.503505+00,10193,525,11,,,rounded,rounded,unknown,unknown,f,f,0
B01-028,2026-09-11 11:49:22.501965+00,10588,529,11,,,rounded,rounded,unknown,unknown,f,f,0
B01-028,2026-09-11 11:55:48.233068+00,10974,537,11,,,rounded,rounded,unknown,unknown,f,f,0
B01-028,2026-09-11 12:07:18.722498+00,11664,544,11,,,rounded,rounded,unknown,unknown,f,f,0
B01-028,2026-09-11 12:19:11.548184+00,12377,549,11,,,rounded,rounded,unknown,unknown,f,f,0
B01-028,2026-09-11 12:25:58.127777+00,12784,552,11,,,rounded,rounded,unknown,unknown,f,f,0
B01-028,2026-09-11 12:32:51.384358+00,13197,557,11,,,rounded,rounded,unknown,unknown,f,f,0
B01-028,2026-09-11 12:39:52.210881+00,13618,558,11,,,rounded,rounded,unknown,unknown,f,f,0
B01-028,2026-09-11 12:46:29.909693+00,14015,561,11,,,rounded,rounded,unknown,unknown,f,f,0
B01-028,2026-09-11 12:52:56.593435+00,14402,562,11,,,rounded,rounded,unknown,unknown,f,f,0
B01-028,2026-09-11 12:59:28.945683+00,14794,564,11,,,rounded,rounded,unknown,unknown,f,f,0
B01-028,2026-09-11 13:06:28.252132+00,15214,570,11,,,rounded,rounded,unknown,unknown,f,f,0
B01-028,2026-09-11 13:13:27.649604+00,15633,579,11,,,rounded,rounded,unknown,unknown,f,f,0
B01-028,2026-09-11 13:19:49.485976+00,16015,584,11,,,rounded,rounded,unknown,unknown,f,f,0
B01-028,2026-09-11 13:26:13.963223+00,16399,595,11,,,rounded,rounded,unknown,unknown,f,f,0
B01-028,2026-09-11 13:32:40.058055+00,16786,598,11,,,rounded,rounded,unknown,unknown,f,f,0
B01-028,2026-09-11 13:39:37.919173+00,17203,603,11,,,rounded,rounded,unknown,unknown,f,f,0
B01-028,2026-09-11 13:51:43.172521+00,17929,606,11,,,rounded,rounded,unknown,unknown,f,f,0
B01-028,2026-09-11 13:58:48.364139+00,18354,608,11,,,rounded,rounded,unknown,unknown,f,f,0
B01-028,2026-09-11 14:06:03.64532+00,18789,612,11,,,rounded,rounded,unknown,unknown,f,f,0
B01-028,2026-09-11 14:13:16.993834+00,19222,617,11,,,rounded,rounded,unknown,unknown,f,f,0
B01-028,2026-09-11 14:20:29.424662+00,19655,619,11,,,rounded,rounded,unknown,unknown,f,f,0
B01-028,2026-09-11 14:26:44.1918+00,20030,621,11,,,rounded,rounded,unknown,unknown,f,f,0
B01-028,2026-09-11 14:33:03.546189+00,20409,625,11,,,rounded,rounded,unknown,unknown,f,f,0
B01-028,2026-09-11 14:39:53.356968+00,20819,626,11,,,rounded,rounded,unknown,unknown,f,f,0
B01-028,2026-09-11 14:47:20.952441+00,21266,629,11,,,rounded,rounded,unknown,unknown,f,f,0
B01-028,2026-09-11 14:53:56.643561+00,21662,632,11,,,rounded,rounded,unknown,unknown,f,f,0
B01-028,2026-09-11 15:00:10.373123+00,22036,633,11,,,rounded,rounded,unknown,unknown,f,f,0
B01-028,2026-09-11 15:13:30.701905+00,22836,634,11,,,rounded,rounded,unknown,unknown,f,f,0
B01-028,2026-09-11 15:20:08.994342+00,23234,635,11,,,rounded,rounded,unknown,unknown,f,f,0
B01-028,2026-09-11 15:26:26.984173+00,23612,637,11,,,rounded,rounded,unknown,unknown,f,f,0
B01-028,2026-09-11 15:32:54.457552+00,24000,638,11,,,rounded,rounded,unknown,unknown,f,f,0
B01-028,2026-09-11 15:39:38.615856+00,24404,640,11,,,rounded,rounded,unknown,unknown,f,f,0
B01-028,2026-09-11 15:52:48.394259+00,25194,643,11,,,rounded,rounded,unknown,unknown,f,f,0
B01-028,2026-09-11 15:59:12.85204+00,25578,645,11,,,rounded,rounded,unknown,unknown,f,f,0
B01-028,2026-09-11 16:05:42.873873+00,25968,647,11,,,rounded,rounded,unknown,unknown,f,f,0
B01-028,2026-09-11 16:12:32.360323+00,26378,648,11,,,rounded,rounded,unknown,unknown,f,f,0
B01-028,2026-09-11 16:18:49.245239+00,26755,649,11,,,rounded,rounded,unknown,unknown,f,f,0
B01-028,2026-09-11 16:25:15.831475+00,27141,652,11,,,rounded,rounded,unknown,unknown,f,f,0
B01-028,2026-09-11 16:31:41.039236+00,27527,654,11,,,rounded,rounded,unknown,unknown,f,f,0
B01-028,2026-09-11 16:38:18.700724+00,27924,655,11,,,rounded,rounded,unknown,unknown,f,f,0
B01-028,2026-09-11 16:44:31.757734+00,28297,656,11,,,rounded,rounded,unknown,unknown,f,f,0
B01-028,2026-09-11 16:57:17.282422+00,29063,657,11,,,rounded,rounded,unknown,unknown,f,f,0
B01-028,2026-09-11 17:10:13.681698+00,29839,659,11,,,rounded,rounded,unknown,unknown,f,f,0
B01-028,2026-09-11 17:23:21.976861+00,30627,660,11,,,rounded,rounded,unknown,unknown,f,f,0
B01-028,2026-09-11 17:30:18.936031+00,31044,661,11,,,rounded,rounded,unknown,unknown,f,f,0
B01-028,2026-09-11 17:37:03.553288+00,31449,662,11,,,rounded,rounded,unknown,unknown,f,f,0
B01-028,2026-09-11 17:48:43.817144+00,32149,665,11,,,rounded,rounded,unknown,unknown,f,f,0
B01-028,2026-09-11 18:00:23.261675+00,32849,667,11,,,rounded,rounded,unknown,unknown,f,f,0
B01-028,2026-09-11 18:19:58.885509+00,34024,671,11,,,rounded,rounded,unknown,unknown,f,f,0
B01-028,2026-09-11 18:26:21.756323+00,34407,676,11,,,rounded,rounded,unknown,unknown,f,f,0
B01-028,2026-09-11 18:39:24.716652+00,35190,678,11,,,rounded,rounded,unknown,unknown,f,f,0
B01-028,2026-09-11 18:56:07.509914+00,36193,680,11,,,rounded,rounded,unknown,unknown,f,f,0
B01-028,2026-09-11 19:03:44.64409+00,36650,683,11,,,rounded,rounded,unknown,unknown,f,f,0
B01-028,2026-09-11 19:11:38.212588+00,37124,684,11,,,rounded,rounded,unknown,unknown,f,f,0
B01-028,2026-09-11 19:19:09.152137+00,37575,686,11,,,rounded,rounded,unknown,unknown,f,f,0
B01-028,2026-09-11 19:26:39.613126+00,38025,687,11,,,rounded,rounded,unknown,unknown,f,f,0
B01-028,2026-09-11 19:34:21.023193+00,38487,689,11,,,rounded,rounded,unknown,unknown,f,f,0
B01-028,2026-09-11 19:41:46.177567+00,38932,693,11,,,rounded,rounded,unknown,unknown,f,f,0
B01-028,2026-09-11 19:49:17.878582+00,39383,694,11,,,rounded,rounded,unknown,unknown,f,f,0
B01-028,2026-09-11 20:04:57.522114+00,40323,697,11,,,rounded,rounded,unknown,unknown,f,f,0
B01-028,2026-09-11 20:12:48.580037+00,40794,698,11,,,rounded,rounded,unknown,unknown,f,f,0
B01-028,2026-09-11 20:34:56.117216+00,42122,699,11,,,rounded,rounded,unknown,unknown,f,f,0
B01-028,2026-09-11 20:42:05.618366+00,42551,700,11,,,rounded,rounded,unknown,unknown,f,f,0
B01-028,2026-09-11 21:25:49.661749+00,45175,701,11,,,rounded,rounded,unknown,unknown,f,f,0
B01-028,2026-09-11 22:24:11.819594+00,48677,702,11,,,rounded,rounded,unknown,unknown,f,f,0
B01-028,2026-09-12 00:09:45.398273+00,55011,703,11,,,rounded,rounded,unknown,unknown,f,f,0
B01-028,2026-09-12 03:16:10.901912+00,66196,704,11,,,rounded,rounded,unknown,unknown,f,f,0
B01-028,2026-09-12 04:41:38.103479+00,71324,705,11,,,rounded,rounded,unknown,unknown,f,f,0
B01-028,2026-09-12 05:01:44.199013+00,72530,706,11,,,rounded,rounded,unknown,unknown,f,f,0
B01-028,2026-09-12 05:09:08.265897+00,72974,708,11,,,rounded,rounded,unknown,unknown,f,f,0
B01-028,2026-09-12 05:16:48.10347+00,73434,710,11,,,rounded,rounded,unknown,unknown,f,f,0
B01-028,2026-09-12 05:38:26.861097+00,74732,711,11,,,rounded,rounded,unknown,unknown,f,f,0
B01-028,2026-09-12 06:11:34.45816+00,76720,713,11,,,rounded,rounded,unknown,unknown,f,f,0
B01-028,2026-09-12 06:18:22.394866+00,77128,714,11,,,rounded,rounded,unknown,unknown,f,f,0
B01-028,2026-09-12 06:25:17.320341+00,77543,717,11,,,rounded,rounded,unknown,unknown,f,f,0
B01-028,2026-09-12 06:32:10.130403+00,77956,719,11,,,rounded,rounded,unknown,unknown,f,f,0
B01-028,2026-09-12 06:38:49.10122+00,78355,721,11,,,rounded,rounded,unknown,unknown,f,f,0
B01-028,2026-09-12 06:45:32.084477+00,78758,724,11,,,rounded,rounded,unknown,unknown,f,f,0
B01-028,2026-09-12 06:52:26.408963+00,79172,725,11,,,rounded,rounded,unknown,unknown,f,f,0
B01-028,2026-09-12 06:59:01.603411+00,79567,728,11,,,rounded,rounded,unknown,unknown,f,f,0
B01-028,2026-09-12 07:05:37.223415+00,79963,731,11,,,rounded,rounded,unknown,unknown,f,f,0
B01-028,2026-09-12 07:12:29.814865+00,80375,735,11,,,rounded,rounded,unknown,unknown,f,f,0
B01-028,2026-09-12 07:25:51.553568+00,81177,737,11,,,rounded,rounded,unknown,unknown,f,f,0
B01-028,2026-09-12 07:46:59.038144+00,82445,740,11,,,rounded,rounded,unknown,unknown,f,f,0
B01-028,2026-09-12 08:07:38.498717+00,83684,741,11,,,rounded,rounded,unknown,unknown,f,f,0
B01-028,2026-09-12 08:21:19.610457+00,84505,743,11,,,rounded,rounded,unknown,unknown,f,f,0
B01-028,2026-09-12 08:41:09.413263+00,85695,744,11,,,rounded,rounded,unknown,unknown,f,f,0
B01-028,2026-09-12 08:47:28.770542+00,86074,746,11,,,rounded,rounded,unknown,unknown,f,f,0
B01-028,2026-09-12 09:14:21.300556+00,87687,749,11,,,rounded,rounded,unknown,unknown,f,f,1
B01-028,2026-09-12 09:42:17.944622+00,89363,751,11,,,rounded,rounded,unknown,unknown,f,f,0
B01-028,2026-09-12 09:56:11.08437+00,90197,756,11,,,rounded,rounded,unknown,unknown,f,f,1
B01-028,2026-09-12 10:11:20.319768+00,91106,760,11,,,rounded,rounded,unknown,unknown,f,f,1
B01-028,2026-09-12 10:25:12.224431+00,91938,762,11,,,rounded,rounded,unknown,unknown,f,f,0
B01-028,2026-09-12 10:38:44.044704+00,92750,767,11,,,rounded,rounded,unknown,unknown,f,f,1
B01-028,2026-09-12 10:58:22.318242+00,93928,769,11,,,rounded,rounded,unknown,unknown,f,f,1
B01-028,2026-09-12 11:17:55.695213+00,95101,771,11,,,rounded,rounded,unknown,unknown,f,f,0
B01-028,2026-09-12 11:31:08.096746+00,95894,772,11,,,rounded,rounded,unknown,unknown,f,f,0
B01-028,2026-09-12 12:23:34.876014+00,99040,773,11,,,rounded,rounded,unknown,unknown,f,f,0
B01-028,2026-09-12 12:43:19.46303+00,100225,775,11,,,rounded,rounded,unknown,unknown,f,f,1
B01-028,2026-09-12 12:50:05.314853+00,100631,776,11,,,rounded,rounded,unknown,unknown,f,f,0
B01-028,2026-09-12 13:10:17.604882+00,101843,777,11,,,rounded,rounded,unknown,unknown,f,f,0
B01-028,2026-09-12 13:24:17.598003+00,102683,778,11,,,rounded,rounded,unknown,unknown,f,f,0
B01-028,2026-09-12 13:45:46.161354+00,103972,783,11,,,rounded,rounded,unknown,unknown,f,f,1
B01-028,2026-09-12 13:52:57.481497+00,104403,786,11,,,rounded,rounded,unknown,unknown,f,f,0
B01-028,2026-09-12 14:21:18.385331+00,106104,787,11,,,rounded,rounded,unknown,unknown,f,f,0
B01-028,2026-09-12 14:41:37.460133+00,107323,788,11,,,rounded,rounded,unknown,unknown,f,f,0
B01-028,2026-09-12 15:15:07.220884+00,109333,792,12,,,rounded,rounded,unknown,unknown,f,f,1
B01-028,2026-09-12 15:21:51.171083+00,109737,794,12,,,rounded,rounded,unknown,unknown,f,f,0
B01-028,2026-09-12 15:41:34.21537+00,110920,797,12,,,rounded,rounded,unknown,unknown,f,f,1
B01-028,2026-09-12 15:54:28.523483+00,111694,799,12,,,rounded,rounded,unknown,unknown,f,f,1
B01-028,2026-09-12 16:14:54.994169+00,112920,802,12,,,rounded,rounded,unknown,unknown,f,f,1
B01-028,2026-09-12 16:21:16.632083+00,113302,805,12,,,rounded,rounded,unknown,unknown,f,f,0
B01-028,2026-09-12 16:41:11.342066+00,114497,806,12,,,rounded,rounded,unknown,unknown,f,f,0
B01-028,2026-09-12 16:54:05.174799+00,115271,808,12,,,rounded,rounded,unknown,unknown,f,f,1
B01-028,2026-09-12 17:14:29.255203+00,116495,813,12,,,rounded,rounded,unknown,unknown,f,f,1
B01-028,2026-09-12 17:35:27.634602+00,117753,816,12,,,rounded,rounded,unknown,unknown,f,f,0
B01-028,2026-09-12 18:04:07.442198+00,119473,817,12,,,rounded,rounded,unknown,unknown,f,f,0
B01-028,2026-09-12 18:24:45.196693+00,120711,818,12,,,rounded,rounded,unknown,unknown,f,f,0
B01-028,2026-09-12 19:04:31.235536+00,123097,819,12,,,rounded,rounded,unknown,unknown,f,f,0
B01-028,2026-09-12 20:23:55.914788+00,127861,820,12,,,rounded,rounded,unknown,unknown,f,f,0
B01-028,2026-09-12 20:43:52.730793+00,129058,822,12,,,rounded,rounded,unknown,unknown,f,f,0
B01-028,2026-09-12 20:57:04.812655+00,129850,823,12,,,rounded,rounded,unknown,unknown,f,f,0
B01-028,2026-09-12 21:39:16.620958+00,132382,824,12,,,rounded,rounded,unknown,unknown,f,f,0
B01-028,2026-09-12 21:45:48.601924+00,132774,825,12,,,rounded,rounded,unknown,unknown,f,f,0
B01-028,2026-09-13 03:08:13.514039+00,152119,826,12,,,rounded,rounded,unknown,unknown,f,f,0
B01-028,2026-09-13 04:43:04.455082+00,157810,827,12,,,rounded,rounded,unknown,unknown,f,f,0
B01-028,2026-09-13 05:03:12.066969+00,159018,828,12,,,rounded,rounded,unknown,unknown,f,f,0
B01-028,2026-09-13 06:09:24.521667+00,162990,830,12,,,rounded,rounded,unknown,unknown,f,f,1
B01-028,2026-09-13 06:29:24.974031+00,164190,831,12,,,rounded,rounded,unknown,unknown,f,f,0
B01-028,2026-09-13 06:35:49.209131+00,164575,831,13,,,rounded,rounded,unknown,unknown,f,f,0
B01-028,2026-09-13 06:56:01.435147+00,165787,832,13,,,rounded,rounded,unknown,unknown,f,f,0
B01-028,2026-09-13 07:09:32.283795+00,166598,833,13,,,rounded,rounded,unknown,unknown,f,f,0
B01-028,2026-09-13 07:42:39.605589+00,168585,834,13,,,rounded,rounded,unknown,unknown,f,f,0
B01-028,2026-09-13 09:14:45.298657+00,174111,835,13,,,rounded,rounded,unknown,unknown,f,f,0
B01-028,2026-09-13 09:28:15.390167+00,174921,842,13,,,rounded,rounded,unknown,unknown,f,f,1
B01-028,2026-09-13 09:34:53.571935+00,175319,844,13,,,rounded,rounded,unknown,unknown,f,f,0
B01-028,2026-09-13 09:54:52.80032+00,176518,845,13,,,rounded,rounded,unknown,unknown,f,f,0
B01-028,2026-09-13 10:01:43.339046+00,176929,846,13,,,rounded,rounded,unknown,unknown,f,f,0
B01-028,2026-09-13 10:30:00.416127+00,178626,848,13,,,rounded,rounded,unknown,unknown,f,f,1
B01-028,2026-09-13 10:36:41.319471+00,179027,852,13,,,rounded,rounded,unknown,unknown,f,f,0
B01-028,2026-09-13 10:57:56.949408+00,180302,854,13,,,rounded,rounded,unknown,unknown,f,f,1
B01-028,2026-09-13 11:12:29.791+00,181175,857,13,,,rounded,rounded,unknown,unknown,f,f,1
B01-028,2026-09-13 11:19:57.527405+00,181623,858,13,,,rounded,rounded,unknown,unknown,f,f,0
B01-028,2026-09-13 11:41:25.128859+00,182911,860,13,,,rounded,rounded,unknown,unknown,f,f,1
B01-028,2026-09-13 11:56:20.639202+00,183806,862,13,,,rounded,rounded,unknown,unknown,f,f,0
B01-028,2026-09-13 12:25:18.375821+00,185544,864,13,,,rounded,rounded,unknown,unknown,f,f,1
B01-028,2026-09-13 13:12:42.703235+00,188388,865,13,,,rounded,rounded,unknown,unknown,f,f,0
B01-028,2026-09-13 13:25:48.83884+00,189174,867,13,,,rounded,rounded,unknown,unknown,f,f,1
B01-028,2026-09-13 13:39:35.792985+00,190001,870,13,,,rounded,rounded,unknown,unknown,f,f,0
B01-028,2026-09-13 13:52:32.076142+00,190778,871,13,,,rounded,rounded,unknown,unknown,f,f,0
B01-028,2026-09-13 14:13:14.640185+00,192020,873,13,,,rounded,rounded,unknown,unknown,f,f,1
B01-028,2026-09-13 14:26:53.380807+00,192839,875,13,,,rounded,rounded,unknown,unknown,f,f,1
B01-028,2026-09-13 15:17:01.713113+00,195847,876,13,,,rounded,rounded,unknown,unknown,f,f,0
B01-028,2026-09-13 15:38:55.230147+00,197161,877,13,,,rounded,rounded,unknown,unknown,f,f,0
B01-028,2026-09-13 15:53:26.240243+00,198032,878,13,,,rounded,rounded,unknown,unknown,f,f,0
B01-028,2026-09-13 16:14:28.454722+00,199294,880,13,,,rounded,rounded,unknown,unknown,f,f,1
B01-028,2026-09-13 16:41:48.474431+00,200934,882,13,,,rounded,rounded,unknown,unknown,f,f,0
B01-028,2026-09-13 16:55:06.540656+00,201732,883,13,,,rounded,rounded,unknown,unknown,f,f,0
B01-028,2026-09-13 17:08:51.981045+00,202557,885,13,,,rounded,rounded,unknown,unknown,f,f,1
B01-028,2026-09-13 17:35:58.831222+00,204184,886,13,,,rounded,rounded,unknown,unknown,f,f,0
B01-028,2026-09-13 18:09:26.910793+00,206192,888,13,,,rounded,rounded,unknown,unknown,f,f,0
B01-028,2026-09-13 18:31:09.330608+00,207495,889,13,,,rounded,rounded,unknown,unknown,f,f,0
B01-028,2026-09-13 19:30:21.623929+00,211047,890,13,,,rounded,rounded,unknown,unknown,f,f,0
B01-028,2026-09-13 20:15:03.979601+00,213729,891,13,,,rounded,rounded,unknown,unknown,f,f,0
B01-028,2026-09-13 20:36:27.119327+00,215013,892,13,,,rounded,rounded,unknown,unknown,f,f,0
B01-028,2026-09-13 22:30:29.384723+00,221855,893,13,,,rounded,rounded,unknown,unknown,f,f,0
B01-028,2026-09-13 23:35:35.208903+00,225761,894,13,,,rounded,rounded,unknown,unknown,f,f,0
B01-028,2026-09-14 03:50:37.576973+00,241063,895,13,,,rounded,rounded,unknown,unknown,f,f,0
B01-028,2026-09-14 04:39:13.849212+00,243979,896,13,,,rounded,rounded,unknown,unknown,f,f,0
B01-028,2026-09-14 04:45:57.972828+00,244383,897,13,,,rounded,rounded,unknown,unknown,f,f,0
B01-028,2026-09-14 05:06:38.728868+00,245624,898,13,,,rounded,rounded,unknown,unknown,f,f,0
B01-028,2026-09-14 05:42:37.01298+00,247783,903,13,,,rounded,rounded,unknown,unknown,f,f,1
B01-028,2026-09-14 05:57:18.737685+00,248664,907,13,,,rounded,rounded,unknown,unknown,f,f,1
B01-028,2026-09-14 06:04:28.927139+00,249094,910,13,,,rounded,rounded,unknown,unknown,f,f,0
B01-028,2026-09-14 06:27:12.44212+00,250458,911,13,,,rounded,rounded,unknown,unknown,f,f,0
B01-028,2026-09-14 06:43:00.568439+00,251406,914,13,,,rounded,rounded,unknown,unknown,f,f,1
B01-028,2026-09-14 06:58:30.739908+00,252336,915,13,,,rounded,rounded,unknown,unknown,f,f,0
B01-028,2026-09-14 07:06:05.656635+00,252791,917,13,,,rounded,rounded,unknown,unknown,f,f,0
B01-028,2026-09-14 07:29:22.914263+00,254188,918,13,,,rounded,rounded,unknown,unknown,f,f,0
B01-028,2026-09-14 07:43:54.95511+00,255060,924,13,,,rounded,rounded,unknown,unknown,f,f,1
B01-028,2026-09-14 07:57:41.080755+00,255887,927,13,,,rounded,rounded,unknown,unknown,f,f,1
B01-028,2026-09-14 08:11:43.351575+00,256729,934,13,,,rounded,rounded,unknown,unknown,f,f,0
B01-028,2026-09-14 08:26:11.817071+00,257597,944,13,,,rounded,rounded,unknown,unknown,f,f,1
B01-028,2026-09-14 09:29:50.345424+00,261416,949,13,,,rounded,rounded,unknown,unknown,f,f,1
B01-028,2026-09-14 09:59:08.616938+00,263174,960,13,,,rounded,rounded,unknown,unknown,f,f,1
B01-028,2026-09-14 10:30:26.723645+00,265052,967,13,,,rounded,rounded,unknown,unknown,f,f,1
B01-028,2026-09-14 11:00:48.261801+00,266874,982,13,,,rounded,rounded,unknown,unknown,f,f,1
B01-028,2026-09-14 11:30:29.012175+00,268655,996,13,,,rounded,rounded,unknown,unknown,f,f,1
B01-028,2026-09-14 11:52:09.045135+00,269955,999,13,,,rounded,rounded,unknown,unknown,f,f,1
B01-028,2026-09-14 12:22:12.711556+00,271758,1010,13,,,rounded,rounded,unknown,unknown,f,f,1
B01-028,2026-09-14 13:07:16.012013+00,274462,1020,13,,,rounded,rounded,unknown,unknown,f,f,0
B01-028,2026-09-14 14:02:17.749628+00,277763,1030,13,,,rounded,rounded,unknown,unknown,f,f,0
B01-028,2026-09-14 14:57:17.620371+00,281063,1040,13,,,rounded,rounded,unknown,unknown,f,f,0
B01-028,2026-09-14 15:12:20.653668+00,281966,1050,13,,,rounded,rounded,unknown,unknown,f,f,0
B01-028,2026-09-14 15:37:16.213806+00,283462,1060,13,,,rounded,rounded,unknown,unknown,f,f,0
B01-028,2026-09-14 17:48:10.039169+00,291316,1070,13,,,rounded,rounded,unknown,unknown,f,f,0
B01-028,2026-09-14 19:33:21.775854+00,297627,1080,13,,,rounded,rounded,unknown,unknown,f,f,0
B01-028,2026-09-15 01:07:03.871032+00,317649,1090,13,,,rounded,rounded,unknown,unknown,f,f,0
B01-028,2026-09-15 05:57:05.360293+00,335051,1100,13,,,rounded,rounded,unknown,unknown,f,f,0
B01-028,2026-09-15 06:37:07.849349+00,337453,1110,13,,,rounded,rounded,unknown,unknown,f,f,0
B01-028,2026-09-15 08:47:10.131608+00,345256,1120,13,,,rounded,rounded,unknown,unknown,f,f,0
B01-028,2026-09-15 10:32:14.533994+00,351560,1130,13,,,rounded,rounded,unknown,unknown,f,f,0
B01-028,2026-09-15 11:52:12.935556+00,356358,1140,13,,,rounded,rounded,unknown,unknown,f,f,0
B01-028,2026-09-15 13:57:16.915717+00,363862,1150,13,,,rounded,rounded,unknown,unknown,f,f,0
B01-028,2026-09-15 18:28:04.507274+00,380110,1160,13,,,rounded,rounded,unknown,unknown,f,f,0
B01-028,2026-09-16 05:54:41.922008+00,421307,1170,13,,,rounded,rounded,unknown,unknown,f,f,0
B01-028,2026-09-16 07:23:08.049452+00,426614,1180,13,,,rounded,rounded,unknown,unknown,f,f,0
B01-028,2026-09-16 10:14:02.954852+00,436868,1190,13,,,rounded,rounded,unknown,unknown,f,f,0
B01-028,2026-09-16 13:33:51.820011+00,448857,1200,13,,,rounded,rounded,unknown,unknown,f,f,0
B01-028,2026-09-16 19:35:08.556032+00,470534,1210,13,,,rounded,rounded,unknown,unknown,f,f,0
B01-028,2026-09-17 12:53:13.204403+00,532819,1220,13,,,rounded,rounded,unknown,unknown,f,f,0
B01-028,2026-09-18 06:33:22.179573+00,596428,1230,13,,,rounded,rounded,unknown,unknown,f,f,0
B01-028,2026-09-18 16:23:32.984542+00,631838,1240,13,,,rounded,rounded,unknown,unknown,f,f,0
B01-028,2026-09-19 16:33:19.315419+00,718825,1240,13,,,rounded,rounded,unknown,unknown,f,f,0
B01-028,2026-09-20 02:13:28.339395+00,753634,1250,13,,,rounded,rounded,unknown,unknown,f,f,0
B01-028,2026-09-21 02:28:13.352978+00,840919,1250,13,,,rounded,rounded,unknown,unknown,f,f,0
B01-028,2026-09-21 08:10:22.389506+00,861448,1260,13,,,rounded,rounded,unknown,unknown,f,f,0
B01-028,2026-09-21 23:33:25.399485+00,916831,1270,13,,,rounded,rounded,unknown,unknown,f,f,0
B01-028,2026-09-22 23:43:25.707446+00,1003831,1270,13,,,rounded,rounded,unknown,unknown,f,f,0
B01-028,2026-09-23 23:53:14.174888+00,1090820,1270,13,,,rounded,rounded,unknown,unknown,f,f,0
B01-028,2026-09-24 08:53:13.934269+00,1123219,1280,13,,,rounded,rounded,unknown,unknown,f,f,0
B01-028,2026-09-25 08:58:15.379295+00,1209921,1280,13,,,rounded,rounded,unknown,unknown,f,f,0
B01-029,2026-09-10 13:20:50.728608+00,4730,149,9,,,rounded,rounded,unknown,unknown,f,f,0
B01-029,2026-09-10 15:42:16.539254+00,13216,255,9,,,rounded,rounded,unknown,unknown,f,f,0
B01-029,2026-09-10 18:06:45.333519+00,21885,290,9,,,rounded,rounded,unknown,unknown,f,f,0
B01-029,2026-09-10 19:46:19.690439+00,27859,306,9,,,rounded,rounded,unknown,unknown,f,f,0
B01-029,2026-09-10 19:52:50.211879+00,28250,308,10,,,rounded,rounded,unknown,unknown,f,f,0
B01-029,2026-09-11 06:57:26.197469+00,68126,337,10,,,rounded,rounded,unknown,unknown,f,f,0
B01-029,2026-09-11 07:10:40.931121+00,68920,338,10,,,rounded,rounded,unknown,unknown,f,f,0
B01-029,2026-09-11 07:16:58.485329+00,69298,339,10,,,rounded,rounded,unknown,unknown,f,f,0
B01-029,2026-09-11 07:35:55.755293+00,70435,341,10,,,rounded,rounded,unknown,unknown,f,f,0
B01-029,2026-09-11 07:42:26.911822+00,70826,343,10,,,rounded,rounded,unknown,unknown,f,f,0
B01-029,2026-09-11 07:48:37.339182+00,71197,344,10,,,rounded,rounded,unknown,unknown,f,f,0
B01-029,2026-09-11 08:08:38.112166+00,72398,346,10,,,rounded,rounded,unknown,unknown,f,f,0
B01-029,2026-09-11 08:15:00.389565+00,72780,347,10,,,rounded,rounded,unknown,unknown,f,f,0
B01-029,2026-09-11 08:27:59.079888+00,73559,348,10,,,rounded,rounded,unknown,unknown,f,f,0
B01-029,2026-09-11 08:41:49.760225+00,74389,349,10,,,rounded,rounded,unknown,unknown,f,f,0
B01-029,2026-09-11 08:48:16.750396+00,74776,350,10,,,rounded,rounded,unknown,unknown,f,f,0
B01-029,2026-09-11 09:08:52.886077+00,76012,352,10,,,rounded,rounded,unknown,unknown,f,f,0
B01-029,2026-09-11 09:16:00.911239+00,76440,354,10,,,rounded,rounded,unknown,unknown,f,f,0
B01-029,2026-09-11 09:22:40.899297+00,76840,355,10,,,rounded,rounded,unknown,unknown,f,f,0
B01-029,2026-09-11 09:35:51.80838+00,77631,356,10,,,rounded,rounded,unknown,unknown,f,f,0
B01-029,2026-09-11 09:49:53.899254+00,78473,357,10,,,rounded,rounded,unknown,unknown,f,f,0
B01-029,2026-09-11 10:01:20.917467+00,79160,358,10,,,rounded,rounded,unknown,unknown,f,f,0
B01-029,2026-09-11 10:40:04.10855+00,81484,359,10,,,rounded,rounded,unknown,unknown,f,f,0
B01-029,2026-09-11 10:46:17.491739+00,81857,361,10,,,rounded,rounded,unknown,unknown,f,f,0
B01-029,2026-09-11 10:59:10.423747+00,82630,362,10,,,rounded,rounded,unknown,unknown,f,f,0
B01-029,2026-09-11 11:05:56.349073+00,83036,363,10,,,rounded,rounded,unknown,unknown,f,f,0
B01-029,2026-09-11 11:42:33.558576+00,85233,364,10,,,rounded,rounded,unknown,unknown,f,f,0
B01-029,2026-09-11 12:07:03.217222+00,86703,366,10,,,rounded,rounded,unknown,unknown,f,f,0
B01-029,2026-09-11 13:06:10.775686+00,90250,367,10,,,rounded,rounded,unknown,unknown,f,f,0
B01-029,2026-09-11 13:25:58.31682+00,91438,368,10,,,rounded,rounded,unknown,unknown,f,f,0
B01-029,2026-09-11 14:39:29.588788+00,95849,370,10,,,rounded,rounded,unknown,unknown,f,f,1
B01-029,2026-09-11 15:13:15.508644+00,97875,372,10,,,rounded,rounded,unknown,unknown,f,f,0
B01-029,2026-09-11 16:57:04.251793+00,104104,373,10,,,rounded,rounded,unknown,unknown,f,f,0
B01-029,2026-09-11 19:03:16.261993+00,111676,374,10,,,rounded,rounded,unknown,unknown,f,f,0
B01-029,2026-09-11 21:25:22.034954+00,120202,375,10,,,rounded,rounded,unknown,unknown,f,f,0
B01-029,2026-09-12 03:48:38.632894+00,143198,376,10,,,rounded,rounded,unknown,unknown,f,f,0
B01-029,2026-09-12 05:08:40.984115+00,148000,377,10,,,rounded,rounded,unknown,unknown,f,f,0
B01-029,2026-09-12 06:31:55.994096+00,152995,378,10,,,rounded,rounded,unknown,unknown,f,f,0
B01-029,2026-09-12 07:25:39.489597+00,156219,379,10,,,rounded,rounded,unknown,unknown,f,f,0
B01-029,2026-09-12 09:27:46.964196+00,163546,380,10,,,rounded,rounded,unknown,unknown,f,f,0
B01-029,2026-09-12 09:42:02.419986+00,164402,381,10,,,rounded,rounded,unknown,unknown,f,f,0
B01-029,2026-09-12 09:48:51.670645+00,164811,382,10,,,rounded,rounded,unknown,unknown,f,f,0
B01-029,2026-09-12 10:51:27.858297+00,168567,383,10,,,rounded,rounded,unknown,unknown,f,f,0
B01-029,2026-09-12 12:09:46.123678+00,173266,385,10,,,rounded,rounded,unknown,unknown,f,f,1
B01-029,2026-09-12 13:45:23.932948+00,179003,386,10,,,rounded,rounded,unknown,unknown,f,f,0
B01-029,2026-09-12 15:34:27.550539+00,185547,387,10,,,rounded,rounded,unknown,unknown,f,f,0
B01-029,2026-09-12 16:41:01.630573+00,189541,388,10,,,rounded,rounded,unknown,unknown,f,f,0
B01-029,2026-09-12 16:47:18.875427+00,189918,389,10,,,rounded,rounded,unknown,unknown,f,f,0
B01-029,2026-09-12 19:04:18.934613+00,198138,390,10,,,rounded,rounded,unknown,unknown,f,f,0
B01-029,2026-09-12 20:56:46.822301+00,204886,391,10,,,rounded,rounded,unknown,unknown,f,f,0
B01-029,2026-09-13 05:23:10.040017+00,235270,392,10,,,rounded,rounded,unknown,unknown,f,f,0
B01-029,2026-09-13 08:23:38.169202+00,246098,393,10,,,rounded,rounded,unknown,unknown,f,f,0
B01-029,2026-09-13 13:59:04.068406+00,266224,394,10,,,rounded,rounded,unknown,unknown,f,f,0
B01-029,2026-09-13 16:06:49.847939+00,273889,395,10,,,rounded,rounded,unknown,unknown,f,f,0
B01-029,2026-09-13 16:34:36.92046+00,275556,397,10,,,rounded,rounded,unknown,unknown,f,f,0
B01-029,2026-09-13 17:55:42.694022+00,280422,398,10,,,rounded,rounded,unknown,unknown,f,f,0
B01-029,2026-09-13 20:22:33.988054+00,289233,399,10,,,rounded,rounded,unknown,unknown,f,f,0
B01-029,2026-09-13 20:36:09.007295+00,290049,400,10,,,rounded,rounded,unknown,unknown,f,f,0
B01-029,2026-09-14 03:36:56.93845+00,315296,401,10,,,rounded,rounded,unknown,unknown,f,f,0
B01-029,2026-09-14 05:35:14.1516+00,322394,402,10,,,rounded,rounded,unknown,unknown,f,f,0
B01-029,2026-09-14 06:42:36.900469+00,326436,403,10,,,rounded,rounded,unknown,unknown,f,f,0
B01-029,2026-09-14 07:29:08.948094+00,329228,419,10,,,rounded,rounded,unknown,unknown,f,f,1
B01-029,2026-09-14 07:57:22.913906+00,330922,436,10,,,rounded,rounded,unknown,unknown,f,f,1
B01-029,2026-09-14 08:25:57.700326+00,332637,446,10,,,rounded,rounded,unknown,unknown,f,f,1
B01-029,2026-09-14 08:53:46.259133+00,334306,447,10,,,rounded,rounded,unknown,unknown,f,f,0
B01-029,2026-09-14 09:22:39.366771+00,336039,455,10,,,rounded,rounded,unknown,unknown,f,f,1
B01-029,2026-09-14 09:58:46.141292+00,338206,460,10,,,rounded,rounded,unknown,unknown,f,f,1
B01-029,2026-09-14 10:14:24.322773+00,339144,462,10,,,rounded,rounded,unknown,unknown,f,f,0
B01-029,2026-09-14 11:00:24.499096+00,341904,465,10,,,rounded,rounded,unknown,unknown,f,f,1
B01-029,2026-09-14 11:08:09.418228+00,342369,467,10,,,rounded,rounded,unknown,unknown,f,f,0
B01-029,2026-09-14 11:46:37.145014+00,344677,468,10,,,rounded,rounded,unknown,unknown,f,f,0
B01-029,2026-09-14 12:56:45.560686+00,348885,472,10,,,rounded,rounded,unknown,unknown,f,f,1
B01-029,2026-09-14 13:06:43.59809+00,349483,475,10,,,rounded,rounded,unknown,unknown,f,f,1
B01-029,2026-09-14 13:56:44.455412+00,352484,476,10,,,rounded,rounded,unknown,unknown,f,f,0
B01-029,2026-09-14 14:21:42.343117+00,353982,480,10,,,rounded,rounded,unknown,unknown,f,f,1
B01-029,2026-09-14 15:21:44.920175+00,357584,482,10,,,rounded,rounded,unknown,unknown,f,f,1
B01-029,2026-09-14 15:31:44.373409+00,358184,483,10,,,rounded,rounded,unknown,unknown,f,f,0
B01-029,2026-09-14 17:57:55.998239+00,366955,486,10,,,rounded,rounded,unknown,unknown,f,f,1
B01-029,2026-09-14 18:17:55.771703+00,368155,488,10,,,rounded,rounded,unknown,unknown,f,f,1
B01-029,2026-09-14 18:57:57.695334+00,370557,490,10,,,rounded,rounded,unknown,unknown,f,f,1
B01-029,2026-09-14 19:27:56.867819+00,372356,492,10,,,rounded,rounded,unknown,unknown,f,f,0
B01-029,2026-09-14 19:47:51.940924+00,373551,495,10,,,rounded,rounded,unknown,unknown,f,f,1
B01-029,2026-09-14 20:12:59.478014+00,375059,498,10,,,rounded,rounded,unknown,unknown,f,f,1
B01-029,2026-09-14 20:37:48.090288+00,376548,499,10,,,rounded,rounded,unknown,unknown,f,f,0
B01-029,2026-09-14 21:32:49.114024+00,379849,500,10,,,rounded,rounded,unknown,unknown,f,f,0
B01-029,2026-09-14 22:21:46.420475+00,382786,501,10,,,rounded,rounded,unknown,unknown,f,f,0
B01-029,2026-09-14 23:26:46.245907+00,386686,502,10,,,rounded,rounded,unknown,unknown,f,f,0
B01-029,2026-09-15 07:56:57.577927+00,417297,504,10,,,rounded,rounded,unknown,unknown,f,f,1
B01-029,2026-09-15 08:56:59.25777+00,420899,505,10,,,rounded,rounded,unknown,unknown,f,f,0
B01-029,2026-09-15 09:27:00.022121+00,422700,507,10,,,rounded,rounded,unknown,unknown,f,f,1
B01-029,2026-09-15 10:02:01.986035+00,424801,508,10,,,rounded,rounded,unknown,unknown,f,f,0
B01-029,2026-09-15 21:37:47.173954+00,466547,509,10,,,rounded,rounded,unknown,unknown,f,f,0
B01-029,2026-09-16 07:55:12.134473+00,503592,511,10,,,rounded,rounded,unknown,unknown,f,f,0
B01-029,2026-09-16 10:12:16.46881+00,511816,512,10,,,rounded,rounded,unknown,unknown,f,f,0
B01-029,2026-09-16 13:17:11.845925+00,522911,514,10,,,rounded,rounded,unknown,unknown,f,f,0
B01-029,2026-09-16 13:46:12.102889+00,524652,515,10,,,rounded,rounded,unknown,unknown,f,f,0
B01-029,2026-09-16 17:47:59.447928+00,539159,517,10,,,rounded,rounded,unknown,unknown,f,f,1
B01-029,2026-09-16 19:56:17.920582+00,546857,518,10,,,rounded,rounded,unknown,unknown,f,f,0
B01-029,2026-09-16 23:27:13.874244+00,559513,519,10,,,rounded,rounded,unknown,unknown,f,f,0
B01-029,2026-09-17 07:12:25.92433+00,587425,520,10,,,rounded,rounded,unknown,unknown,f,f,0
B01-029,2026-09-17 07:57:24.567761+00,590124,521,10,,,rounded,rounded,unknown,unknown,f,f,0
B01-029,2026-09-17 09:27:34.02377+00,595534,523,10,,,rounded,rounded,unknown,unknown,f,f,1
B01-029,2026-09-17 09:32:28.769963+00,595828,524,10,,,rounded,rounded,unknown,unknown,f,f,0
B01-029,2026-09-17 10:12:41.677292+00,598241,525,10,,,rounded,rounded,unknown,unknown,f,f,0
B01-029,2026-09-17 10:32:32.419632+00,599432,526,10,,,rounded,rounded,unknown,unknown,f,f,0
B01-029,2026-09-17 13:17:56.959667+00,609356,528,10,,,rounded,rounded,unknown,unknown,f,f,1
B01-029,2026-09-17 15:57:53.525731+00,618953,529,10,,,rounded,rounded,unknown,unknown,f,f,0
B01-029,2026-09-17 21:07:55.637419+00,637555,530,10,,,rounded,rounded,unknown,unknown,f,f,0
B01-029,2026-09-17 23:12:55.775764+00,645055,531,10,,,rounded,rounded,unknown,unknown,f,f,0
B01-029,2026-09-18 07:28:02.721942+00,674762,532,10,,,rounded,rounded,unknown,unknown,f,f,0
B01-029,2026-09-18 08:13:00.559082+00,677460,533,10,,,rounded,rounded,unknown,unknown,f,f,0
B01-029,2026-09-18 09:03:03.693104+00,680463,535,10,,,rounded,rounded,unknown,unknown,f,f,0
B01-029,2026-09-18 10:03:01.753868+00,684061,536,10,,,rounded,rounded,unknown,unknown,f,f,0
B01-029,2026-09-18 11:03:00.865606+00,687660,538,10,,,rounded,rounded,unknown,unknown,f,f,0
B01-029,2026-09-18 12:03:02.521211+00,691262,539,10,,,rounded,rounded,unknown,unknown,f,f,0
B01-029,2026-09-18 14:23:03.409704+00,699663,540,10,,,rounded,rounded,unknown,unknown,f,f,0
B01-029,2026-09-18 15:03:02.737766+00,702062,541,10,,,rounded,rounded,unknown,unknown,f,f,0
B01-029,2026-09-18 16:03:03.326052+00,705663,542,10,,,rounded,rounded,unknown,unknown,f,f,0
B01-029,2026-09-19 11:22:58.647272+00,775258,543,10,,,rounded,rounded,unknown,unknown,f,f,0
B01-029,2026-09-19 12:37:56.297684+00,779756,544,10,,,rounded,rounded,unknown,unknown,f,f,0
B01-029,2026-09-19 19:13:04.847356+00,803464,545,10,,,rounded,rounded,unknown,unknown,f,f,0
B01-029,2026-09-20 18:32:56.954253+00,887456,546,10,,,rounded,rounded,unknown,unknown,f,f,0
B01-029,2026-09-21 07:36:12.545618+00,934452,547,10,,,rounded,rounded,unknown,unknown,f,f,0
B01-029,2026-09-21 08:10:02.430232+00,936482,548,10,,,rounded,rounded,unknown,unknown,f,f,0
B01-029,2026-09-21 09:08:50.115516+00,940010,550,10,,,rounded,rounded,unknown,unknown,f,f,0
B01-029,2026-09-21 10:09:19.036606+00,943639,551,10,,,rounded,rounded,unknown,unknown,f,f,0
B01-029,2026-09-21 11:08:53.11209+00,947213,555,10,,,rounded,rounded,unknown,unknown,f,f,0
B01-029,2026-09-21 15:35:10.879359+00,963190,556,10,,,rounded,rounded,unknown,unknown,f,f,0
B01-029,2026-09-21 17:59:05.413752+00,971825,557,10,,,rounded,rounded,unknown,unknown,f,f,0
B01-029,2026-09-22 11:13:25.052893+00,1033885,558,10,,,rounded,rounded,unknown,unknown,f,f,0
B01-029,2026-09-22 21:52:56.28143+00,1072256,559,10,,,rounded,rounded,unknown,unknown,f,f,0
B01-029,2026-09-23 11:23:01.262092+00,1120861,560,10,,,rounded,rounded,unknown,unknown,f,f,0
B01-029,2026-09-23 12:03:08.883432+00,1123268,561,10,,,rounded,rounded,unknown,unknown,f,f,0
B01-029,2026-09-24 02:52:54.890027+00,1176654,562,10,,,rounded,rounded,unknown,unknown,f,f,0
B01-029,2026-09-24 14:37:57.538223+00,1218957,563,10,,,rounded,rounded,unknown,unknown,f,f,0
B01-029,2026-09-24 16:47:54.638918+00,1226754,564,10,,,rounded,rounded,unknown,unknown,f,f,0
B01-029,2026-09-25 11:47:55.270218+00,1295155,565,10,,,rounded,rounded,unknown,unknown,f,f,0
B01-029,2026-09-25 13:07:57.073983+00,1299957,566,10,,,rounded,rounded,unknown,unknown,f,f,0
B01-029,2026-09-25 14:03:00.305078+00,1303260,568,10,,,rounded,rounded,unknown,unknown,f,f,0
B01-030,2026-09-07 08:22:56.316802+00,303,35,1,0,0,exact,exact,exact,exact,f,f,0
B01-030,2026-09-07 08:34:34.470632+00,1001,108,1,0,0,exact,exact,exact,exact,f,f,0
B01-030,2026-09-07 08:45:30.399518+00,1657,165,1,0,0,exact,exact,exact,exact,f,f,0
B01-030,2026-09-07 08:57:06.644396+00,2353,206,1,0,0,exact,exact,exact,exact,f,f,0
B01-030,2026-09-07 09:07:28.200877+00,2975,247,1,0,0,exact,exact,exact,exact,f,f,0
B01-030,2026-09-07 09:19:20.066824+00,3687,303,1,0,0,exact,exact,exact,exact,f,f,0
B01-030,2026-09-07 09:30:03.95394+00,4330,343,1,0,0,exact,exact,exact,exact,f,f,0
B01-030,2026-09-07 09:40:52.257148+00,4979,387,1,0,0,exact,exact,exact,exact,f,f,0
B01-030,2026-09-07 09:52:13.109393+00,5660,438,1,0,0,exact,exact,exact,exact,f,f,0
B01-030,2026-09-07 10:02:43.524686+00,6290,485,1,0,0,exact,exact,exact,exact,f,f,0
B01-030,2026-09-07 14:11:30.405166+00,21217,1382,13,0,3,exact,exact,exact,exact,f,f,0
B01-030,2026-09-07 14:21:57.105826+00,21844,1416,13,0,3,exact,exact,exact,exact,f,f,0
B01-030,2026-09-07 14:32:23.436154+00,22470,1457,13,0,3,exact,exact,exact,exact,f,f,0
B01-030,2026-09-07 14:48:06.673083+00,23413,1492,13,0,4,exact,exact,exact,exact,f,f,0
B01-030,2026-09-07 14:58:09.383598+00,24016,1516,13,0,4,exact,exact,exact,exact,f,f,0
B01-030,2026-09-07 15:08:21.567297+00,24628,1535,14,0,5,exact,exact,exact,exact,f,f,0
B01-030,2026-09-07 15:19:24.443748+00,25291,1584,16,0,5,exact,exact,exact,exact,f,f,0
B01-030,2026-09-07 15:29:16.50981+00,25883,1624,16,0,5,exact,exact,exact,exact,f,f,0
B01-030,2026-09-07 15:39:52.509367+00,26519,1673,19,0,5,exact,exact,exact,exact,f,f,0
B01-030,2026-09-07 15:49:44.535901+00,27111,1699,19,0,5,exact,exact,exact,exact,f,f,0
B01-030,2026-09-07 15:59:58.836195+00,27725,1731,19,0,5,exact,exact,exact,exact,f,f,0
B01-030,2026-09-07 16:09:52.677072+00,28319,1766,20,0,5,exact,exact,exact,exact,f,f,0
B01-030,2026-09-07 16:27:23.821947+00,29370,1819,20,0,5,exact,exact,exact,exact,f,f,0
B01-030,2026-09-07 16:37:08.260384+00,29955,1838,20,0,5,exact,exact,exact,exact,f,f,0
B01-030,2026-09-07 16:47:37.45417+00,30584,1864,20,0,5,exact,exact,exact,exact,f,f,0
B01-030,2026-09-07 16:57:29.009145+00,31176,1891,20,0,5,exact,exact,exact,exact,f,f,0
B01-030,2026-09-07 17:07:49.38276+00,31796,1914,20,0,5,exact,exact,exact,exact,f,f,0
B01-030,2026-09-07 17:18:33.163149+00,32440,1937,20,0,5,exact,exact,exact,exact,f,f,0
B01-030,2026-09-07 17:28:40.612736+00,33047,1963,20,0,5,exact,exact,exact,exact,f,f,0
B01-030,2026-09-07 17:38:22.866019+00,33629,1989,20,0,5,exact,exact,exact,exact,f,f,0
B01-030,2026-09-07 17:48:35.825476+00,34242,2024,20,0,5,exact,exact,exact,exact,f,f,0
B01-030,2026-09-07 17:58:19.963462+00,34826,2066,20,0,5,exact,exact,exact,exact,f,f,0
B01-030,2026-09-07 18:08:51.663926+00,35458,2090,20,0,5,exact,exact,exact,exact,f,f,0
B01-030,2026-09-07 18:19:27.62712+00,36094,2113,20,0,5,exact,exact,exact,exact,f,f,0
B01-030,2026-09-07 18:29:30.531586+00,36697,2137,20,0,5,exact,exact,exact,exact,f,f,0
B01-030,2026-09-07 18:39:37.070765+00,37304,2151,20,0,5,exact,exact,exact,exact,f,f,0
B01-030,2026-09-07 18:50:18.758883+00,37945,2174,20,0,5,exact,exact,exact,exact,f,f,0
B01-030,2026-09-07 19:00:17.688014+00,38544,2207,20,0,5,exact,exact,exact,exact,f,f,0
B01-030,2026-09-07 19:11:05.382684+00,39192,2240,22,0,5,exact,exact,exact,exact,f,f,0
B01-030,2026-09-07 19:22:07.561918+00,39854,2258,22,0,5,exact,exact,exact,exact,f,f,0
B01-030,2026-09-07 19:32:27.456566+00,40474,2282,22,0,5,exact,exact,exact,exact,f,f,0
B01-030,2026-09-07 19:42:18.409687+00,41065,2309,22,0,5,exact,exact,exact,exact,f,f,0
B01-030,2026-09-07 19:52:28.80538+00,41675,2329,23,0,5,exact,exact,exact,exact,f,f,0
B01-030,2026-09-07 20:02:10.782142+00,42257,2351,23,0,5,exact,exact,exact,exact,f,f,0
B01-030,2026-09-07 21:11:16.228033+00,46403,2451,23,0,5,exact,exact,exact,exact,f,f,0
B01-030,2026-09-07 21:22:42.516202+00,47089,2459,23,0,5,exact,exact,exact,exact,f,f,0
B01-030,2026-09-07 21:32:48.916226+00,47695,2467,23,0,5,exact,exact,exact,exact,f,f,0
B01-030,2026-09-07 21:42:47.135619+00,48294,2474,23,0,5,exact,exact,exact,exact,f,f,0
B01-030,2026-09-07 21:52:35.57503+00,48882,2480,23,0,5,exact,exact,exact,exact,f,f,0
B01-030,2026-09-07 22:02:47.74987+00,49494,2493,23,0,5,exact,exact,exact,exact,f,f,0
B01-030,2026-09-07 22:13:36.982993+00,50143,2502,23,0,5,exact,exact,exact,exact,f,f,0
B01-030,2026-09-07 22:23:38.750753+00,50745,2505,23,0,5,exact,exact,exact,exact,f,f,0
B01-030,2026-09-07 22:33:10.150612+00,51317,2511,23,0,5,exact,exact,exact,exact,f,f,0
B01-030,2026-09-07 22:43:19.912309+00,51926,2512,23,0,5,exact,exact,exact,exact,f,f,0
B01-030,2026-09-07 22:52:52.86203+00,52499,2514,23,0,5,exact,exact,exact,exact,f,f,0
B01-030,2026-09-07 23:03:18.872422+00,53125,2516,23,0,5,exact,exact,exact,exact,f,f,0
B01-030,2026-09-07 23:13:39.321015+00,53746,2519,23,0,5,exact,exact,exact,exact,f,f,0
B01-030,2026-09-07 23:23:53.065883+00,54360,2520,23,0,5,exact,exact,exact,exact,f,f,0
B01-030,2026-09-07 23:33:25.108777+00,54932,2524,23,0,5,exact,exact,exact,exact,f,f,0
B01-030,2026-09-07 23:44:01.376244+00,55568,2526,23,0,5,exact,exact,exact,exact,f,f,0
B01-030,2026-09-07 23:53:41.355688+00,56148,2527,23,0,5,exact,exact,exact,exact,f,f,0
B01-030,2026-09-08 00:03:39.219012+00,56746,2528,23,0,5,exact,exact,exact,exact,f,f,0
B01-030,2026-09-08 00:14:30.145517+00,57397,2528,23,0,5,exact,exact,exact,exact,f,f,0
B01-030,2026-09-08 00:24:21.212476+00,57988,2529,23,0,5,exact,exact,exact,exact,f,f,0
B01-030,2026-09-08 00:34:26.784161+00,58593,2529,23,0,5,exact,exact,exact,exact,f,f,0
B01-030,2026-09-08 00:44:07.768685+00,59174,2531,23,0,5,exact,exact,exact,exact,f,f,0
B01-030,2026-09-08 00:54:29.225819+00,59796,2532,23,0,5,exact,exact,exact,exact,f,f,0
B01-030,2026-09-08 01:04:17.746777+00,60384,2534,23,0,5,exact,exact,exact,exact,f,f,0
B01-030,2026-09-08 01:15:14.359382+00,61041,2535,23,0,5,exact,exact,exact,exact,f,f,0
B01-030,2026-09-08 01:24:56.170193+00,61623,2535,23,0,5,exact,exact,exact,exact,f,f,0
B01-030,2026-09-08 01:34:57.236262+00,62224,2536,23,0,5,exact,exact,exact,exact,f,f,0
B01-030,2026-09-08 01:44:32.332376+00,62799,2537,23,0,5,exact,exact,exact,exact,f,f,0
B01-030,2026-09-08 01:54:27.839178+00,63394,2538,23,0,5,exact,exact,exact,exact,f,f,0
B01-030,2026-09-08 02:04:16.295247+00,63983,2539,23,0,5,exact,exact,exact,exact,f,f,0
B01-030,2026-09-08 02:15:22.948263+00,64649,2546,23,0,5,exact,exact,exact,exact,f,f,0
B01-030,2026-09-08 02:24:56.868105+00,65223,2547,23,0,5,exact,exact,exact,exact,f,f,0
B01-030,2026-09-08 02:35:08.624233+00,65835,2549,23,0,5,exact,exact,exact,exact,f,f,0
B01-030,2026-09-08 02:44:48.106008+00,66415,2553,23,0,5,exact,exact,exact,exact,f,f,0
B01-030,2026-09-08 02:55:04.680936+00,67031,2560,23,0,5,exact,exact,exact,exact,f,f,0
B01-030,2026-09-08 03:04:51.175639+00,67618,2568,23,0,5,exact,exact,exact,exact,f,f,0
B01-030,2026-09-08 03:16:10.999289+00,68297,2577,23,0,5,exact,exact,exact,exact,f,f,0
B01-030,2026-09-08 03:26:05.379178+00,68892,2585,23,0,5,exact,exact,exact,exact,f,f,0
B01-030,2026-09-08 03:36:24.397869+00,69511,2597,24,0,5,exact,exact,exact,exact,f,f,0
B01-030,2026-09-08 03:46:17.878297+00,70104,2603,24,0,5,exact,exact,exact,exact,f,f,0
B01-030,2026-09-08 03:56:36.028539+00,70723,2612,24,0,5,exact,exact,exact,exact,f,f,0
B01-030,2026-09-08 04:06:32.031963+00,71319,2617,24,0,5,exact,exact,exact,exact,f,f,0
B01-030,2026-09-08 04:17:39.989284+00,71986,2633,25,0,5,exact,exact,exact,exact,f,f,0
B01-030,2026-09-08 04:27:41.069634+00,72588,2639,25,0,5,exact,exact,exact,exact,f,f,0
B01-030,2026-09-08 04:37:51.945915+00,73198,2649,25,0,5,exact,exact,exact,exact,f,f,0
B01-030,2026-09-08 04:47:50.656581+00,73797,2665,25,0,5,exact,exact,exact,exact,f,f,0
B01-030,2026-09-08 04:58:00.173697+00,74407,2677,25,0,5,exact,exact,exact,exact,f,f,0
B01-030,2026-09-08 05:08:06.127747+00,75013,2693,25,0,5,exact,exact,exact,exact,f,f,0
B01-030,2026-09-08 05:19:16.983474+00,75683,2715,25,0,5,exact,exact,exact,exact,f,f,0
B01-030,2026-09-08 05:29:28.573014+00,76295,2743,25,0,6,exact,exact,exact,exact,f,f,0
B01-030,2026-09-08 05:40:26.295098+00,76953,2754,25,0,6,exact,exact,exact,exact,f,f,0
B01-030,2026-09-08 05:51:06.970102+00,77593,2770,25,0,6,exact,exact,exact,exact,f,f,0
B01-030,2026-09-08 06:01:26.695295+00,78213,2785,25,0,6,exact,exact,exact,exact,f,f,0
B01-030,2026-09-08 06:13:07.289979+00,78914,2808,25,0,6,exact,exact,exact,exact,f,f,0
B01-030,2026-09-08 06:23:09.437111+00,79516,2817,25,0,6,exact,exact,exact,exact,f,f,0
B01-030,2026-09-08 06:33:49.751845+00,80156,2825,25,0,6,exact,exact,exact,exact,f,f,0
B01-030,2026-09-08 06:43:59.539006+00,80766,2846,25,0,6,exact,exact,exact,exact,f,f,0
B01-030,2026-09-08 06:54:22.895438+00,81389,2861,26,0,6,exact,exact,exact,exact,f,f,0
B01-030,2026-09-08 07:04:43.1859+00,82010,2880,26,0,6,exact,exact,exact,exact,f,f,0
B01-030,2026-09-08 07:16:12.83408+00,82699,2900,26,0,6,exact,exact,exact,exact,f,f,0
B01-030,2026-09-08 07:26:30.501005+00,83317,2919,26,0,6,exact,exact,exact,exact,f,f,0
B01-030,2026-09-08 07:37:13.745413+00,83960,2937,26,0,6,exact,exact,exact,exact,f,f,0
B01-030,2026-09-08 07:47:19.538796+00,84566,2948,26,0,6,exact,exact,exact,exact,f,f,0
B01-030,2026-09-08 07:58:19.69473+00,85226,2965,27,0,6,exact,exact,exact,exact,f,f,0
B01-030,2026-09-08 08:08:27.675652+00,85834,2989,27,0,6,exact,exact,exact,exact,f,f,0
B01-030,2026-09-08 08:19:58.358691+00,86525,3009,28,0,6,exact,exact,exact,exact,f,f,0
B01-030,2026-09-08 08:40:36.336705+00,87763,3039,28,0,6,exact,exact,exact,exact,f,f,0
B01-030,2026-09-08 08:50:48.406857+00,88375,3049,28,0,6,exact,exact,exact,exact,f,f,0
B01-030,2026-09-08 09:01:31.373609+00,89018,3059,28,0,6,exact,exact,exact,exact,f,f,0
B01-030,2026-09-08 09:23:31.874296+00,90338,3111,35,0,7,exact,exact,exact,exact,f,f,0
B01-030,2026-09-08 09:34:23.709546+00,90990,3133,37,2,7,exact,exact,exact,exact,f,f,0
B01-030,2026-09-08 09:55:25.731112+00,92252,3174,41,2,9,exact,exact,exact,exact,f,f,0
B01-030,2026-09-08 10:05:46.054409+00,92873,3199,43,2,9,exact,exact,exact,exact,f,f,0
B01-030,2026-09-08 10:17:45.660759+00,93592,3214,43,2,9,exact,exact,exact,exact,f,f,0
B01-030,2026-09-08 10:38:40.899611+00,94847,3248,46,2,9,exact,exact,exact,exact,f,f,0
B01-030,2026-09-08 10:49:04.002301+00,95471,3275,47,2,9,exact,exact,exact,exact,f,f,0
B01-030,2026-09-08 11:10:33.66613+00,96760,3295,49,2,10,exact,exact,exact,exact,f,f,0
B01-030,2026-09-08 11:22:07.849598+00,97454,3310,49,2,10,exact,exact,exact,exact,f,f,0
B01-030,2026-09-08 11:33:08.330206+00,98115,3325,49,2,10,exact,exact,exact,exact,f,f,0
B01-030,2026-09-08 11:54:37.147655+00,99404,3341,51,2,10,exact,exact,exact,exact,f,f,0
B01-030,2026-09-08 12:05:00.21472+00,100027,3350,51,2,10,exact,exact,exact,exact,f,f,0
B01-030,2026-09-08 12:16:45.494693+00,100732,3375,53,2,10,exact,exact,exact,exact,f,f,0
B01-030,2026-09-08 12:37:37.248893+00,101984,3399,53,2,10,exact,exact,exact,exact,f,f,0
B01-030,2026-09-08 12:48:04.520327+00,102611,3412,53,2,10,exact,exact,exact,exact,f,f,0
B01-030,2026-09-08 13:09:21.120549+00,103888,3430,53,2,10,exact,exact,exact,exact,f,f,0
B01-030,2026-09-08 13:20:52.702014+00,104579,3436,53,2,10,exact,exact,exact,exact,f,f,0
B01-030,2026-09-08 13:31:06.522514+00,105193,3444,53,2,10,exact,exact,exact,exact,f,f,0
B01-030,2026-09-08 13:53:05.6952+00,106512,3466,53,2,10,exact,exact,exact,exact,f,f,0
B01-030,2026-09-08 14:03:51.936351+00,107158,3471,53,2,10,exact,exact,exact,exact,f,f,0
B01-030,2026-09-08 14:26:21.6524+00,108508,3493,53,2,10,exact,exact,exact,exact,f,f,0
B01-030,2026-09-08 14:37:27.994142+00,109174,3503,53,2,10,exact,exact,exact,exact,f,f,0
B01-030,2026-09-08 14:47:59.843515+00,109806,3511,53,2,10,exact,exact,exact,exact,f,f,0
B01-030,2026-09-08 15:09:50.659015+00,111117,3534,54,2,10,exact,exact,exact,exact,f,f,0
B01-030,2026-09-08 15:21:30.285477+00,111817,3545,55,2,10,exact,exact,exact,exact,f,f,0
B01-030,2026-09-08 15:32:29.729164+00,112476,3554,56,2,10,exact,exact,exact,exact,f,f,0
B01-030,2026-09-08 15:49:34.592805+00,113501,3564,57,2,10,exact,exact,exact,exact,f,f,0
B01-030,2026-09-08 16:11:06.354207+00,114793,3584,57,2,10,exact,exact,exact,exact,f,f,0
B01-030,2026-09-08 16:22:45.950742+00,115492,3601,57,2,10,exact,exact,exact,exact,f,f,0
B01-030,2026-09-08 16:40:36.196957+00,116563,3614,57,2,10,exact,exact,exact,exact,f,f,0
B01-030,2026-09-08 16:51:21.093522+00,117208,3627,57,2,10,exact,exact,exact,exact,f,f,0
B01-030,2026-09-08 17:02:49.018995+00,117896,3635,57,2,10,exact,exact,exact,exact,f,f,0
B01-030,2026-09-08 17:27:14.257358+00,119361,3654,57,2,10,exact,exact,exact,exact,f,f,0
B01-030,2026-09-08 17:37:46.384224+00,119993,3661,57,2,10,exact,exact,exact,exact,f,f,0
B01-030,2026-09-08 17:48:53.968205+00,120660,3673,57,2,10,exact,exact,exact,exact,f,f,0
B01-030,2026-09-08 18:10:35.301378+00,121962,3694,57,2,10,exact,exact,exact,exact,f,f,0
B01-030,2026-09-08 18:22:14.606843+00,122661,3707,57,2,10,exact,exact,exact,exact,f,f,0
B01-030,2026-09-08 18:32:05.998651+00,123252,3714,57,6,10,exact,exact,exact,exact,f,f,0
B01-030,2026-09-08 18:52:53.3539+00,124500,3724,57,6,10,exact,exact,exact,exact,f,f,0
B01-030,2026-09-08 19:04:33.982056+00,125200,3733,57,6,10,exact,exact,exact,exact,f,f,0
B01-030,2026-09-08 19:16:50.30055+00,125937,3742,57,6,10,exact,exact,exact,exact,f,f,0
B01-030,2026-09-08 19:37:53.267291+00,127200,3768,57,6,10,exact,exact,exact,exact,f,f,0
B01-030,2026-09-08 19:50:19.428153+00,127946,3777,57,6,10,exact,exact,exact,exact,f,f,0
B01-030,2026-09-08 20:01:37.258672+00,128624,3783,57,6,10,exact,exact,exact,exact,f,f,0
B01-030,2026-09-08 20:26:09.963287+00,130096,3804,57,6,10,exact,exact,exact,exact,f,f,0
B01-030,2026-09-08 20:38:31.134849+00,130838,3805,57,6,10,exact,exact,exact,exact,f,f,0
B01-030,2026-09-08 20:49:27.959284+00,131494,3810,57,6,10,exact,exact,exact,exact,f,f,0
B01-030,2026-09-08 21:09:53.035477+00,132720,3817,57,6,10,exact,exact,exact,exact,f,f,0
B01-030,2026-09-08 21:21:22.428783+00,133409,3829,58,6,11,exact,exact,exact,exact,f,f,0
B01-030,2026-09-08 21:37:29.774484+00,134376,3840,58,6,11,exact,exact,exact,exact,f,f,0
B01-030,2026-09-08 21:55:12.09828+00,135439,3842,58,6,11,exact,exact,exact,exact,f,f,0
B01-030,2026-09-08 22:09:18.036449+00,136285,3848,58,6,11,exact,exact,exact,exact,f,f,0
B01-030,2026-09-08 22:20:24.38336+00,136951,3849,58,6,11,exact,exact,exact,exact,f,f,0
B01-030,2026-09-08 22:39:53.988802+00,138120,3856,58,6,11,exact,exact,exact,exact,f,f,0
B01-030,2026-09-08 22:49:24.609905+00,138691,3857,58,6,11,exact,exact,exact,exact,f,f,0
B01-030,2026-09-08 23:08:42.461295+00,139849,3862,58,6,11,exact,exact,exact,exact,f,f,0
B01-030,2026-09-08 23:19:32.77736+00,140499,3870,58,6,11,exact,exact,exact,exact,f,f,0
B01-030,2026-09-08 23:38:34.871018+00,141641,3870,58,6,11,exact,exact,exact,exact,f,f,0
B01-030,2026-09-08 23:48:00.072416+00,142207,3870,58,6,11,exact,exact,exact,exact,f,f,0
B01-030,2026-09-09 00:07:13.144688+00,143360,3872,58,6,11,exact,exact,exact,exact,f,f,0
B01-030,2026-09-09 00:18:04.70776+00,144011,3874,58,6,11,exact,exact,exact,exact,f,f,0
B01-030,2026-09-09 00:37:37.293885+00,145184,3874,58,6,11,exact,exact,exact,exact,f,f,0
B01-030,2026-09-09 00:47:00.411538+00,145747,3874,58,6,11,exact,exact,exact,exact,f,f,0
B01-030,2026-09-09 01:06:20.465906+00,146907,3874,58,6,11,exact,exact,exact,exact,f,f,0
B01-030,2026-09-09 01:16:47.332832+00,147534,3876,58,6,11,exact,exact,exact,exact,f,f,0
B01-030,2026-09-09 01:36:05.313561+00,148692,3877,58,6,11,exact,exact,exact,exact,f,f,0
B01-030,2026-09-09 01:55:18.136819+00,149845,3881,58,6,11,exact,exact,exact,exact,f,f,0
B01-030,2026-09-09 02:04:58.450949+00,150425,3884,58,6,11,exact,exact,exact,exact,f,f,0
B01-030,2026-09-09 02:15:58.366651+00,151085,3884,58,6,11,exact,exact,exact,exact,f,f,0
B01-030,2026-09-09 02:35:09.172888+00,152236,3885,58,6,11,exact,exact,exact,exact,f,f,0
B01-030,2026-09-09 02:54:43.664377+00,153410,3888,58,6,11,exact,exact,exact,exact,f,f,0
B01-030,2026-09-09 03:04:18.141863+00,153985,3891,58,6,11,exact,exact,exact,exact,f,f,0
B01-030,2026-09-09 03:17:28.802694+00,154775,3894,58,6,11,exact,exact,exact,exact,f,f,0
B01-030,2026-09-09 03:37:36.951057+00,155983,3898,58,6,11,exact,exact,exact,exact,f,f,0
B01-030,2026-09-09 03:47:15.582198+00,156562,3901,58,6,11,exact,exact,exact,exact,f,f,0
B01-030,2026-09-09 04:07:15.154189+00,157762,3909,58,6,11,exact,exact,exact,exact,f,f,0
B01-030,2026-09-09 04:17:57.505683+00,158404,3914,58,6,11,exact,exact,exact,exact,f,f,0
B01-030,2026-09-09 04:37:47.633782+00,159594,3923,58,6,11,exact,exact,exact,exact,f,f,0
B01-030,2026-09-09 04:47:55.370419+00,160202,3923,58,6,11,exact,exact,exact,exact,f,f,0
B01-030,2026-09-09 05:08:18.221368+00,161425,3936,58,6,11,exact,exact,exact,exact,f,f,0
B01-030,2026-09-09 05:20:56.692543+00,162183,3944,59,6,11,exact,exact,exact,exact,f,f,0
B01-030,2026-09-09 05:33:00.607619+00,162907,3950,59,6,11,exact,exact,exact,exact,f,f,0
B01-030,2026-09-09 05:55:31.478583+00,164258,3961,59,6,11,exact,exact,exact,exact,f,f,0
B01-030,2026-09-09 06:07:04.430293+00,164951,3968,59,6,11,exact,exact,exact,exact,f,f,0
B01-030,2026-09-09 06:21:13.965439+00,165800,3972,59,6,11,exact,exact,exact,exact,f,f,0
B01-030,2026-09-09 06:31:43.786661+00,166430,3975,59,6,11,exact,exact,exact,exact,f,f,0
B01-030,2026-09-09 06:52:07.321097+00,167654,3984,59,6,11,exact,exact,exact,exact,f,f,0
B01-030,2026-09-09 07:02:01.989973+00,168248,3988,59,6,11,exact,exact,exact,exact,f,f,0
B01-030,2026-09-09 07:23:41.177352+00,169548,4000,59,6,11,exact,exact,exact,exact,f,f,0
B01-030,2026-09-09 07:34:05.476061+00,170172,4009,60,6,11,exact,exact,exact,exact,f,f,0
B01-030,2026-09-09 07:53:55.575347+00,171362,4026,60,6,11,exact,exact,exact,exact,f,f,0
B01-030,2026-09-09 08:03:51.125509+00,171958,4035,60,6,11,exact,exact,exact,exact,f,f,0
B01-030,2026-09-09 08:25:21.316524+00,173248,4053,60,6,11,exact,exact,exact,exact,f,f,0
B01-030,2026-09-09 08:35:31.150177+00,173858,4054,60,6,11,exact,exact,exact,exact,f,f,0
B01-030,2026-09-09 08:46:16.53705+00,174503,4058,60,6,11,exact,exact,exact,exact,f,f,0
B01-030,2026-09-09 09:07:06.105314+00,175753,4071,60,6,11,exact,exact,exact,exact,f,f,0
B01-030,2026-09-09 09:18:07.861404+00,176414,4073,60,6,11,exact,exact,exact,exact,f,f,0
B01-030,2026-09-09 09:38:26.025063+00,177633,4077,60,6,11,exact,exact,exact,exact,f,f,0
B01-030,2026-09-09 09:48:55.750189+00,178262,4087,60,6,11,exact,exact,exact,exact,f,f,0
B01-030,2026-09-09 10:09:53.189306+00,179520,4095,60,6,11,exact,exact,exact,exact,f,f,0
B01-030,2026-09-09 10:21:20.559903+00,180207,4100,60,6,11,exact,exact,exact,exact,f,f,0
B01-030,2026-09-09 10:31:19.902042+00,180806,4106,60,6,11,exact,exact,exact,exact,f,f,0
B01-030,2026-09-09 10:51:43.266589+00,182030,4121,60,6,11,exact,exact,exact,exact,f,f,0
B01-030,2026-09-09 11:02:24.15572+00,182671,4133,60,6,11,exact,exact,exact,exact,f,f,0
B01-030,2026-09-09 11:24:51.150151+00,184018,4145,60,6,11,exact,exact,exact,exact,f,f,0
B01-030,2026-09-09 11:35:41.075123+00,184668,4145,60,6,11,exact,exact,exact,exact,f,f,0
B01-030,2026-09-09 11:56:17.781084+00,185904,4150,60,6,11,exact,exact,exact,exact,f,f,0
B01-030,2026-09-09 12:06:20.162635+00,186507,4156,60,6,11,exact,exact,exact,exact,f,f,0
B01-030,2026-09-09 12:17:48.453937+00,187195,4163,59,6,11,exact,exact,exact,exact,f,f,0
B01-030,2026-09-09 12:38:40.344699+00,188447,4173,59,6,11,exact,exact,exact,exact,f,f,0
B01-030,2026-09-09 12:49:15.97199+00,189082,4177,59,6,11,exact,exact,exact,exact,f,f,0
B01-030,2026-09-09 13:10:17.569042+00,190344,4184,59,6,11,exact,exact,exact,exact,f,f,0
B01-030,2026-09-09 13:21:15.286073+00,191002,4186,59,6,11,exact,exact,exact,exact,f,f,0
B01-030,2026-09-09 13:31:28.455611+00,191615,4188,60,6,11,exact,exact,exact,exact,f,f,0
B01-030,2026-09-09 13:52:32.167777+00,192879,4192,60,6,11,exact,exact,exact,exact,f,f,0
B01-030,2026-09-09 14:03:22.196695+00,193529,4194,60,6,11,exact,exact,exact,exact,f,f,0
B01-030,2026-09-09 14:24:44.679178+00,194811,4209,60,6,11,exact,exact,exact,exact,f,f,0
B01-030,2026-09-09 14:34:39.286814+00,195406,4215,60,6,11,exact,exact,exact,exact,f,f,0
B01-030,2026-09-09 14:55:51.561374+00,196678,4224,60,6,11,exact,exact,exact,exact,f,f,0
B01-030,2026-09-09 15:11:28.095334+00,197615,4227,60,6,11,exact,exact,exact,exact,f,f,0
B01-030,2026-09-09 15:22:24.964802+00,198271,4229,60,6,11,exact,exact,exact,exact,f,f,0
B01-030,2026-09-09 15:32:41.093847+00,198888,4229,60,6,11,exact,exact,exact,exact,f,f,0
B01-030,2026-09-09 15:54:21.598284+00,200188,4239,60,6,11,exact,exact,exact,exact,f,f,0
B01-030,2026-09-09 16:05:35.288096+00,200862,4241,60,6,11,exact,exact,exact,exact,f,f,0
B01-030,2026-09-09 16:16:50.561936+00,201537,4243,61,6,11,exact,exact,exact,exact,f,f,0
B01-030,2026-09-09 16:38:00.815894+00,202807,4252,61,6,11,exact,exact,exact,exact,f,f,0
B01-030,2026-09-09 16:48:55.358342+00,203462,4257,61,6,11,exact,exact,exact,exact,f,f,0
B01-030,2026-09-09 17:09:39.290639+00,204706,4264,61,6,11,exact,exact,exact,exact,f,f,0
B01-030,2026-09-09 17:21:28.07316+00,205415,4271,61,6,11,exact,exact,exact,exact,f,f,0
B01-030,2026-09-09 17:32:10.206753+00,206057,4281,61,6,11,exact,exact,exact,exact,f,f,0
B01-030,2026-09-09 17:48:35.837968+00,207042,4285,61,6,11,exact,exact,exact,exact,f,f,0
B01-030,2026-09-09 18:09:52.420871+00,208319,4296,61,6,11,exact,exact,exact,exact,f,f,0
B01-030,2026-09-09 18:21:34.175926+00,209021,4300,61,6,11,exact,exact,exact,exact,f,f,0
B01-030,2026-09-09 18:32:31.591007+00,209678,4305,61,6,11,exact,exact,exact,exact,f,f,0
B01-030,2026-09-09 18:54:04.713258+00,210971,4315,61,6,11,exact,exact,exact,exact,f,f,0
B01-030,2026-09-09 19:04:19.951164+00,211586,4317,61,6,11,exact,exact,exact,exact,f,f,0
B01-030,2026-09-09 19:16:37.715246+00,212324,4321,61,6,11,exact,exact,exact,exact,f,f,0
B01-030,2026-09-09 19:37:43.03236+00,213590,4331,61,6,11,exact,exact,exact,exact,f,f,0
B01-030,2026-09-09 19:47:58.714895+00,214205,4336,62,6,11,exact,exact,exact,exact,f,f,0
B01-030,2026-09-09 20:09:22.438284+00,215489,4339,62,6,11,exact,exact,exact,exact,f,f,0
B01-030,2026-09-09 20:20:20.456795+00,216147,4339,62,6,11,exact,exact,exact,exact,f,f,0
B01-030,2026-09-09 20:40:45.469916+00,217372,4350,62,6,11,exact,exact,exact,exact,f,f,0
B01-030,2026-09-09 20:51:28.843983+00,218015,4356,62,6,11,exact,exact,exact,exact,f,f,0
B01-030,2026-09-09 21:01:22.287736+00,218609,4358,62,6,11,exact,exact,exact,exact,f,f,0
B01-030,2026-09-09 21:22:28.723196+00,219875,4366,62,6,11,exact,exact,exact,exact,f,f,0
B01-030,2026-09-09 21:32:42.731599+00,220489,4368,62,6,11,exact,exact,exact,exact,f,f,0
B01-030,2026-09-09 21:53:28.200993+00,221735,4369,62,6,11,exact,exact,exact,exact,f,f,0
B01-030,2026-09-09 22:03:48.028351+00,222355,4369,62,6,11,exact,exact,exact,exact,f,f,0
B01-030,2026-09-09 22:16:16.514231+00,223103,4374,62,6,11,exact,exact,exact,exact,f,f,0
B01-030,2026-09-09 22:36:30.801557+00,224317,4375,62,6,11,exact,exact,exact,exact,f,f,0
B01-030,2026-09-09 22:46:32.618893+00,224919,4375,62,6,11,exact,exact,exact,exact,f,f,0
B01-030,2026-09-09 23:07:18.79736+00,226165,4377,62,6,11,exact,exact,exact,exact,f,f,0
B01-030,2026-09-09 23:18:39.794789+00,226846,4377,62,6,11,exact,exact,exact,exact,f,f,0
B01-030,2026-09-09 23:39:17.565601+00,228084,4380,62,6,11,exact,exact,exact,exact,f,f,0
B01-030,2026-09-09 23:50:01.762207+00,228728,4380,62,6,11,exact,exact,exact,exact,f,f,0
B01-030,2026-09-10 00:11:39.851735+00,230026,4380,62,6,11,exact,exact,exact,exact,f,f,0
B01-030,2026-09-10 00:22:59.512443+00,230706,4381,62,6,11,exact,exact,exact,exact,f,f,0
B01-030,2026-09-10 00:33:10.894818+00,231317,4381,62,6,11,exact,exact,exact,exact,f,f,0
B01-030,2026-09-10 00:53:23.767921+00,232530,4383,62,6,11,exact,exact,exact,exact,f,f,0
B01-030,2026-09-10 01:03:40.061682+00,233147,4383,62,6,11,exact,exact,exact,exact,f,f,0
B01-030,2026-09-10 01:25:12.485154+00,234439,4383,62,6,11,exact,exact,exact,exact,f,f,0
B01-030,2026-09-10 01:35:01.846633+00,235028,4386,62,6,11,exact,exact,exact,exact,f,f,0
B01-030,2026-09-10 01:55:05.90221+00,236232,4386,62,6,11,exact,exact,exact,exact,f,f,0
B01-030,2026-09-10 02:05:36.146596+00,236863,4386,62,6,11,exact,exact,exact,exact,f,f,0
B01-030,2026-09-10 02:16:30.126863+00,237517,4390,62,6,11,exact,exact,exact,exact,f,f,0
B01-030,2026-09-10 02:36:52.66224+00,238739,4390,62,6,11,exact,exact,exact,exact,f,f,0
B01-030,2026-09-10 02:47:40.608852+00,239387,4391,62,6,11,exact,exact,exact,exact,f,f,0
B01-030,2026-09-10 03:08:22.099426+00,240629,4391,62,6,11,exact,exact,exact,exact,f,f,0
B01-030,2026-09-10 03:20:13.45494+00,241340,4391,62,6,11,exact,exact,exact,exact,f,f,0
B01-030,2026-09-10 03:41:14.968419+00,242601,4394,62,6,11,exact,exact,exact,exact,f,f,0
B01-030,2026-09-10 03:51:39.31613+00,243226,4397,62,6,11,exact,exact,exact,exact,f,f,0
B01-030,2026-09-10 04:03:32.020312+00,243939,4400,62,6,11,exact,exact,exact,exact,f,f,0
B01-030,2026-09-10 04:25:54.927593+00,245281,4406,62,6,11,exact,exact,exact,exact,f,f,0
B01-030,2026-09-10 04:36:27.674698+00,245914,4408,62,6,11,exact,exact,exact,exact,f,f,0
B01-030,2026-09-10 04:46:48.50365+00,246535,4410,62,6,11,exact,exact,exact,exact,f,f,0
B01-030,2026-09-10 05:07:56.640692+00,247803,4416,63,6,11,exact,exact,exact,exact,f,f,0
B01-030,2026-09-10 05:19:23.483034+00,248490,4421,63,6,11,exact,exact,exact,exact,f,f,0
B01-030,2026-09-10 05:40:03.405743+00,249730,4428,63,6,11,exact,exact,exact,exact,f,f,0
B01-030,2026-09-10 05:50:35.091431+00,250362,4429,63,6,11,exact,exact,exact,exact,f,f,0
B01-030,2026-09-10 06:01:12.637809+00,250999,4433,63,6,11,exact,exact,exact,exact,f,f,0
B01-030,2026-09-10 06:23:26.937529+00,252333,4439,64,6,11,exact,exact,exact,exact,f,f,0
B01-030,2026-09-10 06:34:02.037101+00,252969,4442,64,6,11,exact,exact,exact,exact,f,f,0
B01-030,2026-09-10 06:54:41.227712+00,254208,4449,64,6,11,exact,exact,exact,exact,f,f,0
B01-030,2026-09-10 07:05:17.731792+00,254844,4449,64,6,11,exact,exact,exact,exact,f,f,0
B01-030,2026-09-10 07:16:55.800804+00,255542,4455,64,6,11,exact,exact,exact,exact,f,f,0
B01-030,2026-09-10 07:38:08.160392+00,256815,4460,65,6,11,exact,exact,exact,exact,f,f,0
B01-030,2026-09-10 07:48:47.793233+00,257454,4464,65,6,11,exact,exact,exact,exact,f,f,0
B01-030,2026-09-10 08:09:29.8997+00,258696,4471,66,6,11,exact,exact,exact,exact,f,f,0
B01-030,2026-09-10 08:20:48.072757+00,259375,4471,66,6,11,exact,exact,exact,exact,f,f,0
B01-030,2026-09-10 08:31:35.424936+00,260022,4474,66,6,11,exact,exact,exact,exact,f,f,0
B01-030,2026-09-10 09:03:58.27023+00,261965,4485,66,6,11,exact,exact,exact,exact,f,f,0
B01-030,2026-09-10 09:36:10.286631+00,263897,4493,66,6,11,exact,exact,exact,exact,f,f,0
B01-030,2026-09-10 10:08:08.894904+00,265815,4499,66,6,11,exact,exact,exact,exact,f,f,0
B01-030,2026-09-10 10:40:15.684687+00,267742,4502,66,6,11,exact,exact,exact,exact,f,f,0
B01-030,2026-09-10 11:01:24.106674+00,269011,4508,67,6,11,exact,exact,exact,exact,f,f,0
B01-030,2026-09-10 11:34:24.132433+00,270991,4512,67,6,11,exact,exact,exact,exact,f,f,0
B01-030,2026-09-10 12:06:45.813501+00,272932,4522,67,6,11,exact,exact,exact,exact,f,f,0
B01-030,2026-09-10 12:39:43.745256+00,274910,4546,68,6,11,exact,exact,exact,exact,f,f,0
B01-030,2026-09-10 13:12:05.35904+00,276852,4558,68,6,11,exact,exact,exact,exact,f,f,0
B01-030,2026-09-10 13:33:56.611201+00,278163,4578,68,6,11,exact,exact,exact,exact,f,f,0
B01-030,2026-09-10 14:06:40.150991+00,280127,4593,68,6,11,exact,exact,exact,exact,f,f,0
B01-030,2026-09-10 14:39:19.93786+00,282086,4614,68,6,11,exact,exact,exact,exact,f,f,0
B01-030,2026-09-10 15:11:15.368123+00,284002,4641,69,6,11,exact,exact,exact,exact,f,f,0
B01-030,2026-09-10 15:33:56.249147+00,285363,4648,69,6,11,exact,exact,exact,exact,f,f,0
B01-030,2026-09-10 16:06:26.010439+00,287313,4663,69,6,11,exact,exact,exact,exact,f,f,0
B01-030,2026-09-10 16:31:50.375509+00,288837,4676,69,6,11,exact,exact,exact,exact,f,f,0
B01-030,2026-09-10 17:07:52.44767+00,290999,4692,69,6,11,exact,exact,exact,exact,f,f,0
B01-030,2026-09-10 17:40:45.317394+00,292972,4727,69,6,11,exact,exact,exact,exact,f,f,0
B01-030,2026-09-10 18:04:03.055649+00,294370,4734,69,6,11,exact,exact,exact,exact,f,f,0
B01-030,2026-09-10 19:47:55.395385+00,300602,4768,69,6,11,exact,exact,exact,exact,f,f,0
B01-030,2026-09-10 21:13:48.037021+00,305755,4794,69,6,11,exact,exact,exact,exact,f,f,0
B01-030,2026-09-11 06:54:52.379053+00,340619,4838,70,6,11,exact,exact,exact,exact,f,f,0
B01-030,2026-09-11 07:28:07.460214+00,342614,4846,71,6,11,exact,exact,exact,exact,f,f,1
B01-030,2026-09-11 08:10:43.627452+00,345170,4849,71,6,11,exact,exact,exact,exact,f,f,1
B01-030,2026-09-11 09:00:14.295386+00,348141,4853,71,6,11,exact,exact,exact,exact,f,f,1
B01-030,2026-09-11 09:26:13.807291+00,349700,4859,71,6,11,exact,exact,exact,exact,f,f,1
B01-030,2026-09-11 10:00:02.385797+00,351729,4864,71,6,11,exact,exact,exact,exact,f,f,1
B01-030,2026-09-11 10:17:04.273826+00,352751,4866,71,6,11,exact,exact,exact,exact,f,f,0
B01-030,2026-09-11 10:59:04.812149+00,355271,4876,71,6,11,exact,exact,exact,exact,f,f,1
B01-030,2026-09-11 11:24:16.723853+00,356783,4880,71,6,11,exact,exact,exact,exact,f,f,1
B01-030,2026-09-11 11:49:42.615388+00,358309,4883,71,6,11,exact,exact,exact,exact,f,f,1
B01-030,2026-09-11 12:23:01.106373+00,360308,4898,72,6,11,exact,exact,exact,exact,f,f,1
B01-030,2026-09-11 12:57:29.66997+00,362376,4910,73,6,11,exact,exact,exact,exact,f,f,1
B01-030,2026-09-11 13:23:28.766135+00,363935,4912,73,6,11,exact,exact,exact,exact,f,f,1
B01-030,2026-09-11 13:55:22.739903+00,365849,4917,73,6,11,exact,exact,exact,exact,f,f,1
B01-030,2026-09-11 14:29:36.723167+00,367903,4923,74,6,11,exact,exact,exact,exact,f,f,1
B01-030,2026-09-11 14:56:39.486182+00,369526,4928,74,6,11,exact,exact,exact,exact,f,f,1
B01-030,2026-09-11 15:22:30.677308+00,371077,4936,74,6,11,exact,exact,exact,exact,f,f,1
B01-030,2026-09-11 15:56:25.592737+00,373112,4944,74,6,11,exact,exact,exact,exact,f,f,1
B01-030,2026-09-11 16:22:25.43935+00,374672,4949,74,6,11,exact,exact,exact,exact,f,f,1
B01-030,2026-09-11 16:56:31.735719+00,376718,4956,74,6,11,exact,exact,exact,exact,f,f,1
B01-030,2026-09-11 17:13:45.664812+00,377752,4962,74,6,11,exact,exact,exact,exact,f,f,1
B01-030,2026-09-11 17:57:07.630749+00,380354,4974,74,6,11,exact,exact,exact,exact,f,f,1
B01-030,2026-09-11 18:23:11.798633+00,381918,4982,74,6,11,exact,exact,exact,exact,f,f,1
B01-030,2026-09-11 18:40:59.35804+00,382986,4987,74,6,11,exact,exact,exact,exact,f,f,1
B01-030,2026-09-11 19:01:29.669809+00,384216,4988,74,6,11,exact,exact,exact,exact,f,f,0
B01-030,2026-09-11 19:37:48.830044+00,386395,4990,74,6,11,exact,exact,exact,exact,f,f,0
B01-030,2026-09-11 20:25:28.470971+00,389255,5004,74,6,11,exact,exact,exact,exact,f,f,1
B01-030,2026-09-11 20:44:06.78352+00,390373,5006,74,6,11,exact,exact,exact,exact,f,f,1
B01-030,2026-09-11 21:21:37.839853+00,392624,5010,74,6,11,exact,exact,exact,exact,f,f,1
B01-030,2026-09-11 21:43:09.40142+00,393916,5012,74,6,11,exact,exact,exact,exact,f,f,1
B01-030,2026-09-11 22:20:41.233423+00,396168,5014,74,6,11,exact,exact,exact,exact,f,f,1
B01-030,2026-09-11 22:50:44.348086+00,397971,5015,74,6,11,exact,exact,exact,exact,f,f,0
B01-030,2026-09-11 23:43:18.19859+00,401125,5017,74,6,11,exact,exact,exact,exact,f,f,0
B01-030,2026-09-12 00:10:40.477441+00,402767,5019,74,6,11,exact,exact,exact,exact,f,f,0
B01-030,2026-09-12 01:23:42.188997+00,407149,5020,74,6,11,exact,exact,exact,exact,f,f,0
B01-030,2026-09-12 02:09:54.492267+00,409921,5021,74,6,11,exact,exact,exact,exact,f,f,0
B01-030,2026-09-12 03:29:08.499969+00,414675,5022,74,6,11,exact,exact,exact,exact,f,f,0
B01-030,2026-09-12 04:58:23.390443+00,420030,5026,74,6,11,exact,exact,exact,exact,f,f,1
B01-030,2026-09-12 05:19:50.183093+00,421317,5029,74,6,11,exact,exact,exact,exact,f,f,0
B01-030,2026-09-12 05:50:18.988406+00,423145,5038,74,6,11,exact,exact,exact,exact,f,f,1
B01-030,2026-09-12 06:16:47.081541+00,424734,5039,74,6,11,exact,exact,exact,exact,f,f,0
B01-030,2026-09-12 06:53:06.391275+00,426913,5040,74,6,11,exact,exact,exact,exact,f,f,0
B01-030,2026-09-12 07:02:16.570042+00,427463,5041,74,6,11,exact,exact,exact,exact,f,f,0
B01-030,2026-09-12 07:57:18.935225+00,430765,5045,74,6,11,exact,exact,exact,exact,f,f,1
B01-030,2026-09-12 08:05:55.445621+00,431282,5048,74,6,11,exact,exact,exact,exact,f,f,0
B01-030,2026-09-12 08:51:47.932624+00,434034,5050,74,6,11,exact,exact,exact,exact,f,f,1
B01-030,2026-09-12 09:01:06.075934+00,434593,5052,74,6,11,exact,exact,exact,exact,f,f,0
B01-030,2026-09-12 09:45:20.453637+00,437247,5054,74,6,11,exact,exact,exact,exact,f,f,1
B01-030,2026-09-12 10:13:00.103678+00,438907,5060,74,6,11,exact,exact,exact,exact,f,f,1
B01-030,2026-09-12 10:57:26.450603+00,441573,5064,74,6,11,exact,exact,exact,exact,f,f,1
B01-030,2026-09-12 11:23:48.082103+00,443155,5065,74,6,11,exact,exact,exact,exact,f,f,0
B01-030,2026-09-12 11:50:24.026756+00,444751,5068,74,6,11,exact,exact,exact,exact,f,f,1
B01-030,2026-09-12 12:52:28.525003+00,448475,5072,74,6,11,exact,exact,exact,exact,f,f,1
B01-030,2026-09-12 13:27:41.551619+00,450588,5079,74,6,11,exact,exact,exact,exact,f,f,1
B01-030,2026-09-12 13:45:42.351586+00,451669,5082,74,6,11,exact,exact,exact,exact,f,f,0
B01-030,2026-09-12 14:22:16.616138+00,453863,5090,74,6,11,exact,exact,exact,exact,f,f,1
B01-030,2026-09-12 14:39:16.074491+00,454883,5091,74,6,11,exact,exact,exact,exact,f,f,0
B01-030,2026-09-12 15:23:39.986838+00,457546,5099,75,6,11,exact,exact,exact,exact,f,f,1
B01-030,2026-09-12 15:41:33.280816+00,458620,5100,75,6,11,exact,exact,exact,exact,f,f,0
B01-030,2026-09-12 16:26:21.919328+00,461308,5104,75,6,11,exact,exact,exact,exact,f,f,1
B01-030,2026-09-12 16:52:31.145868+00,462878,5106,75,6,11,exact,exact,exact,exact,f,f,1
B01-030,2026-09-12 17:20:30.712499+00,464557,5109,75,6,11,exact,exact,exact,exact,f,f,1
B01-030,2026-09-12 17:56:07.114433+00,466694,5110,75,6,11,exact,exact,exact,exact,f,f,0
B01-030,2026-09-12 18:22:40.77827+00,468287,5112,75,6,11,exact,exact,exact,exact,f,f,1
B01-030,2026-09-12 18:49:47.120408+00,469914,5116,75,6,11,exact,exact,exact,exact,f,f,1
B01-030,2026-09-12 19:25:31.155722+00,472058,5127,75,6,11,exact,exact,exact,exact,f,f,1
B01-030,2026-09-12 19:51:56.376713+00,473643,5130,75,6,11,exact,exact,exact,exact,f,f,1
B01-030,2026-09-12 20:00:56.93213+00,474183,5132,75,6,11,exact,exact,exact,exact,f,f,0
B01-030,2026-09-12 20:45:49.035394+00,476876,5134,75,6,11,exact,exact,exact,exact,f,f,1
B01-030,2026-09-12 21:29:39.895214+00,479506,5145,76,6,11,exact,exact,exact,exact,f,f,1
B01-030,2026-09-12 21:55:50.422029+00,481077,5148,76,6,11,exact,exact,exact,exact,f,f,1
B01-030,2026-09-12 22:13:36.47331+00,482143,5151,76,6,11,exact,exact,exact,exact,f,f,1
B01-030,2026-09-12 22:40:07.582867+00,483734,5155,76,6,11,exact,exact,exact,exact,f,f,1
B01-030,2026-09-12 23:17:19.652402+00,485966,5156,76,6,11,exact,exact,exact,exact,f,f,0
B01-030,2026-09-12 23:55:10.066045+00,488237,5157,76,6,11,exact,exact,exact,exact,f,f,0
B01-030,2026-09-13 00:58:07.245906+00,492014,5158,76,6,11,exact,exact,exact,exact,f,f,0
B01-030,2026-09-13 02:19:41.050591+00,496908,5161,76,6,11,exact,exact,exact,exact,f,f,0
B01-030,2026-09-13 02:46:32.468416+00,498519,5162,76,6,11,exact,exact,exact,exact,f,f,0
B01-030,2026-09-13 04:05:22.989495+00,503249,5163,76,6,11,exact,exact,exact,exact,f,f,0
B01-030,2026-09-13 05:10:04.831408+00,507131,5164,76,6,11,exact,exact,exact,exact,f,f,0
B01-030,2026-09-13 05:46:07.724551+00,509294,5165,76,6,11,exact,exact,exact,exact,f,f,0
B01-030,2026-09-13 06:49:34.886937+00,513101,5169,76,6,11,exact,exact,exact,exact,f,f,0
B01-030,2026-09-13 07:27:36.656982+00,515383,5171,76,6,11,exact,exact,exact,exact,f,f,0
B01-030,2026-09-13 07:54:36.815379+00,517003,5173,76,6,11,exact,exact,exact,exact,f,f,0
B01-030,2026-09-13 08:04:39.061912+00,517606,5174,76,6,11,exact,exact,exact,exact,f,f,0
B01-030,2026-09-13 08:49:42.595495+00,520309,5178,76,6,11,exact,exact,exact,exact,f,f,1
B01-030,2026-09-13 09:38:35.653244+00,523242,5180,76,6,11,exact,exact,exact,exact,f,f,0
B01-030,2026-09-13 10:05:37.783601+00,524864,5186,76,6,11,exact,exact,exact,exact,f,f,0
B01-030,2026-09-13 10:42:03.488329+00,527050,5188,76,6,11,exact,exact,exact,exact,f,f,0
B01-030,2026-09-13 11:29:37.491833+00,529904,5193,76,6,11,exact,exact,exact,exact,f,f,1
B01-030,2026-09-13 11:48:07.363016+00,531014,5195,76,6,11,exact,exact,exact,exact,f,f,1
B01-030,2026-09-13 12:27:21.200824+00,533368,5196,76,6,11,exact,exact,exact,exact,f,f,0
B01-030,2026-09-13 12:46:04.204682+00,534491,5198,76,6,11,exact,exact,exact,exact,f,f,0
B01-030,2026-09-13 13:14:03.756458+00,536170,5200,76,6,11,exact,exact,exact,exact,f,f,0
B01-030,2026-09-13 13:50:52.838517+00,538379,5201,76,6,11,exact,exact,exact,exact,f,f,0
B01-030,2026-09-13 14:29:38.063592+00,540705,5202,76,6,11,exact,exact,exact,exact,f,f,0
B01-030,2026-09-13 14:57:34.883275+00,542381,5206,76,6,11,exact,exact,exact,exact,f,f,1
B01-030,2026-09-13 15:07:46.452225+00,542993,5209,76,6,11,exact,exact,exact,exact,f,f,0
B01-030,2026-09-13 15:44:51.292699+00,545218,5210,76,6,11,exact,exact,exact,exact,f,f,0
B01-030,2026-09-13 16:13:25.366905+00,546932,5214,76,6,11,exact,exact,exact,exact,f,f,1
B01-030,2026-09-13 16:59:27.662438+00,549694,5218,76,6,11,exact,exact,exact,exact,f,f,1
B01-030,2026-09-13 17:18:27.24533+00,550834,5219,76,6,11,exact,exact,exact,exact,f,f,0
B01-030,2026-09-13 17:55:27.26659+00,553054,5220,76,6,11,exact,exact,exact,exact,f,f,0
B01-030,2026-09-13 18:23:05.412265+00,554712,5223,76,6,11,exact,exact,exact,exact,f,f,1
B01-030,2026-09-13 18:54:10.454855+00,556577,5227,76,6,11,exact,exact,exact,exact,f,f,1
B01-030,2026-09-13 19:12:06.22354+00,557653,5229,76,6,11,exact,exact,exact,exact,f,f,1
B01-030,2026-09-13 20:33:43.992496+00,562550,5232,76,6,11,exact,exact,exact,exact,f,f,0
B01-030,2026-09-13 21:23:35.991772+00,565542,5236,76,6,11,exact,exact,exact,exact,f,f,1
B01-030,2026-09-13 22:29:48.158793+00,569515,5239,76,6,11,exact,exact,exact,exact,f,f,1
B01-030,2026-09-13 22:40:56.622986+00,570183,5240,76,6,11,exact,exact,exact,exact,f,f,0
B01-030,2026-09-13 23:12:29.913027+00,572076,5242,76,6,11,exact,exact,exact,exact,f,f,1
B01-030,2026-09-13 23:34:01.546665+00,573368,5243,76,6,11,exact,exact,exact,exact,f,f,0
B01-030,2026-09-14 02:13:39.094493+00,582946,5244,76,6,11,exact,exact,exact,exact,f,f,0
B01-030,2026-09-14 03:17:35.970692+00,586782,5246,76,6,11,exact,exact,exact,exact,f,f,0
B01-030,2026-09-14 05:16:37.67286+00,593924,5248,76,6,12,exact,exact,exact,exact,f,f,1
B01-030,2026-09-14 05:50:53.23307+00,595980,5252,76,6,12,exact,exact,exact,exact,f,f,1
B01-030,2026-09-14 06:01:36.145892+00,596623,5253,76,6,12,exact,exact,exact,exact,f,f,0
B01-030,2026-09-14 06:47:00.744149+00,599347,5256,76,6,12,exact,exact,exact,exact,f,f,1
B01-030,2026-09-14 07:22:19.952301+00,601466,5258,76,6,12,exact,exact,exact,exact,f,f,0
B01-030,2026-09-14 07:33:37.978368+00,602144,5261,76,6,12,exact,exact,exact,exact,f,f,0
B01-030,2026-09-14 09:38:47.660429+00,609654,5263,76,6,12,exact,exact,exact,exact,f,f,1
B01-030,2026-09-14 10:48:20.277201+00,613827,5268,76,6,12,exact,exact,exact,exact,f,f,1
B01-030,2026-09-14 12:00:45.516624+00,618172,5270,76,6,12,exact,exact,exact,exact,f,f,1
B01-030,2026-09-14 13:38:34.198643+00,624041,5274,76,6,12,exact,exact,exact,exact,f,f,1
B01-030,2026-09-14 14:47:35.42398+00,628182,5278,76,6,12,exact,exact,exact,exact,f,f,1
B01-030,2026-09-14 15:39:32.376455+00,631299,5281,76,6,12,exact,exact,exact,exact,f,f,1
B01-030,2026-09-14 16:32:35.514713+00,634482,5287,76,6,12,exact,exact,exact,exact,f,f,1
B01-030,2026-09-14 17:36:36.259528+00,638323,5291,76,6,12,exact,exact,exact,exact,f,f,1
B01-030,2026-09-14 18:56:56.93048+00,643143,5298,76,6,12,exact,exact,exact,exact,f,f,1
B01-030,2026-09-14 19:58:31.583298+00,646838,5303,76,6,12,exact,exact,exact,exact,f,f,1
B01-030,2026-09-14 20:49:21.11824+00,649888,5307,76,6,12,exact,exact,exact,exact,f,f,1
B01-030,2026-09-14 22:09:04.39727+00,654671,5308,76,6,12,exact,exact,exact,exact,f,f,0
B01-030,2026-09-14 23:59:01.924817+00,661268,5312,76,6,12,exact,exact,exact,exact,f,f,1
B01-030,2026-09-15 00:24:02.20484+00,662769,5313,76,6,12,exact,exact,exact,exact,f,f,0
B01-030,2026-09-15 04:34:03.906272+00,677770,5314,76,6,12,exact,exact,exact,exact,f,f,0
B01-030,2026-09-15 05:49:03.934718+00,682270,5314,76,6,12,exact,exact,exact,exact,f,f,1
B01-030,2026-09-15 06:14:07.393065+00,683774,5316,76,6,12,exact,exact,exact,exact,f,f,0
B01-030,2026-09-15 07:54:04.471988+00,689771,5321,76,6,12,exact,exact,exact,exact,f,f,1
B01-030,2026-09-15 09:59:05.861561+00,697272,5324,76,6,12,exact,exact,exact,exact,f,f,1
B01-030,2026-09-15 10:29:06.286842+00,699073,5325,76,6,12,exact,exact,exact,exact,f,f,0
B01-030,2026-09-15 11:49:04.074859+00,703871,5326,76,6,12,exact,exact,exact,exact,f,f,0
B01-030,2026-09-15 12:29:04.955862+00,706271,5327,76,6,12,exact,exact,exact,exact,f,f,0
B01-030,2026-09-15 13:59:05.729623+00,711672,5333,77,6,12,exact,exact,exact,exact,f,f,1
B01-030,2026-09-15 14:04:08.267549+00,711975,5334,77,6,12,exact,exact,exact,exact,f,f,0
B01-030,2026-09-15 15:44:11.012513+00,717978,5338,77,6,12,exact,exact,exact,exact,f,f,1
B01-030,2026-09-15 16:44:08.617835+00,721575,5339,77,6,12,exact,exact,exact,exact,f,f,0
B01-030,2026-09-15 17:59:08.284495+00,726075,5343,77,6,12,exact,exact,exact,exact,f,f,1
B01-030,2026-09-15 18:29:10.56434+00,727877,5345,77,6,12,exact,exact,exact,exact,f,f,1
B01-030,2026-09-15 19:54:09.687513+00,732976,5349,77,6,12,exact,exact,exact,exact,f,f,1
B01-030,2026-09-15 20:44:07.83768+00,735974,5351,77,6,12,exact,exact,exact,exact,f,f,0
B01-030,2026-09-15 21:59:05.870299+00,740472,5356,77,6,12,exact,exact,exact,exact,f,f,1
B01-030,2026-09-16 00:49:11.274175+00,750678,5359,77,6,12,exact,exact,exact,exact,f,f,1
B01-030,2026-09-16 03:54:16.799183+00,761783,5362,77,6,12,exact,exact,exact,exact,f,f,1
B01-030,2026-09-16 04:39:17.335001+00,764484,5365,77,6,12,exact,exact,exact,exact,f,f,1
B01-030,2026-09-16 06:44:13.825654+00,771980,5368,77,6,12,exact,exact,exact,exact,f,f,1
B01-030,2026-09-16 07:49:14.264432+00,775881,5373,77,6,12,exact,exact,exact,exact,f,f,1
B01-030,2026-09-16 09:24:17.445+00,781584,5375,77,6,12,exact,exact,exact,exact,f,f,1
B01-030,2026-09-16 10:09:18.191558+00,784285,5376,77,6,12,exact,exact,exact,exact,f,f,0
B01-030,2026-09-16 11:49:19.146741+00,790286,5378,77,6,12,exact,exact,exact,exact,f,f,1
B01-030,2026-09-16 12:49:16.89359+00,793883,5381,77,6,12,exact,exact,exact,exact,f,f,1
B01-030,2026-09-16 13:59:25.127088+00,798092,5388,77,6,12,exact,exact,exact,exact,f,f,1
B01-030,2026-09-16 14:59:17.859199+00,801684,5391,77,6,12,exact,exact,exact,exact,f,f,0
B01-030,2026-09-16 15:24:24.686086+00,803191,5393,77,6,12,exact,exact,exact,exact,f,f,0
B01-030,2026-09-16 16:14:20.617631+00,806187,5395,77,6,12,exact,exact,exact,exact,f,f,0
B01-030,2026-09-16 17:54:36.73205+00,812203,5398,77,6,12,exact,exact,exact,exact,f,f,1
B01-030,2026-09-16 18:19:17.064523+00,813684,5400,77,6,12,exact,exact,exact,exact,f,f,1
B01-030,2026-09-16 19:54:36.316326+00,819403,5409,77,6,12,exact,exact,exact,exact,f,f,1
B01-030,2026-09-16 20:54:33.798056+00,823000,5411,77,6,12,exact,exact,exact,exact,f,f,0
B01-030,2026-09-16 21:44:13.102272+00,825980,5414,77,6,12,exact,exact,exact,exact,f,f,1
B01-030,2026-09-16 22:09:13.913645+00,827480,5416,77,6,12,exact,exact,exact,exact,f,f,0
B01-030,2026-09-16 23:34:12.643259+00,832579,5417,77,6,12,exact,exact,exact,exact,f,f,0
B01-030,2026-09-17 03:14:12.800546+00,845779,5418,77,6,12,exact,exact,exact,exact,f,f,0
B01-030,2026-09-17 04:54:14.651239+00,851781,5419,77,6,12,exact,exact,exact,exact,f,f,0
B01-030,2026-09-17 05:59:16.725759+00,855683,5422,77,6,12,exact,exact,exact,exact,f,f,1
B01-030,2026-09-17 06:59:18.820205+00,859285,5426,77,6,12,exact,exact,exact,exact,f,f,1
B01-030,2026-09-17 07:34:18.484492+00,861385,5429,77,6,12,exact,exact,exact,exact,f,f,1
B01-030,2026-09-17 08:49:16.99051+00,865883,5435,77,6,12,exact,exact,exact,exact,f,f,1
B01-030,2026-09-17 09:54:17.790857+00,869784,5437,77,6,12,exact,exact,exact,exact,f,f,0
B01-030,2026-09-17 11:44:18.583727+00,876385,5441,77,6,12,exact,exact,exact,exact,f,f,1
B01-030,2026-09-17 13:54:07.347616+00,884174,5444,77,6,12,exact,exact,exact,exact,f,f,1
B01-030,2026-09-17 14:54:07.694361+00,887774,5447,77,6,12,exact,exact,exact,exact,f,f,1
B01-030,2026-09-17 15:59:08.389987+00,891675,5449,77,6,12,exact,exact,exact,exact,f,f,1
B01-030,2026-09-17 16:54:05.454523+00,894972,5450,77,6,12,exact,exact,exact,exact,f,f,0
B01-030,2026-09-17 17:24:07.613037+00,896774,5451,77,6,12,exact,exact,exact,exact,f,f,0
B01-030,2026-09-17 18:14:12.848866+00,899779,5452,77,6,12,exact,exact,exact,exact,f,f,0
B01-030,2026-09-17 19:19:09.014403+00,903676,5454,77,6,12,exact,exact,exact,exact,f,f,1
B01-030,2026-09-17 20:59:06.544995+00,909673,5462,77,6,12,exact,exact,exact,exact,f,f,1
B01-030,2026-09-18 04:34:09.090518+00,936976,5463,77,6,12,exact,exact,exact,exact,f,f,0
B01-030,2026-09-18 05:49:12.729522+00,941479,5469,77,6,12,exact,exact,exact,exact,f,f,1
B01-030,2026-09-18 06:09:12.143225+00,942679,5470,77,6,12,exact,exact,exact,exact,f,f,0
B01-030,2026-09-18 08:39:14.03127+00,951681,5473,77,6,12,exact,exact,exact,exact,f,f,1
B01-030,2026-09-18 09:19:13.535628+00,954080,5474,77,6,12,exact,exact,exact,exact,f,f,0
B01-030,2026-09-18 10:59:17.489959+00,960084,5478,77,6,12,exact,exact,exact,exact,f,f,1
B01-030,2026-09-18 11:34:16.220905+00,962183,5481,78,6,12,exact,exact,exact,exact,f,f,1
B01-030,2026-09-18 12:59:17.403586+00,967284,5488,79,12,12,exact,exact,exact,exact,f,f,1
B01-030,2026-09-18 13:04:15.250083+00,967582,5490,79,12,12,exact,exact,exact,exact,f,f,0
B01-030,2026-09-18 14:44:15.050509+00,973582,5494,79,12,12,exact,exact,exact,exact,f,f,1
B01-030,2026-09-18 15:54:19.232785+00,977786,5498,79,12,12,exact,exact,exact,exact,f,f,1
B01-030,2026-09-18 16:09:16.09977+00,978683,5498,79,12,12,exact,exact,exact,exact,f,f,1
B01-030,2026-09-18 17:49:14.476103+00,984681,5507,79,12,13,exact,exact,exact,exact,f,f,1
B01-030,2026-09-18 18:54:14.346304+00,988581,5510,79,12,13,exact,exact,exact,exact,f,f,1
B01-030,2026-09-18 19:59:12.335749+00,992479,5513,79,12,13,exact,exact,exact,exact,f,f,1
B01-030,2026-09-18 23:14:06.853943+00,1004173,5514,79,12,13,exact,exact,exact,exact,f,f,0
B01-030,2026-09-19 03:24:07.266873+00,1019174,5515,79,12,13,exact,exact,exact,exact,f,f,0
B01-030,2026-09-19 04:44:08.448988+00,1023975,5516,79,12,13,exact,exact,exact,exact,f,f,0
B01-030,2026-09-19 08:04:08.313154+00,1035975,5517,79,12,13,exact,exact,exact,exact,f,f,0
B01-030,2026-09-19 09:29:08.22511+00,1041075,5518,79,12,13,exact,exact,exact,exact,f,f,0
B01-030,2026-09-19 10:29:08.661773+00,1044675,5520,79,12,13,exact,exact,exact,exact,f,f,1
B01-030,2026-09-19 11:39:09.303329+00,1048876,5524,79,12,13,exact,exact,exact,exact,f,f,1
B01-030,2026-09-19 12:44:08.248324+00,1052775,5525,79,12,13,exact,exact,exact,exact,f,f,0
B01-030,2026-09-19 14:24:11.113352+00,1058778,5527,79,12,13,exact,exact,exact,exact,f,f,1
B01-030,2026-09-19 15:29:07.927603+00,1062674,5529,79,12,13,exact,exact,exact,exact,f,f,0
B01-030,2026-09-19 17:59:07.235591+00,1071674,5534,79,12,13,exact,exact,exact,exact,f,f,1
B01-030,2026-09-19 18:54:08.696971+00,1074975,5535,79,12,13,exact,exact,exact,exact,f,f,0
B01-030,2026-09-19 19:59:09.21273+00,1078876,5539,79,12,13,exact,exact,exact,exact,f,f,1
B01-030,2026-09-19 20:59:06.780327+00,1082473,5540,79,12,13,exact,exact,exact,exact,f,f,0
B01-030,2026-09-19 21:19:08.521544+00,1083675,5542,79,12,13,exact,exact,exact,exact,f,f,0
B01-030,2026-09-20 00:59:07.928725+00,1096874,5542,79,12,13,exact,exact,exact,exact,f,f,1
B01-030,2026-09-20 04:54:08.033201+00,1110975,5544,79,12,13,exact,exact,exact,exact,f,f,1
B01-030,2026-09-20 06:44:09.764882+00,1117576,5546,79,12,13,exact,exact,exact,exact,f,f,1
B01-030,2026-09-20 07:29:11.692967+00,1120278,5547,79,12,13,exact,exact,exact,exact,f,f,0
B01-030,2026-09-20 08:09:10.097368+00,1122677,5549,79,12,13,exact,exact,exact,exact,f,f,0
B01-030,2026-09-20 10:04:09.959718+00,1129576,5550,79,12,13,exact,exact,exact,exact,f,f,0
B01-030,2026-09-20 11:14:09.669599+00,1133776,5551,79,12,13,exact,exact,exact,exact,f,f,0
B01-030,2026-09-20 12:19:09.900838+00,1137676,5552,79,12,13,exact,exact,exact,exact,f,f,0
B01-030,2026-09-20 13:59:13.117866+00,1143680,5554,79,12,13,exact,exact,exact,exact,f,f,1
B01-030,2026-09-20 14:59:13.48382+00,1147280,5555,79,12,13,exact,exact,exact,exact,f,f,0
B01-030,2026-09-20 15:04:08.751996+00,1147575,5556,79,12,13,exact,exact,exact,exact,f,f,0
B01-030,2026-09-20 18:29:16.639057+00,1159883,5558,79,12,13,exact,exact,exact,exact,f,f,1
B01-030,2026-09-20 19:59:13.629687+00,1165280,5560,79,12,13,exact,exact,exact,exact,f,f,1
B01-030,2026-09-20 20:24:07.262912+00,1166774,5561,79,12,13,exact,exact,exact,exact,f,f,0
B01-030,2026-09-21 06:37:34.873747+00,1203581,5574,79,12,13,exact,exact,exact,exact,f,f,1
B01-030,2026-09-21 07:49:14.165599+00,1207881,5577,79,12,13,exact,exact,exact,exact,f,f,0
B01-030,2026-09-21 08:48:37.520483+00,1211444,5580,79,12,13,exact,exact,exact,exact,f,f,1
B01-030,2026-09-21 09:43:37.473537+00,1214744,5586,79,12,13,exact,exact,exact,exact,f,f,1
B01-030,2026-09-21 11:40:52.055072+00,1221779,5588,79,12,13,exact,exact,exact,exact,f,f,0
B01-030,2026-09-21 13:15:06.110332+00,1227433,5589,79,12,13,exact,exact,exact,exact,f,f,0
B01-030,2026-09-21 14:06:32.946599+00,1230519,5590,79,12,13,exact,exact,exact,exact,f,f,0
B01-030,2026-09-21 16:54:22.075189+00,1240589,5592,79,12,13,exact,exact,exact,exact,f,f,1
B01-030,2026-09-21 20:00:18.427333+00,1251745,5596,79,12,13,exact,exact,exact,exact,f,f,1
B01-030,2026-09-21 20:17:37.193049+00,1252784,5600,79,12,13,exact,exact,exact,exact,f,f,0
B01-030,2026-09-22 04:59:19.819347+00,1284086,5601,79,12,13,exact,exact,exact,exact,f,f,0
B01-030,2026-09-22 05:44:17.348203+00,1286784,5602,79,12,13,exact,exact,exact,exact,f,f,0
B01-030,2026-09-22 07:54:18.410955+00,1294585,5603,79,12,13,exact,exact,exact,exact,f,f,0
B01-030,2026-09-22 08:04:21.299629+00,1295188,5604,79,12,13,exact,exact,exact,exact,f,f,0
B01-030,2026-09-22 13:59:19.277923+00,1316486,5607,79,12,13,exact,exact,exact,exact,f,f,1
B01-030,2026-09-22 14:39:15.696804+00,1318882,5609,79,12,13,exact,exact,exact,exact,f,f,1
B01-030,2026-09-22 15:54:29.353358+00,1323396,5610,79,12,13,exact,exact,exact,exact,f,f,0
B01-030,2026-09-22 16:49:16.670928+00,1326683,5611,79,12,13,exact,exact,exact,exact,f,f,0
B01-030,2026-09-22 17:59:18.036415+00,1330885,5612,79,12,13,exact,exact,exact,exact,f,f,0
B01-030,2026-09-22 18:54:12.458106+00,1334179,5614,79,12,13,exact,exact,exact,exact,f,f,0
B01-030,2026-09-22 19:39:11.338006+00,1336878,5616,79,12,13,exact,exact,exact,exact,f,f,1
B01-030,2026-09-22 20:14:11.708555+00,1338978,5617,79,12,13,exact,exact,exact,exact,f,f,0
B01-030,2026-09-22 21:09:10.983816+00,1342277,5618,79,12,13,exact,exact,exact,exact,f,f,0
B01-030,2026-09-22 22:24:13.128588+00,1346780,5619,79,12,13,exact,exact,exact,exact,f,f,0
B01-030,2026-09-23 02:09:10.566899+00,1360277,5620,79,12,13,exact,exact,exact,exact,f,f,0
B01-030,2026-09-23 07:49:10.347285+00,1380677,5623,79,12,13,exact,exact,exact,exact,f,f,1
B01-030,2026-09-23 08:04:11.247127+00,1381578,5624,79,12,13,exact,exact,exact,exact,f,f,0
B01-030,2026-09-23 09:34:12.196851+00,1386979,5625,79,12,13,exact,exact,exact,exact,f,f,0
B01-030,2026-09-23 10:29:12.007688+00,1390279,5629,79,12,13,exact,exact,exact,exact,f,f,1
B01-030,2026-09-23 12:54:11.785711+00,1398978,5633,79,12,13,exact,exact,exact,exact,f,f,1
B01-030,2026-09-23 16:14:12.374634+00,1410979,5634,79,12,13,exact,exact,exact,exact,f,f,0
B01-030,2026-09-23 17:44:11.374195+00,1416378,5636,79,12,13,exact,exact,exact,exact,f,f,1
B01-030,2026-09-23 18:54:12.170232+00,1420579,5640,79,12,13,exact,exact,exact,exact,f,f,1
B01-030,2026-09-23 19:59:10.675315+00,1424477,5646,79,12,13,exact,exact,exact,exact,f,f,1
B01-030,2026-09-23 20:24:13.477514+00,1425980,5652,80,12,13,exact,exact,exact,exact,f,f,1
B01-030,2026-09-23 21:29:10.000532+00,1429877,5653,80,12,13,exact,exact,exact,exact,f,f,0
B01-030,2026-09-23 22:19:11.023443+00,1432878,5658,80,12,13,exact,exact,exact,exact,f,f,1
B01-030,2026-09-24 01:19:13.990679+00,1443680,5659,80,12,13,exact,exact,exact,exact,f,f,0
B01-030,2026-09-24 04:54:13.550703+00,1456580,5660,80,12,13,exact,exact,exact,exact,f,f,0
B01-030,2026-09-24 06:34:12.622674+00,1462579,5662,80,12,13,exact,exact,exact,exact,f,f,0
B01-030,2026-09-24 07:44:12.782836+00,1466779,5664,80,12,13,exact,exact,exact,exact,f,f,0
B01-030,2026-09-24 08:14:14.188186+00,1468581,5665,80,12,13,exact,exact,exact,exact,f,f,0
B01-030,2026-09-24 09:14:12.194517+00,1472179,5666,80,12,13,exact,exact,exact,exact,f,f,0
B01-030,2026-09-24 10:34:11.217018+00,1476978,5668,80,12,13,exact,exact,exact,exact,f,f,0
B01-030,2026-09-24 11:59:13.724156+00,1482080,5671,80,12,13,exact,exact,exact,exact,f,f,1
B01-030,2026-09-24 12:29:12.76733+00,1483879,5672,80,12,13,exact,exact,exact,exact,f,f,0
B01-030,2026-09-24 14:04:16.904325+00,1489583,5673,80,12,13,exact,exact,exact,exact,f,f,0
B01-030,2026-09-24 19:34:14.143519+00,1509381,5674,80,12,13,exact,exact,exact,exact,f,f,0
B01-030,2026-09-24 21:39:09.75804+00,1516876,5675,80,12,13,exact,exact,exact,exact,f,f,0
B01-030,2026-09-25 07:59:11.368172+00,1554078,5678,80,12,13,exact,exact,exact,exact,f,f,0
B01-030,2026-09-25 11:19:14.734883+00,1566081,5679,80,12,13,exact,exact,exact,exact,f,f,0
B01-030,2026-09-25 16:34:15.990365+00,1584982,5682,80,12,13,exact,exact,exact,exact,f,f,1
B01-030,2026-09-25 17:09:14.039576+00,1587081,5683,80,12,13,exact,exact,exact,exact,f,f,0
B01-030,2026-09-25 18:44:13.704558+00,1592780,5685,80,12,13,exact,exact,exact,exact,f,f,1
B01-030,2026-09-25 19:34:13.152759+00,1595780,5686,80,12,13,exact,exact,exact,exact,f,f,0
B01-030,2026-09-25 23:49:11.06358+00,1611078,5687,80,12,13,exact,exact,exact,exact,f,f,0
B01-031,2026-09-11 11:30:28.042799+00,380,75,3,,,rounded,rounded,unknown,unknown,f,f,0
B01-031,2026-09-11 11:36:39.97645+00,751,101,3,,,rounded,rounded,unknown,unknown,f,f,0
B01-031,2026-09-11 11:43:05.519934+00,1137,130,3,,,rounded,rounded,unknown,unknown,f,f,0
B01-031,2026-09-11 11:49:40.399577+00,1532,154,3,,,rounded,rounded,unknown,unknown,f,f,0
B01-031,2026-09-11 11:56:02.346741+00,1914,170,4,,,rounded,rounded,unknown,unknown,f,f,0
B01-031,2026-09-11 12:07:41.946547+00,2613,197,4,,,rounded,rounded,unknown,unknown,f,f,0
B01-031,2026-09-11 12:19:32.151955+00,3324,219,4,,,rounded,rounded,unknown,unknown,f,f,0
B01-031,2026-09-11 12:26:21.215969+00,3733,227,4,,,rounded,rounded,unknown,unknown,f,f,0
B01-031,2026-09-11 12:33:20.307963+00,4152,234,4,,,rounded,rounded,unknown,unknown,f,f,0
B01-031,2026-09-11 12:40:09.914256+00,4561,246,4,,,rounded,rounded,unknown,unknown,f,f,0
B01-031,2026-09-11 12:46:47.457925+00,4959,258,4,,,rounded,rounded,unknown,unknown,f,f,0
B01-031,2026-09-11 12:53:10.169553+00,5342,267,4,,,rounded,rounded,unknown,unknown,f,f,0
B01-031,2026-09-11 12:59:50.274148+00,5742,288,4,,,rounded,rounded,unknown,unknown,f,f,0
B01-031,2026-09-11 13:06:57.173667+00,6169,321,4,,,rounded,rounded,unknown,unknown,f,f,0
B01-031,2026-09-11 13:13:40.99259+00,6572,341,4,,,rounded,rounded,unknown,unknown,f,f,0
B01-031,2026-09-11 13:20:04.831515+00,6956,359,4,,,rounded,rounded,unknown,unknown,f,f,0
B01-031,2026-09-11 13:26:30.036307+00,7342,370,4,,,rounded,rounded,unknown,unknown,f,f,0
B01-031,2026-09-11 13:33:01.632374+00,7733,373,4,,,rounded,rounded,unknown,unknown,f,f,0
B01-031,2026-09-11 13:40:01.255673+00,8153,387,5,,,rounded,rounded,unknown,unknown,f,f,0
B01-031,2026-09-11 13:52:05.780749+00,8877,406,5,,,rounded,rounded,unknown,unknown,f,f,0
B01-031,2026-09-11 13:59:10.98534+00,9302,414,5,,,rounded,rounded,unknown,unknown,f,f,0
B01-031,2026-09-11 14:06:28.330209+00,9740,416,5,,,rounded,rounded,unknown,unknown,f,f,0
B01-031,2026-09-11 14:26:57.895373+00,10969,416,6,,,rounded,rounded,unknown,unknown,f,f,0
B01-031,2026-09-11 14:33:18.208499+00,11350,424,6,,,rounded,rounded,unknown,unknown,f,f,0
B01-031,2026-09-11 14:40:25.953538+00,11777,430,6,,,rounded,rounded,unknown,unknown,f,f,0
B01-031,2026-09-11 14:47:38.078174+00,12210,433,6,,,rounded,rounded,unknown,unknown,f,f,0
B01-031,2026-09-11 14:54:10.845577+00,12602,437,6,,,rounded,rounded,unknown,unknown,f,f,0
B01-031,2026-09-11 15:00:24.730024+00,12976,447,6,,,rounded,rounded,unknown,unknown,f,f,0
B01-031,2026-09-11 15:06:57.213548+00,13369,451,6,,,rounded,rounded,unknown,unknown,f,f,0
B01-031,2026-09-11 15:13:50.880412+00,13782,457,6,,,rounded,rounded,unknown,unknown,f,f,0
B01-031,2026-09-11 15:20:23.673694+00,14175,460,6,,,rounded,rounded,unknown,unknown,f,f,0
B01-031,2026-09-11 15:26:41.448205+00,14553,467,6,,,rounded,rounded,unknown,unknown,f,f,0
B01-031,2026-09-11 15:33:14.452583+00,14946,468,6,,,rounded,rounded,unknown,unknown,f,f,0
B01-031,2026-09-11 15:39:56.542639+00,15348,471,6,,,rounded,rounded,unknown,unknown,f,f,0
B01-031,2026-09-11 15:53:00.418898+00,16132,474,6,,,rounded,rounded,unknown,unknown,f,f,0
B01-031,2026-09-11 15:59:27.121675+00,16519,475,6,,,rounded,rounded,unknown,unknown,f,f,0
B01-031,2026-09-11 16:06:03.622488+00,16915,476,6,,,rounded,rounded,unknown,unknown,f,f,0
B01-031,2026-09-11 16:12:45.314924+00,17317,477,6,,,rounded,rounded,unknown,unknown,f,f,0
B01-031,2026-09-11 16:19:03.856822+00,17695,478,6,,,rounded,rounded,unknown,unknown,f,f,0
B01-031,2026-09-11 16:25:30.269813+00,18082,479,6,,,rounded,rounded,unknown,unknown,f,f,0
B01-031,2026-09-11 16:32:01.733021+00,18473,481,6,,,rounded,rounded,unknown,unknown,f,f,0
B01-031,2026-09-11 16:38:33.178789+00,18865,485,6,,,rounded,rounded,unknown,unknown,f,f,0
B01-031,2026-09-11 16:44:45.644162+00,19237,487,6,,,rounded,rounded,unknown,unknown,f,f,0
B01-031,2026-09-11 16:51:10.879085+00,19622,489,6,,,rounded,rounded,unknown,unknown,f,f,0
B01-031,2026-09-11 17:04:07.243773+00,20399,490,6,,,rounded,rounded,unknown,unknown,f,f,0
B01-031,2026-09-11 17:10:31.204081+00,20783,492,6,,,rounded,rounded,unknown,unknown,f,f,0
B01-031,2026-09-11 17:16:58.945847+00,21170,494,6,,,rounded,rounded,unknown,unknown,f,f,0
B01-031,2026-09-11 17:23:46.704274+00,21578,495,6,,,rounded,rounded,unknown,unknown,f,f,0
B01-031,2026-09-11 17:30:34.867074+00,21986,497,6,,,rounded,rounded,unknown,unknown,f,f,0
B01-031,2026-09-11 17:37:17.090613+00,22389,499,6,,,rounded,rounded,unknown,unknown,f,f,0
B01-031,2026-09-11 17:49:04.319268+00,23096,500,6,,,rounded,rounded,unknown,unknown,f,f,0
B01-031,2026-09-11 18:00:36.917118+00,23788,501,6,,,rounded,rounded,unknown,unknown,f,f,0
B01-031,2026-09-11 18:07:11.890173+00,24183,502,6,,,rounded,rounded,unknown,unknown,f,f,0
B01-031,2026-09-11 18:13:45.196596+00,24577,503,6,,,rounded,rounded,unknown,unknown,f,f,0
B01-031,2026-09-11 18:20:13.136859+00,24965,505,6,,,rounded,rounded,unknown,unknown,f,f,0
B01-031,2026-09-11 18:26:36.23912+00,25348,506,6,,,rounded,rounded,unknown,unknown,f,f,0
B01-031,2026-09-11 18:33:08.252+00,25740,508,6,,,rounded,rounded,unknown,unknown,f,f,0
B01-031,2026-09-11 18:39:36.676638+00,26128,509,6,,,rounded,rounded,unknown,unknown,f,f,0
B01-031,2026-09-11 18:49:01.336421+00,26693,510,6,,,rounded,rounded,unknown,unknown,f,f,0
B01-031,2026-09-11 18:56:35.59764+00,27147,512,6,,,rounded,rounded,unknown,unknown,f,f,0
B01-031,2026-09-11 19:04:24.249909+00,27616,513,6,,,rounded,rounded,unknown,unknown,f,f,0
B01-031,2026-09-11 19:12:09.957449+00,28081,517,6,,,rounded,rounded,unknown,unknown,f,f,0
B01-031,2026-09-11 19:27:16.458911+00,28988,519,6,,,rounded,rounded,unknown,unknown,f,f,0
B01-031,2026-09-11 19:34:47.562017+00,29439,520,6,,,rounded,rounded,unknown,unknown,f,f,0
B01-031,2026-09-11 19:49:42.101805+00,30334,523,6,,,rounded,rounded,unknown,unknown,f,f,0
B01-031,2026-09-11 19:56:59.716702+00,30771,524,6,,,rounded,rounded,unknown,unknown,f,f,0
B01-031,2026-09-11 20:05:36.267503+00,31288,525,6,,,rounded,rounded,unknown,unknown,f,f,0
B01-031,2026-09-11 20:28:06.10759+00,32638,526,6,,,rounded,rounded,unknown,unknown,f,f,0
B01-031,2026-09-11 20:35:22.954057+00,33074,527,6,,,rounded,rounded,unknown,unknown,f,f,0
B01-031,2026-09-11 20:42:29.464889+00,33501,528,6,,,rounded,rounded,unknown,unknown,f,f,0
B01-031,2026-09-11 20:56:15.953163+00,34327,530,6,,,rounded,rounded,unknown,unknown,f,f,0
B01-031,2026-09-11 21:03:25.898983+00,34757,531,6,,,rounded,rounded,unknown,unknown,f,f,0
B01-031,2026-09-11 21:11:07.824514+00,35219,534,6,,,rounded,rounded,unknown,unknown,f,f,0
B01-031,2026-09-11 21:18:47.959896+00,35679,535,6,,,rounded,rounded,unknown,unknown,f,f,0
B01-031,2026-09-11 21:26:23.290002+00,36135,538,6,,,rounded,rounded,unknown,unknown,f,f,0
B01-031,2026-09-11 21:34:06.7543+00,36598,540,6,,,rounded,rounded,unknown,unknown,f,f,0
B01-031,2026-09-11 21:54:46.457571+00,37838,541,6,,,rounded,rounded,unknown,unknown,f,f,0
B01-031,2026-09-11 22:01:59.052635+00,38271,542,6,,,rounded,rounded,unknown,unknown,f,f,0
B01-031,2026-09-11 22:09:22.327937+00,38714,543,6,,,rounded,rounded,unknown,unknown,f,f,0
B01-031,2026-09-11 22:24:41.945821+00,39633,545,9,,,rounded,rounded,unknown,unknown,f,f,0
B01-031,2026-09-11 23:01:04.564699+00,41816,546,9,,,rounded,rounded,unknown,unknown,f,f,0
B01-031,2026-09-12 01:25:41.660551+00,50493,547,9,,,rounded,rounded,unknown,unknown,f,f,0
B01-031,2026-09-12 03:42:34.628366+00,58706,548,9,,,rounded,rounded,unknown,unknown,f,f,0
B01-031,2026-09-12 05:32:02.981262+00,65274,549,9,,,rounded,rounded,unknown,unknown,f,f,0
B01-031,2026-09-12 05:38:40.578258+00,65672,550,9,,,rounded,rounded,unknown,unknown,f,f,0
B01-031,2026-09-12 05:45:07.662166+00,66059,551,9,,,rounded,rounded,unknown,unknown,f,f,0
B01-031,2026-09-12 05:58:20.256729+00,66852,552,9,,,rounded,rounded,unknown,unknown,f,f,0
B01-031,2026-09-12 06:04:56.709958+00,67248,553,9,,,rounded,rounded,unknown,unknown,f,f,0
B01-031,2026-09-12 06:11:52.904107+00,67664,554,9,,,rounded,rounded,unknown,unknown,f,f,0
B01-031,2026-09-12 06:32:29.026639+00,68901,555,9,,,rounded,rounded,unknown,unknown,f,f,0
B01-031,2026-09-12 06:45:56.740566+00,69708,556,9,,,rounded,rounded,unknown,unknown,f,f,0
B01-031,2026-09-12 06:59:18.86912+00,70510,557,9,,,rounded,rounded,unknown,unknown,f,f,0
B01-031,2026-09-12 07:26:08.71505+00,72120,558,9,,,rounded,rounded,unknown,unknown,f,f,0
B01-031,2026-09-12 07:40:12.874278+00,72964,560,9,,,rounded,rounded,unknown,unknown,f,f,0
B01-031,2026-09-12 08:14:55.6015+00,75047,561,9,,,rounded,rounded,unknown,unknown,f,f,0
B01-031,2026-09-12 08:34:47.088867+00,76239,562,9,,,rounded,rounded,unknown,unknown,f,f,0
B01-031,2026-09-12 08:41:24.329277+00,76636,563,9,,,rounded,rounded,unknown,unknown,f,f,0
B01-031,2026-09-12 08:47:41.806458+00,77013,565,9,,,rounded,rounded,unknown,unknown,f,f,0
B01-031,2026-09-12 08:54:14.520277+00,77406,566,9,,,rounded,rounded,unknown,unknown,f,f,0
B01-031,2026-09-12 09:49:30.567397+00,80722,570,9,,,rounded,rounded,unknown,unknown,f,f,0
B01-031,2026-09-12 10:11:44.848262+00,82056,571,9,,,rounded,rounded,unknown,unknown,f,f,0
B01-031,2026-09-12 10:25:33.979259+00,82885,572,9,,,rounded,rounded,unknown,unknown,f,f,0
B01-031,2026-09-12 11:37:38.359293+00,87210,573,9,,,rounded,rounded,unknown,unknown,f,f,0
B01-031,2026-09-12 11:57:26.427016+00,88398,575,9,,,rounded,rounded,unknown,unknown,f,f,1
B01-031,2026-09-12 12:23:49.933133+00,89981,576,9,,,rounded,rounded,unknown,unknown,f,f,0
B01-031,2026-09-12 12:43:41.043542+00,91173,577,9,,,rounded,rounded,unknown,unknown,f,f,0
B01-031,2026-09-12 12:50:22.661284+00,91574,578,9,,,rounded,rounded,unknown,unknown,f,f,0
B01-031,2026-09-12 13:17:49.690222+00,93221,580,9,,,rounded,rounded,unknown,unknown,f,f,0
B01-031,2026-09-12 13:38:49.033224+00,94481,585,9,,,rounded,rounded,unknown,unknown,f,f,1
B01-031,2026-09-12 14:28:40.165329+00,97472,586,9,,,rounded,rounded,unknown,unknown,f,f,0
B01-031,2026-09-12 14:35:11.893287+00,97863,587,9,,,rounded,rounded,unknown,unknown,f,f,0
B01-031,2026-09-12 15:15:27.953045+00,100279,588,9,,,rounded,rounded,unknown,unknown,f,f,0
B01-031,2026-09-12 15:28:26.314824+00,101058,591,9,,,rounded,rounded,unknown,unknown,f,f,1
B01-031,2026-09-12 15:54:44.090954+00,102636,593,9,,,rounded,rounded,unknown,unknown,f,f,1
B01-031,2026-09-12 16:15:10.249451+00,103862,595,9,,,rounded,rounded,unknown,unknown,f,f,1
B01-031,2026-09-12 16:54:24.235014+00,106216,596,9,,,rounded,rounded,unknown,unknown,f,f,0
B01-031,2026-09-12 17:35:50.037316+00,108702,597,9,,,rounded,rounded,unknown,unknown,f,f,0
B01-031,2026-09-12 18:25:14.774457+00,111666,598,9,,,rounded,rounded,unknown,unknown,f,f,0
B01-031,2026-09-12 18:38:52.399919+00,112484,599,9,,,rounded,rounded,unknown,unknown,f,f,0
B01-031,2026-09-12 18:51:44.088852+00,113256,600,9,,,rounded,rounded,unknown,unknown,f,f,0
B01-031,2026-09-12 19:11:21.180821+00,114433,601,9,,,rounded,rounded,unknown,unknown,f,f,0
B01-031,2026-09-12 20:30:46.82458+00,119198,603,9,,,rounded,rounded,unknown,unknown,f,f,1
B01-031,2026-09-12 20:57:28.496002+00,120800,605,9,,,rounded,rounded,unknown,unknown,f,f,0
B01-031,2026-09-12 21:19:19.593082+00,122111,606,9,,,rounded,rounded,unknown,unknown,f,f,0
B01-031,2026-09-12 21:59:24.756994+00,124516,610,9,,,rounded,rounded,unknown,unknown,f,f,1
B01-031,2026-09-12 22:58:36.250099+00,128068,611,9,,,rounded,rounded,unknown,unknown,f,f,0
B01-031,2026-09-12 23:38:44.800831+00,130476,612,9,,,rounded,rounded,unknown,unknown,f,f,0
B01-031,2026-09-13 00:25:36.77627+00,133288,613,9,,,rounded,rounded,unknown,unknown,f,f,0
B01-031,2026-09-13 00:39:06.368872+00,134098,614,9,,,rounded,rounded,unknown,unknown,f,f,0
B01-031,2026-09-13 05:30:25.125095+00,151577,615,9,,,rounded,rounded,unknown,unknown,f,f,0
B01-031,2026-09-13 05:43:40.169407+00,152372,617,10,,,rounded,rounded,unknown,unknown,f,f,1
B01-031,2026-09-13 06:09:40.182608+00,153932,619,10,,,rounded,rounded,unknown,unknown,f,f,1
B01-031,2026-09-13 06:16:17.588183+00,154329,619,12,,,rounded,rounded,unknown,unknown,f,f,0
B01-031,2026-09-13 07:42:54.711814+00,159526,620,12,,,rounded,rounded,unknown,unknown,f,f,0
B01-031,2026-09-13 07:49:22.46264+00,159914,621,12,,,rounded,rounded,unknown,unknown,f,f,0
B01-031,2026-09-13 08:03:09.434035+00,160741,622,12,,,rounded,rounded,unknown,unknown,f,f,0
B01-031,2026-09-13 09:41:55.162301+00,166667,623,12,,,rounded,rounded,unknown,unknown,f,f,0
B01-031,2026-09-13 09:55:08.930234+00,167460,625,15,,,rounded,rounded,unknown,unknown,f,f,0
B01-031,2026-09-13 10:02:27.106315+00,167899,628,15,,,rounded,rounded,unknown,unknown,f,f,0
B01-031,2026-09-13 10:23:22.857644+00,169154,630,15,,,rounded,rounded,unknown,unknown,f,f,1
B01-031,2026-09-13 10:44:15.50324+00,170407,636,15,,,rounded,rounded,unknown,unknown,f,f,1
B01-031,2026-09-13 11:05:34.868469+00,171686,637,15,,,rounded,rounded,unknown,unknown,f,f,0
B01-031,2026-09-13 11:49:24.670339+00,174316,638,15,,,rounded,rounded,unknown,unknown,f,f,0
B01-031,2026-09-13 12:11:11.446516+00,175623,641,15,,,rounded,rounded,unknown,unknown,f,f,1
B01-031,2026-09-13 12:52:46.746363+00,178118,643,15,,,rounded,rounded,unknown,unknown,f,f,1
B01-031,2026-09-13 13:39:52.929096+00,180944,644,15,,,rounded,rounded,unknown,unknown,f,f,0
B01-031,2026-09-13 13:59:33.390294+00,182125,645,15,,,rounded,rounded,unknown,unknown,f,f,0
B01-031,2026-09-13 14:06:45.089049+00,182557,646,15,,,rounded,rounded,unknown,unknown,f,f,0
B01-031,2026-09-13 14:20:32.47587+00,183384,647,15,,,rounded,rounded,unknown,unknown,f,f,0
B01-031,2026-09-13 14:40:23.612995+00,184575,648,15,,,rounded,rounded,unknown,unknown,f,f,0
B01-031,2026-09-13 15:02:06.334045+00,185878,650,15,,,rounded,rounded,unknown,unknown,f,f,1
B01-031,2026-09-13 15:09:58.071454+00,186350,651,15,,,rounded,rounded,unknown,unknown,f,f,0
B01-031,2026-09-13 15:39:27.154005+00,188119,653,15,,,rounded,rounded,unknown,unknown,f,f,1
B01-031,2026-09-13 16:28:24.730138+00,191056,654,15,,,rounded,rounded,unknown,unknown,f,f,0
B01-031,2026-09-13 16:48:55.95647+00,192287,655,15,,,rounded,rounded,unknown,unknown,f,f,0
B01-031,2026-09-13 17:42:51.18974+00,195523,656,15,,,rounded,rounded,unknown,unknown,f,f,0
B01-031,2026-09-13 18:46:27.222503+00,199339,659,15,,,rounded,rounded,unknown,unknown,f,f,1
B01-031,2026-09-13 18:53:52.378079+00,199784,660,15,,,rounded,rounded,unknown,unknown,f,f,0
B01-031,2026-09-13 19:23:28.0676+00,201560,661,15,,,rounded,rounded,unknown,unknown,f,f,0
B01-031,2026-09-13 19:57:25.867877+00,203597,663,15,,,rounded,rounded,unknown,unknown,f,f,0
B01-031,2026-09-13 20:59:03.806646+00,207295,665,15,,,rounded,rounded,unknown,unknown,f,f,0
B01-031,2026-09-13 21:45:55.938264+00,210107,666,15,,,rounded,rounded,unknown,unknown,f,f,0
B01-031,2026-09-14 02:49:14.251112+00,228306,667,15,,,rounded,rounded,unknown,unknown,f,f,0
B01-031,2026-09-14 05:14:05.697742+00,236997,669,15,,,rounded,rounded,unknown,unknown,f,f,0
B01-031,2026-09-14 05:28:55.373638+00,237887,671,15,,,rounded,rounded,unknown,unknown,f,f,1
B01-031,2026-09-14 05:57:35.484521+00,239607,672,15,,,rounded,rounded,unknown,unknown,f,f,0
B01-031,2026-09-14 06:12:52.667472+00,240524,673,15,,,rounded,rounded,unknown,unknown,f,f,0
B01-031,2026-09-14 06:43:27.305563+00,242359,675,15,,,rounded,rounded,unknown,unknown,f,f,0
B01-031,2026-09-14 06:51:10.143364+00,242822,676,15,,,rounded,rounded,unknown,unknown,f,f,0
B01-031,2026-09-14 07:36:50.482465+00,245562,677,15,,,rounded,rounded,unknown,unknown,f,f,0
B01-031,2026-09-14 07:58:06.760556+00,246838,678,15,,,rounded,rounded,unknown,unknown,f,f,0
B01-031,2026-09-14 08:12:11.014329+00,247683,681,16,,,rounded,rounded,unknown,unknown,f,f,1
B01-031,2026-09-14 08:19:31.093773+00,248123,683,16,,,rounded,rounded,unknown,unknown,f,f,0
B01-031,2026-09-14 08:54:30.770461+00,250222,684,16,,,rounded,rounded,unknown,unknown,f,f,0
B01-031,2026-09-14 09:01:29.981856+00,250641,688,16,,,rounded,rounded,unknown,unknown,f,f,0
B01-031,2026-09-14 09:30:15.623814+00,252367,689,16,,,rounded,rounded,unknown,unknown,f,f,0
B01-031,2026-09-14 09:37:13.229353+00,252785,691,16,,,rounded,rounded,unknown,unknown,f,f,0
B01-031,2026-09-14 09:52:08.325614+00,253680,692,16,,,rounded,rounded,unknown,unknown,f,f,0
B01-031,2026-09-14 10:07:22.715677+00,254594,694,16,,,rounded,rounded,unknown,unknown,f,f,0
B01-031,2026-09-14 11:01:24.725649+00,257836,695,16,,,rounded,rounded,unknown,unknown,f,f,0
B01-031,2026-09-14 11:38:01.700178+00,260033,697,16,,,rounded,rounded,unknown,unknown,f,f,0
B01-031,2026-09-14 12:03:27.100912+00,261559,701,16,,,rounded,rounded,unknown,unknown,f,f,0
B01-031,2026-09-14 12:33:02.845554+00,263334,706,16,,,rounded,rounded,unknown,unknown,f,f,0
B01-031,2026-09-14 13:03:02.141624+00,265134,708,16,,,rounded,rounded,unknown,unknown,f,f,0
B01-031,2026-09-14 13:33:00.534279+00,266932,709,16,,,rounded,rounded,unknown,unknown,f,f,0
B01-031,2026-09-14 14:03:00.92736+00,268732,717,16,,,rounded,rounded,unknown,unknown,f,f,0
B01-031,2026-09-14 14:32:59.137464+00,270531,724,16,,,rounded,rounded,unknown,unknown,f,f,0
B01-031,2026-09-14 15:03:08.62132+00,272340,726,16,,,rounded,rounded,unknown,unknown,f,f,0
B01-031,2026-09-14 15:32:58.331749+00,274130,730,16,,,rounded,rounded,unknown,unknown,f,f,0
B01-031,2026-09-14 16:03:08.612955+00,275940,733,16,,,rounded,rounded,unknown,unknown,f,f,0
B01-031,2026-09-14 16:32:57.881976+00,277729,734,16,,,rounded,rounded,unknown,unknown,f,f,0
B01-031,2026-09-14 17:04:03.707918+00,279595,735,16,,,rounded,rounded,unknown,unknown,f,f,0
B01-031,2026-09-14 17:33:35.941919+00,281367,736,16,,,rounded,rounded,unknown,unknown,f,f,0
B01-031,2026-09-14 18:03:34.680195+00,283166,739,16,,,rounded,rounded,unknown,unknown,f,f,0
B01-031,2026-09-14 18:33:32.42021+00,284964,740,16,,,rounded,rounded,unknown,unknown,f,f,0
B01-031,2026-09-14 19:03:44.272951+00,286776,741,16,,,rounded,rounded,unknown,unknown,f,f,0
B01-031,2026-09-14 19:48:29.771546+00,289461,742,16,,,rounded,rounded,unknown,unknown,f,f,0
B01-031,2026-09-14 20:53:14.028475+00,293346,744,17,,,rounded,rounded,unknown,unknown,f,f,0
B01-031,2026-09-15 05:32:20.713662+00,324492,745,17,,,rounded,rounded,unknown,unknown,f,f,0
B01-031,2026-09-15 07:57:24.686464+00,333196,746,17,,,rounded,rounded,unknown,unknown,f,f,0
B01-031,2026-09-15 08:02:31.742715+00,333503,746,18,,,rounded,rounded,unknown,unknown,f,f,0
B01-031,2026-09-15 08:32:26.825759+00,335298,750,18,,,rounded,rounded,unknown,unknown,f,f,0
B01-031,2026-09-15 09:02:31.564671+00,337103,755,18,,,rounded,rounded,unknown,unknown,f,f,0
B01-031,2026-09-15 09:32:28.315384+00,338900,756,18,,,rounded,rounded,unknown,unknown,f,f,0
B01-031,2026-09-15 10:02:35.14818+00,340707,757,18,,,rounded,rounded,unknown,unknown,f,f,0
B01-031,2026-09-15 10:32:31.258458+00,342503,759,18,,,rounded,rounded,unknown,unknown,f,f,0
B01-031,2026-09-15 11:32:34.233026+00,346106,761,18,,,rounded,rounded,unknown,unknown,f,f,0
B01-031,2026-09-15 12:27:29.960338+00,349401,762,18,,,rounded,rounded,unknown,unknown,f,f,0
B01-031,2026-09-15 12:52:31.92302+00,350903,763,18,,,rounded,rounded,unknown,unknown,f,f,0
B01-031,2026-09-15 13:52:33.819872+00,354505,764,18,,,rounded,rounded,unknown,unknown,f,f,0
B01-031,2026-09-15 14:02:40.864623+00,355112,765,18,,,rounded,rounded,unknown,unknown,f,f,0
B01-031,2026-09-15 14:52:45.228048+00,358117,767,18,,,rounded,rounded,unknown,unknown,f,f,0
B01-031,2026-09-15 15:02:42.970911+00,358714,768,18,,,rounded,rounded,unknown,unknown,f,f,0
B01-031,2026-09-15 15:33:15.570655+00,360547,769,18,,,rounded,rounded,unknown,unknown,f,f,0
B01-031,2026-09-15 16:03:21.92311+00,362353,771,18,,,rounded,rounded,unknown,unknown,f,f,0
B01-031,2026-09-15 16:33:18.541662+00,364150,772,18,,,rounded,rounded,unknown,unknown,f,f,0
B01-031,2026-09-15 17:03:25.048392+00,365957,773,18,,,rounded,rounded,unknown,unknown,f,f,0
B01-031,2026-09-15 17:33:18.448403+00,367750,775,18,,,rounded,rounded,unknown,unknown,f,f,0
B01-031,2026-09-15 18:23:19.222014+00,370751,776,18,,,rounded,rounded,unknown,unknown,f,f,0
B01-031,2026-09-15 18:43:25.27028+00,371957,777,18,,,rounded,rounded,unknown,unknown,f,f,0
B01-031,2026-09-15 21:18:20.965866+00,381252,778,18,,,rounded,rounded,unknown,unknown,f,f,0
B01-031,2026-09-16 03:48:12.844685+00,404644,780,18,,,rounded,rounded,unknown,unknown,f,f,1
B01-031,2026-09-16 07:02:58.646594+00,416330,781,18,,,rounded,rounded,unknown,unknown,f,f,0
B01-031,2026-09-16 07:36:51.231922+00,418363,782,18,,,rounded,rounded,unknown,unknown,f,f,0
B01-031,2026-09-16 08:22:23.961744+00,421095,783,18,,,rounded,rounded,unknown,unknown,f,f,0
B01-031,2026-09-16 09:19:06.171913+00,424498,785,18,,,rounded,rounded,unknown,unknown,f,f,0
B01-031,2026-09-16 11:35:20.46481+00,432672,788,18,,,rounded,rounded,unknown,unknown,f,f,0
B01-031,2026-09-16 12:09:28.638861+00,434720,789,18,,,rounded,rounded,unknown,unknown,f,f,0
B01-031,2026-09-16 12:54:46.681767+00,437438,790,18,,,rounded,rounded,unknown,unknown,f,f,0
B01-031,2026-09-16 13:37:33.142399+00,440005,794,21,,,rounded,rounded,unknown,unknown,f,f,1
B01-031,2026-09-16 14:36:50.656986+00,443562,795,21,,,rounded,rounded,unknown,unknown,f,f,0
B01-031,2026-09-16 15:01:08.272444+00,445020,797,21,,,rounded,rounded,unknown,unknown,f,f,1
B01-031,2026-09-16 16:09:46.078511+00,449138,798,21,,,rounded,rounded,unknown,unknown,f,f,0
B01-031,2026-09-16 21:28:55.218428+00,468287,799,21,,,rounded,rounded,unknown,unknown,f,f,0
B01-031,2026-09-16 22:38:03.429584+00,472435,800,21,,,rounded,rounded,unknown,unknown,f,f,0
B01-031,2026-09-17 08:48:15.918268+00,509047,801,21,,,rounded,rounded,unknown,unknown,f,f,0
B01-031,2026-09-17 09:13:32.049414+00,510564,802,21,,,rounded,rounded,unknown,unknown,f,f,0
B01-031,2026-09-17 09:38:16.776236+00,512048,804,21,,,rounded,rounded,unknown,unknown,f,f,0
B01-031,2026-09-17 11:18:25.424393+00,518057,805,21,,,rounded,rounded,unknown,unknown,f,f,0
B01-031,2026-09-17 11:33:38.190781+00,518970,806,21,,,rounded,rounded,unknown,unknown,f,f,0
B01-031,2026-09-17 12:28:38.040877+00,522270,807,21,,,rounded,rounded,unknown,unknown,f,f,0
B01-031,2026-09-17 12:43:35.742414+00,523167,808,21,,,rounded,rounded,unknown,unknown,f,f,0
B01-031,2026-09-17 15:33:36.588156+00,533368,809,21,,,rounded,rounded,unknown,unknown,f,f,0
B01-031,2026-09-17 16:03:40.419383+00,535172,810,21,,,rounded,rounded,unknown,unknown,f,f,0
B01-031,2026-09-17 16:33:35.64316+00,536967,811,21,,,rounded,rounded,unknown,unknown,f,f,0
B01-031,2026-09-17 17:08:39.643653+00,539071,812,21,,,rounded,rounded,unknown,unknown,f,f,0
B01-031,2026-09-17 18:48:36.433928+00,545068,813,21,,,rounded,rounded,unknown,unknown,f,f,0
B01-031,2026-09-17 19:13:39.729809+00,546571,814,21,,,rounded,rounded,unknown,unknown,f,f,0
B01-031,2026-09-17 20:23:38.739844+00,550770,815,21,,,rounded,rounded,unknown,unknown,f,f,0
B01-031,2026-09-18 05:18:55.1396+00,582887,816,21,,,rounded,rounded,unknown,unknown,f,f,0
B01-031,2026-09-18 05:53:48.555766+00,584980,817,21,,,rounded,rounded,unknown,unknown,f,f,0
B01-031,2026-09-18 08:18:54.701693+00,593686,818,21,,,rounded,rounded,unknown,unknown,f,f,0
B01-031,2026-09-18 09:13:57.687388+00,596989,819,21,,,rounded,rounded,unknown,unknown,f,f,0
B01-031,2026-09-19 05:43:36.568858+00,670768,820,21,,,rounded,rounded,unknown,unknown,f,f,0
B01-031,2026-09-19 07:43:44.64301+00,677976,821,21,,,rounded,rounded,unknown,unknown,f,f,0
B01-031,2026-09-19 08:53:39.820035+00,682171,822,21,,,rounded,rounded,unknown,unknown,f,f,0
B01-031,2026-09-19 09:53:38.983543+00,685770,823,21,,,rounded,rounded,unknown,unknown,f,f,0
B01-031,2026-09-19 10:33:39.55716+00,688171,824,21,,,rounded,rounded,unknown,unknown,f,f,0
B01-031,2026-09-19 11:48:48.094013+00,692680,825,21,,,rounded,rounded,unknown,unknown,f,f,0
B01-031,2026-09-19 12:08:42.346051+00,693874,826,21,,,rounded,rounded,unknown,unknown,f,f,0
B01-031,2026-09-19 13:03:55.305227+00,697187,827,21,,,rounded,rounded,unknown,unknown,f,f,0
B01-031,2026-09-19 14:03:46.732389+00,700778,828,21,,,rounded,rounded,unknown,unknown,f,f,0
B01-031,2026-09-20 08:44:12.229432+00,768004,829,21,,,rounded,rounded,unknown,unknown,f,f,0
B01-031,2026-09-20 11:24:21.678702+00,777613,830,21,,,rounded,rounded,unknown,unknown,f,f,0
B01-031,2026-09-20 13:48:57.831508+00,786289,831,21,,,rounded,rounded,unknown,unknown,f,f,0
B01-031,2026-09-20 21:23:46.781671+00,813578,832,21,,,rounded,rounded,unknown,unknown,f,f,0
B01-031,2026-09-21 07:42:29.553213+00,850701,833,21,,,rounded,rounded,unknown,unknown,f,f,0
B01-031,2026-09-21 09:15:39.939269+00,856291,834,21,,,rounded,rounded,unknown,unknown,f,f,0
B01-031,2026-09-21 13:02:02.088519+00,869874,835,21,,,rounded,rounded,unknown,unknown,f,f,0
B01-031,2026-09-21 17:11:54.499884+00,884866,836,21,,,rounded,rounded,unknown,unknown,f,f,0
B01-031,2026-09-21 18:11:01.630862+00,888413,837,21,,,rounded,rounded,unknown,unknown,f,f,0
B01-031,2026-09-21 19:47:38.25346+00,894210,838,21,,,rounded,rounded,unknown,unknown,f,f,0
B01-031,2026-09-22 03:19:11.018119+00,921303,839,21,,,rounded,rounded,unknown,unknown,f,f,0
B01-031,2026-09-22 05:24:35.252148+00,928827,840,21,,,rounded,rounded,unknown,unknown,f,f,0
B01-031,2026-09-22 06:43:54.918665+00,933586,841,21,,,rounded,rounded,unknown,unknown,f,f,0
B01-031,2026-09-22 11:31:36.275445+00,950848,842,21,,,rounded,rounded,unknown,unknown,f,f,0
B01-031,2026-09-22 12:11:07.854562+00,953219,843,21,,,rounded,rounded,unknown,unknown,f,f,0
B01-031,2026-09-22 15:04:29.345161+00,963621,844,21,,,rounded,rounded,unknown,unknown,f,f,0
B01-031,2026-09-22 19:53:46.82477+00,980978,845,21,,,rounded,rounded,unknown,unknown,f,f,0
B01-031,2026-09-23 09:53:34.718796+00,1031366,846,21,,,rounded,rounded,unknown,unknown,f,f,0
B01-031,2026-09-23 10:08:37.561019+00,1032269,847,21,,,rounded,rounded,unknown,unknown,f,f,0
B01-031,2026-09-24 07:13:37.620306+00,1108169,848,21,,,rounded,rounded,unknown,unknown,f,f,0
B01-031,2026-09-24 08:23:43.440885+00,1112375,849,21,,,rounded,rounded,unknown,unknown,f,f,0
B01-031,2026-09-24 13:13:42.068465+00,1129774,850,21,,,rounded,rounded,unknown,unknown,f,f,0
B01-031,2026-09-25 08:08:35.932335+00,1197867,851,21,,,rounded,rounded,unknown,unknown,f,f,0
B01-031,2026-09-25 20:03:48.488725+00,1240780,852,21,,,rounded,rounded,unknown,unknown,f,f,0
B01-032,2026-09-10 14:57:53.574729+00,1673,367,0,,,rounded,rounded,unknown,unknown,f,f,0
B01-032,2026-09-10 17:21:44.29247+00,10304,936,7,,,rounded,rounded,unknown,unknown,f,f,0
B01-032,2026-09-10 19:40:41.741798+00,18641,1100,8,,,rounded,rounded,unknown,unknown,f,f,0
B01-032,2026-09-10 19:47:26.143031+00,19046,1110,8,,,rounded,rounded,unknown,unknown,f,f,0
B01-032,2026-09-10 19:53:20.01536+00,19400,1120,8,,,rounded,rounded,unknown,unknown,f,f,0
B01-032,2026-09-11 06:52:02.388117+00,58922,1280,9,,,rounded,rounded,unknown,unknown,f,f,0
B01-032,2026-09-11 07:36:56.53797+00,61616,1290,9,,,rounded,rounded,unknown,unknown,f,f,0
B01-032,2026-09-11 07:56:04.789329+00,62764,1300,9,,,rounded,rounded,unknown,unknown,f,f,0
B01-032,2026-09-11 08:09:33.305289+00,63573,1330,9,,,rounded,rounded,unknown,unknown,f,f,0
B01-032,2026-09-11 08:15:58.968775+00,63958,1340,9,,,rounded,rounded,unknown,unknown,f,f,0
B01-032,2026-09-11 08:22:27.428385+00,64347,1350,9,,,rounded,rounded,unknown,unknown,f,f,0
B01-032,2026-09-11 08:29:25.235219+00,64765,1360,9,,,rounded,rounded,unknown,unknown,f,f,0
B01-032,2026-09-11 08:36:19.769787+00,65179,1370,9,,,rounded,rounded,unknown,unknown,f,f,0
B01-032,2026-09-11 08:42:48.136899+00,65568,1380,9,,,rounded,rounded,unknown,unknown,f,f,0
B01-032,2026-09-11 08:55:59.987404+00,66359,1390,9,,,rounded,rounded,unknown,unknown,f,f,0
B01-032,2026-09-11 09:10:25.18147+00,67225,1400,9,,,rounded,rounded,unknown,unknown,f,f,0
B01-032,2026-09-11 09:23:43.251267+00,68023,1410,9,,,rounded,rounded,unknown,unknown,f,f,0
B01-032,2026-09-11 09:44:23.343753+00,69263,1420,9,,,rounded,rounded,unknown,unknown,f,f,0
B01-032,2026-09-11 10:34:35.514351+00,72275,1430,9,,,rounded,rounded,unknown,unknown,f,f,0
B01-032,2026-09-11 11:06:51.306212+00,74211,1440,9,,,rounded,rounded,unknown,unknown,f,f,0
B01-032,2026-09-11 11:19:27.67442+00,74967,1450,10,,,rounded,rounded,unknown,unknown,f,f,0
B01-032,2026-09-11 11:50:12.840338+00,76812,1460,10,,,rounded,rounded,unknown,unknown,f,f,0
B01-032,2026-09-11 13:00:34.361774+00,81034,1470,10,,,rounded,rounded,unknown,unknown,f,f,0
B01-032,2026-09-11 14:07:11.826559+00,85031,1480,10,,,rounded,rounded,unknown,unknown,f,f,0
B01-032,2026-09-11 14:33:46.289716+00,86626,1490,10,,,rounded,rounded,unknown,unknown,f,f,0
B01-032,2026-09-11 14:48:15.969046+00,87495,1500,10,,,rounded,rounded,unknown,unknown,f,f,0
B01-032,2026-09-11 15:20:50.58629+00,89450,1510,10,,,rounded,rounded,unknown,unknown,f,f,0
B01-032,2026-09-11 16:06:50.049305+00,92210,1520,10,,,rounded,rounded,unknown,unknown,f,f,0
B01-032,2026-09-11 17:04:35.423534+00,95675,1530,10,,,rounded,rounded,unknown,unknown,f,f,0
B01-032,2026-09-11 18:01:01.555035+00,99061,1540,10,,,rounded,rounded,unknown,unknown,f,f,0
B01-032,2026-09-11 19:28:20.172195+00,104300,1550,10,,,rounded,rounded,unknown,unknown,f,f,0
B01-032,2026-09-12 03:56:47.977435+00,134807,1560,10,,,rounded,rounded,unknown,unknown,f,f,0
B01-032,2026-09-12 08:01:41.590912+00,149501,1570,10,,,rounded,rounded,unknown,unknown,f,f,0
B01-032,2026-09-12 08:22:05.643858+00,150725,1580,10,,,rounded,rounded,unknown,unknown,f,f,0
B01-032,2026-09-12 09:08:38.975494+00,153518,1590,10,,,rounded,rounded,unknown,unknown,f,f,0
B01-032,2026-09-12 10:26:02.346965+00,158162,1600,10,,,rounded,rounded,unknown,unknown,f,f,0
B01-032,2026-09-12 12:44:19.898867+00,166459,1610,10,,,rounded,rounded,unknown,unknown,f,f,0
B01-032,2026-09-12 15:35:45.656979+00,176745,1620,10,,,rounded,rounded,unknown,unknown,f,f,0
B01-032,2026-09-12 19:51:28.402656+00,192088,1630,10,,,rounded,rounded,unknown,unknown,f,f,0
B01-032,2026-09-13 05:11:19.454944+00,225679,1640,10,,,rounded,rounded,unknown,unknown,f,f,0
B01-032,2026-09-13 09:08:58.417027+00,239938,1650,10,,,rounded,rounded,unknown,unknown,f,f,0
B01-032,2026-09-13 09:22:31.892889+00,240751,1680,10,,,rounded,rounded,unknown,unknown,f,f,0
B01-032,2026-09-13 10:24:16.137443+00,244456,1690,10,,,rounded,rounded,unknown,unknown,f,f,0
B01-032,2026-09-13 11:50:26.799511+00,249626,1700,10,,,rounded,rounded,unknown,unknown,f,f,0
B01-032,2026-09-13 15:54:34.406136+00,264274,1710,10,,,rounded,rounded,unknown,unknown,f,f,0
B01-032,2026-09-13 19:58:15.684762+00,278895,1720,11,,,rounded,rounded,unknown,unknown,f,f,1
B01-032,2026-09-14 01:34:23.037827+00,299063,1730,11,,,rounded,rounded,unknown,unknown,f,f,0
B01-032,2026-09-14 08:41:15.157042+00,324675,1740,11,,,rounded,rounded,unknown,unknown,f,f,0
B01-032,2026-09-14 09:17:01.601736+00,326821,1750,11,,,rounded,rounded,unknown,unknown,f,f,0
B01-032,2026-09-14 09:45:02.654147+00,328502,1760,11,,,rounded,rounded,unknown,unknown,f,f,0
B01-032,2026-09-14 11:24:24.718175+00,334464,1770,11,,,rounded,rounded,unknown,unknown,f,f,0
B01-032,2026-09-14 12:44:11.560306+00,339251,1780,11,,,rounded,rounded,unknown,unknown,f,f,0
B01-032,2026-09-14 13:44:08.760898+00,342848,1790,11,,,rounded,rounded,unknown,unknown,f,f,0
B01-032,2026-09-14 14:44:12.975748+00,346452,2150,11,,,rounded,rounded,unknown,unknown,f,f,0
B01-032,2026-09-14 15:04:33.975602+00,347673,2190,53,,,rounded,rounded,unknown,unknown,f,f,0
B01-032,2026-09-14 15:34:21.967965+00,349461,2220,112,,,rounded,rounded,unknown,unknown,f,f,0
B01-032,2026-09-14 16:44:11.210571+00,353651,2230,112,,,rounded,rounded,unknown,unknown,f,f,0
B01-032,2026-09-14 18:59:15.217565+00,361755,2240,112,,,rounded,rounded,unknown,unknown,f,f,0
B01-032,2026-09-15 05:32:49.63948+00,399769,2250,112,,,rounded,rounded,unknown,unknown,f,f,0
B01-032,2026-09-15 08:27:58.567327+00,410278,2280,112,,,rounded,rounded,unknown,unknown,f,f,0
B01-032,2026-09-15 11:58:00.521132+00,422880,2290,112,,,rounded,rounded,unknown,unknown,f,f,0
B01-032,2026-09-15 14:08:08.900973+00,430688,2300,112,,,rounded,rounded,unknown,unknown,f,f,0
B01-032,2026-09-15 19:53:54.230536+00,451434,2310,112,,,rounded,rounded,unknown,unknown,f,f,0
B01-032,2026-09-16 09:22:55.617838+00,499975,2320,112,,,rounded,rounded,unknown,unknown,f,f,0
B01-032,2026-09-16 12:23:48.595585+00,510828,2370,167,,,rounded,rounded,unknown,unknown,f,f,1
B01-032,2026-09-16 14:11:13.289256+00,517273,2380,167,,,rounded,rounded,unknown,unknown,f,f,0
B01-032,2026-09-17 10:04:13.549427+00,588853,2390,167,,,rounded,rounded,unknown,unknown,f,f,0
B01-032,2026-09-18 10:04:55.415458+00,675295,2390,167,,,rounded,rounded,unknown,unknown,f,f,0
B01-032,2026-09-18 11:44:52.89649+00,681292,2400,167,,,rounded,rounded,unknown,unknown,f,f,0
B01-032,2026-09-19 09:49:17.230036+00,760757,2410,167,,,rounded,rounded,unknown,unknown,f,f,0
B01-032,2026-09-20 09:50:07.337303+00,847207,2410,167,,,rounded,rounded,unknown,unknown,f,f,0
B01-032,2026-09-20 19:49:29.174778+00,883169,2420,167,,,rounded,rounded,unknown,unknown,f,f,0
B01-032,2026-09-21 19:59:35.027+00,970175,2420,167,,,rounded,rounded,unknown,unknown,f,f,0
B01-032,2026-09-22 10:47:06.533662+00,1023426,2430,167,,,rounded,rounded,unknown,unknown,f,f,0
B01-032,2026-09-23 10:49:33.504421+00,1109973,2430,167,,,rounded,rounded,unknown,unknown,f,f,0
B01-032,2026-09-24 10:54:18.750764+00,1196658,2430,167,,,rounded,rounded,unknown,unknown,f,f,0
B01-032,2026-09-24 12:54:22.481165+00,1203862,2440,167,,,rounded,rounded,unknown,unknown,f,f,0
B01-032,2026-09-25 12:59:23.258555+00,1290563,2440,167,,,rounded,rounded,unknown,unknown,f,f,0
