[INFO] Scanning for projects...
[INFO] 
[INFO] --------------------< org.mranked:m-ranked-backend >--------------------
[INFO] Building m-ranked backend 0.1.0-SNAPSHOT
[INFO]   from pom.xml
[INFO] --------------------------------[ jar ]---------------------------------
[INFO] 
[INFO] --- enforcer:3.6.2:enforce (require-java-21) @ m-ranked-backend ---
[INFO] Rule 0: org.apache.maven.enforcer.rules.version.RequireJavaVersion passed
[INFO] 
[INFO] --- spring-boot:4.0.8:build-info (public-representation-build-identity) @ m-ranked-backend ---
[INFO] 
[INFO] --- resources:3.3.1:resources (default-resources) @ m-ranked-backend ---
[INFO] Copying 29 resources from src/main/resources to ../migration/reports/integration-review-20260905-r12/backend-build/classes
[INFO] Copying 1 resource from ../contracts/openapi to ../migration/reports/integration-review-20260905-r12/backend-build/classes/contract
[INFO] 
[INFO] --- compiler:3.14.1:compile (default-compile) @ m-ranked-backend ---
[INFO] Nothing to compile - all classes are up to date.
[INFO] 
[INFO] --- resources:3.3.1:testResources (default-testResources) @ m-ranked-backend ---
[INFO] Copying 1 resource from src/test/resources to ../migration/reports/integration-review-20260905-r12/backend-build/test-classes
[INFO] 
[INFO] --- compiler:3.14.1:testCompile (default-testCompile) @ m-ranked-backend ---
[INFO] Nothing to compile - all classes are up to date.
[INFO] 
[INFO] --- surefire:3.5.6:test (default-test) @ m-ranked-backend ---
[INFO] Using auto detected provider org.apache.maven.surefire.junitplatform.JUnitPlatformProvider
[INFO] 
[INFO] -------------------------------------------------------
[INFO]  T E S T S
[INFO] -------------------------------------------------------
[INFO] Running org.mranked.contract.OpenApiContractTest
[INFO] Tests run: 2, Failures: 0, Errors: 0, Skipped: 0, Time elapsed: 0.240 s -- in org.mranked.contract.OpenApiContractTest
[INFO] Running org.mranked.cache.application.PublicDtoCacheTest
[INFO] Tests run: 5, Failures: 0, Errors: 0, Skipped: 0, Time elapsed: 0.229 s -- in org.mranked.cache.application.PublicDtoCacheTest
[INFO] Running org.mranked.cache.application.PublicCacheKeyFactoryTest
[INFO] Tests run: 3, Failures: 0, Errors: 0, Skipped: 0, Time elapsed: 0.010 s -- in org.mranked.cache.application.PublicCacheKeyFactoryTest
[INFO] Running org.mranked.cache.application.ETagFactoryTest
[INFO] Tests run: 2, Failures: 0, Errors: 0, Skipped: 0, Time elapsed: 0.005 s -- in org.mranked.cache.application.ETagFactoryTest
[INFO] Running org.mranked.cache.infrastructure.JdbcDatasetRevisionProviderTest
[INFO] Tests run: 1, Failures: 0, Errors: 0, Skipped: 0, Time elapsed: 0.002 s -- in org.mranked.cache.infrastructure.JdbcDatasetRevisionProviderTest
[INFO] Running org.mranked.cache.infrastructure.RedisRevisionInvalidationSubscriberTest
[INFO] Tests run: 1, Failures: 0, Errors: 0, Skipped: 0, Time elapsed: 0.005 s -- in org.mranked.cache.infrastructure.RedisRevisionInvalidationSubscriberTest
[INFO] Running org.mranked.cache.infrastructure.RedisPublicCacheIntegrationTest
10:52:23.626 [main] WARN io.netty.resolver.dns.DnsServerAddressStreamProviders -- Can not find io.netty.resolver.dns.macos.MacOSDnsServerAddressStreamProvider in the classpath, fallback to system defaults. This may result in incorrect DNS resolutions on MacOS. Check whether you have a dependency on 'io.netty:netty-resolver-dns-native-macos'
[INFO] Tests run: 1, Failures: 0, Errors: 0, Skipped: 0, Time elapsed: 1.508 s -- in org.mranked.cache.infrastructure.RedisPublicCacheIntegrationTest
[INFO] Running org.mranked.admin.web.LegacyFormExceptionHandlerTest
[INFO] Tests run: 1, Failures: 0, Errors: 0, Skipped: 0, Time elapsed: 0.019 s -- in org.mranked.admin.web.LegacyFormExceptionHandlerTest
[INFO] Running org.mranked.admin.web.AdminControllerTest
10:52:25.034 [main] INFO org.hibernate.validator.internal.util.Version -- HV000001: Hibernate Validator 9.0.1.Final
10:52:25.273 [main] INFO org.springframework.mock.web.MockServletContext -- Initializing Spring TestDispatcherServlet ''
10:52:25.273 [main] INFO org.springframework.test.web.servlet.TestDispatcherServlet -- Initializing Servlet ''
10:52:25.274 [main] INFO org.springframework.test.web.servlet.TestDispatcherServlet -- Completed initialization in 0 ms
10:52:25.371 [main] INFO org.springframework.mock.web.MockServletContext -- Initializing Spring TestDispatcherServlet ''
10:52:25.371 [main] INFO org.springframework.test.web.servlet.TestDispatcherServlet -- Initializing Servlet ''
10:52:25.371 [main] INFO org.springframework.test.web.servlet.TestDispatcherServlet -- Completed initialization in 0 ms
10:52:25.392 [main] INFO org.springframework.mock.web.MockServletContext -- Initializing Spring TestDispatcherServlet ''
10:52:25.392 [main] INFO org.springframework.test.web.servlet.TestDispatcherServlet -- Initializing Servlet ''
10:52:25.392 [main] INFO org.springframework.test.web.servlet.TestDispatcherServlet -- Completed initialization in 0 ms
10:52:25.432 [main] INFO org.springframework.mock.web.MockServletContext -- Initializing Spring TestDispatcherServlet ''
10:52:25.432 [main] INFO org.springframework.test.web.servlet.TestDispatcherServlet -- Initializing Servlet ''
10:52:25.432 [main] INFO org.springframework.test.web.servlet.TestDispatcherServlet -- Completed initialization in 0 ms
[INFO] Tests run: 4, Failures: 0, Errors: 0, Skipped: 0, Time elapsed: 0.431 s -- in org.mranked.admin.web.AdminControllerTest
[INFO] Running org.mranked.admin.application.LegacyCatalogServiceTest
[INFO] Tests run: 5, Failures: 0, Errors: 0, Skipped: 0, Time elapsed: 0.010 s -- in org.mranked.admin.application.LegacyCatalogServiceTest
[INFO] Running org.mranked.admin.application.AccountReferenceTest
[INFO] Tests run: 3, Failures: 0, Errors: 0, Skipped: 0, Time elapsed: 0.003 s -- in org.mranked.admin.application.AccountReferenceTest
[INFO] Running org.mranked.admin.application.AdminServiceTest
[INFO] Tests run: 6, Failures: 0, Errors: 0, Skipped: 0, Time elapsed: 0.007 s -- in org.mranked.admin.application.AdminServiceTest
[INFO] Running org.mranked.admin.infrastructure.CatalogPostgresIntegrationTest
[INFO] Tests run: 6, Failures: 0, Errors: 0, Skipped: 0, Time elapsed: 4.745 s -- in org.mranked.admin.infrastructure.CatalogPostgresIntegrationTest
[INFO] Running org.mranked.admin.infrastructure.JdbcAdminSqlTest
[INFO] Tests run: 3, Failures: 0, Errors: 0, Skipped: 0, Time elapsed: 0.003 s -- in org.mranked.admin.infrastructure.JdbcAdminSqlTest
[INFO] Running org.mranked.admin.infrastructure.AdminPostgresIntegrationTest
[INFO] Tests run: 1, Failures: 0, Errors: 0, Skipped: 0, Time elapsed: 0.687 s -- in org.mranked.admin.infrastructure.AdminPostgresIntegrationTest
[INFO] Running org.mranked.admin.infrastructure.HttpOfficialRatingSourceTest
[INFO] Tests run: 2, Failures: 0, Errors: 0, Skipped: 0, Time elapsed: 0.007 s -- in org.mranked.admin.infrastructure.HttpOfficialRatingSourceTest
[INFO] Running org.mranked.admin.infrastructure.AdminConfigurationTest
[INFO] Tests run: 2, Failures: 0, Errors: 0, Skipped: 0, Time elapsed: 0.016 s -- in org.mranked.admin.infrastructure.AdminConfigurationTest
[INFO] Running org.mranked.admin.infrastructure.LegacyFormPostgresIntegrationTest
[INFO] Tests run: 1, Failures: 0, Errors: 0, Skipped: 0, Time elapsed: 0.567 s -- in org.mranked.admin.infrastructure.LegacyFormPostgresIntegrationTest
[INFO] Running org.mranked.admin.infrastructure.ApiSecurityConfigurationTest
10:52:32.166 [main] INFO org.springframework.security.config.annotation.authentication.configuration.InitializeUserDetailsBeanManagerConfigurer$InitializeUserDetailsManagerConfigurer -- Global AuthenticationManager configured with UserDetailsService bean with name adminUserDetailsService
10:52:32.280 [main] INFO org.springframework.mock.web.MockServletContext -- Initializing Spring TestDispatcherServlet ''
10:52:32.280 [main] INFO org.springframework.test.web.servlet.TestDispatcherServlet -- Initializing Servlet ''
10:52:32.281 [main] INFO org.springframework.test.web.servlet.TestDispatcherServlet -- Completed initialization in 1 ms
10:52:32.576 [main] INFO org.springframework.security.config.annotation.authentication.configuration.InitializeUserDetailsBeanManagerConfigurer$InitializeUserDetailsManagerConfigurer -- Global AuthenticationManager configured with UserDetailsService bean with name adminUserDetailsService
10:52:32.606 [main] INFO org.springframework.mock.web.MockServletContext -- Initializing Spring TestDispatcherServlet ''
10:52:32.606 [main] INFO org.springframework.test.web.servlet.TestDispatcherServlet -- Initializing Servlet ''
10:52:32.607 [main] INFO org.springframework.test.web.servlet.TestDispatcherServlet -- Completed initialization in 1 ms
10:52:32.978 [main] INFO org.springframework.security.config.annotation.authentication.configuration.InitializeUserDetailsBeanManagerConfigurer$InitializeUserDetailsManagerConfigurer -- Global AuthenticationManager configured with UserDetailsService bean with name adminUserDetailsService
10:52:32.999 [main] INFO org.springframework.mock.web.MockServletContext -- Initializing Spring TestDispatcherServlet ''
10:52:32.999 [main] INFO org.springframework.test.web.servlet.TestDispatcherServlet -- Initializing Servlet ''
10:52:33.000 [main] INFO org.springframework.test.web.servlet.TestDispatcherServlet -- Completed initialization in 1 ms
10:52:33.300 [main] INFO org.springframework.security.config.annotation.authentication.configuration.InitializeUserDetailsBeanManagerConfigurer$InitializeUserDetailsManagerConfigurer -- Global AuthenticationManager configured with UserDetailsService bean with name adminUserDetailsService
10:52:33.316 [main] INFO org.springframework.mock.web.MockServletContext -- Initializing Spring TestDispatcherServlet ''
10:52:33.316 [main] INFO org.springframework.test.web.servlet.TestDispatcherServlet -- Initializing Servlet ''
10:52:33.316 [main] INFO org.springframework.test.web.servlet.TestDispatcherServlet -- Completed initialization in 0 ms
10:52:34.238 [main] INFO org.springframework.security.config.annotation.authentication.configuration.InitializeUserDetailsBeanManagerConfigurer$InitializeUserDetailsManagerConfigurer -- Global AuthenticationManager configured with UserDetailsService bean with name adminUserDetailsService
10:52:34.253 [main] INFO org.springframework.mock.web.MockServletContext -- Initializing Spring TestDispatcherServlet ''
10:52:34.253 [main] INFO org.springframework.test.web.servlet.TestDispatcherServlet -- Initializing Servlet ''
10:52:34.256 [main] INFO org.springframework.test.web.servlet.TestDispatcherServlet -- Completed initialization in 3 ms
10:52:34.528 [main] INFO org.springframework.security.config.annotation.authentication.configuration.InitializeUserDetailsBeanManagerConfigurer$InitializeUserDetailsManagerConfigurer -- Global AuthenticationManager configured with UserDetailsService bean with name adminUserDetailsService
10:52:34.541 [main] INFO org.springframework.mock.web.MockServletContext -- Initializing Spring TestDispatcherServlet ''
10:52:34.541 [main] INFO org.springframework.test.web.servlet.TestDispatcherServlet -- Initializing Servlet ''
10:52:34.542 [main] INFO org.springframework.test.web.servlet.TestDispatcherServlet -- Completed initialization in 1 ms
[INFO] Tests run: 6, Failures: 0, Errors: 0, Skipped: 0, Time elapsed: 3.058 s -- in org.mranked.admin.infrastructure.ApiSecurityConfigurationTest
[INFO] Running org.mranked.admin.infrastructure.OfficialRatingParserTest
[INFO] Tests run: 2, Failures: 0, Errors: 0, Skipped: 0, Time elapsed: 0.018 s -- in org.mranked.admin.infrastructure.OfficialRatingParserTest
[INFO] Running org.mranked.admin.infrastructure.LegacyAccountPresentationPostgresIntegrationTest
[INFO] Tests run: 4, Failures: 0, Errors: 0, Skipped: 0, Time elapsed: 0.228 s -- in org.mranked.admin.infrastructure.LegacyAccountPresentationPostgresIntegrationTest
[INFO] Running org.mranked.admin.infrastructure.CatalogHttpPostgresIntegrationTest
10:52:34.857 [main] INFO org.springframework.security.config.annotation.authentication.configuration.InitializeUserDetailsBeanManagerConfigurer$InitializeUserDetailsManagerConfigurer -- Global AuthenticationManager configured with UserDetailsService bean with name adminUserDetailsService
10:52:34.898 [main] INFO org.springframework.mock.web.MockServletContext -- Initializing Spring TestDispatcherServlet ''
10:52:34.898 [main] INFO org.springframework.test.web.servlet.TestDispatcherServlet -- Initializing Servlet ''
10:52:34.898 [main] INFO org.springframework.test.web.servlet.TestDispatcherServlet -- Completed initialization in 0 ms
10:52:36.444 [main] INFO org.springframework.security.config.annotation.authentication.configuration.InitializeUserDetailsBeanManagerConfigurer$InitializeUserDetailsManagerConfigurer -- Global AuthenticationManager configured with UserDetailsService bean with name adminUserDetailsService
10:52:36.470 [main] INFO org.springframework.mock.web.MockServletContext -- Initializing Spring TestDispatcherServlet ''
10:52:36.470 [main] INFO org.springframework.test.web.servlet.TestDispatcherServlet -- Initializing Servlet ''
10:52:36.471 [main] INFO org.springframework.test.web.servlet.TestDispatcherServlet -- Completed initialization in 1 ms
[INFO] Tests run: 2, Failures: 0, Errors: 0, Skipped: 0, Time elapsed: 2.089 s -- in org.mranked.admin.infrastructure.CatalogHttpPostgresIntegrationTest
[INFO] Running org.mranked.admin.infrastructure.OfficialRatingContextPostgresIntegrationTest
10:52:37.327 [main] INFO org.flywaydb.core.FlywayExecutor -- Database: jdbc:postgresql://127.0.0.1:64390/mranked_official_a9511402316f4c318125e69ca8cb1f50_it (PostgreSQL 18.6)
10:52:37.383 [main] INFO org.flywaydb.core.internal.database.base.Schema -- Creating schema "flyway" ...
10:52:37.393 [main] INFO org.flywaydb.core.internal.schemahistory.JdbcTableSchemaHistory -- Creating Schema History table "flyway"."flyway_schema_history" ...
10:52:37.444 [main] INFO org.flywaydb.core.internal.command.DbMigrate -- Current version of schema "flyway": null
10:52:37.488 [main] INFO org.flywaydb.core.internal.command.DbMigrate -- Migrating schema "flyway" to version "1 - target baseline"
10:52:37.746 [main] INFO org.flywaydb.core.internal.sqlscript.DefaultSqlScriptExecutor -- +--------------------------------------------+
| ensure_publication_metric_partition        |
+--------------------------------------------+
| ingest.publication_metric_snapshot_2026_06 |
| ingest.publication_metric_snapshot_2026_07 |
| ingest.publication_metric_snapshot_2026_08 |
| ingest.publication_metric_snapshot_2026_09 |
| ingest.publication_metric_snapshot_2026_10 |
| ingest.publication_metric_snapshot_2026_11 |
+--------------------------------------------+

10:52:37.806 [main] INFO org.flywaydb.core.internal.command.DbMigrate -- Migrating schema "flyway" to version "2 - rebuild core projections"
10:52:37.838 [main] INFO org.flywaydb.core.internal.command.DbMigrate -- Migrating schema "flyway" to version "3 - collector observation times and identity grants"
10:52:37.879 [main] INFO org.flywaydb.core.internal.command.DbMigrate -- Migrating schema "flyway" to version "4 - admin collection run status grants"
10:52:37.908 [main] INFO org.flywaydb.core.internal.command.DbMigrate -- Migrating schema "flyway" to version "5 - legacy activity period projection"
10:52:37.951 [main] INFO org.flywaydb.core.internal.command.DbMigrate -- Migrating schema "flyway" to version "6 - comparison valid observation hourly projection"
10:52:37.979 [main] INFO org.flywaydb.core.internal.command.DbMigrate -- Migrating schema "flyway" to version "7 - activity rating read grants"
10:52:37.999 [main] INFO org.flywaydb.core.internal.command.DbMigrate -- Migrating schema "flyway" to version "8 - legacy overview projection"
10:52:38.050 [main] INFO org.flywaydb.core.internal.command.DbMigrate -- Migrating schema "flyway" to version "9 - immutable observations quality archive fence"
10:52:38.153 [main] INFO org.flywaydb.core.internal.command.DbMigrate -- Migrating schema "flyway" to version "10 - consistent public queries and formula guards"
10:52:38.186 [main] INFO org.flywaydb.core.internal.command.DbMigrate -- Migrating schema "flyway" to version "11 - bridge identity lineage and reconciliation"
10:52:38.211 [main] INFO org.flywaydb.core.internal.command.DbMigrate -- Migrating schema "flyway" to version "12 - detail history projection"
10:52:38.245 [main] INFO org.flywaydb.core.internal.command.DbMigrate -- Migrating schema "flyway" to version "13 - immutable account identity history"
10:52:38.260 [main] INFO org.flywaydb.core.internal.command.DbMigrate -- Migrating schema "flyway" to version "14 - public archived publication text"
10:52:38.277 [main] INFO org.flywaydb.core.internal.command.DbMigrate -- Migrating schema "flyway" to version "15 - verified source preservation"
10:52:38.297 [main] INFO org.flywaydb.core.internal.command.DbMigrate -- Migrating schema "flyway" to version "16 - audited catalog commands"
10:52:38.335 [main] INFO org.flywaydb.core.internal.command.DbMigrate -- Migrating schema "flyway" to version "17 - legacy csv compatibility projection"
10:52:38.370 [main] INFO org.flywaydb.core.internal.command.DbMigrate -- Migrating schema "flyway" to version "18 - official rating commands"
10:52:38.404 [main] INFO org.flywaydb.core.internal.command.DbMigrate -- Migrating schema "flyway" to version "19 - safe health operational snapshot"
10:52:38.422 [main] INFO org.flywaydb.core.internal.command.DbMigrate -- Migrating schema "flyway" to version "20 - catalog url and version compatibility"
10:52:38.439 [main] INFO org.flywaydb.core.internal.command.DbMigrate -- Migrating schema "flyway" to version "21 - legacy period first observation policy"
10:52:38.465 [main] INFO org.flywaydb.core.internal.command.DbMigrate -- Migrating schema "flyway" to version "22 - durable legacy csv archive facts"
10:52:38.503 [main] INFO org.flywaydb.core.internal.command.DbMigrate -- Migrating schema "flyway" to version "23 - official rating entity context"
10:52:38.523 [main] INFO org.flywaydb.core.internal.command.DbMigrate -- Migrating schema "flyway" to version "24 - ordered history reaction details"
10:52:38.543 [main] INFO org.flywaydb.core.internal.command.DbMigrate -- Migrating schema "flyway" to version "25 - safe legacy account presentation"
10:52:38.556 [main] INFO org.flywaydb.core.internal.command.DbMigrate -- Migrating schema "flyway" to version "26 - independent projection verifier reads"
10:52:38.566 [main] INFO org.flywaydb.core.internal.command.DbMigrate -- Migrating schema "flyway" to version "27 - retained disabled platform period metrics"
10:52:38.581 [main] INFO org.flywaydb.core.internal.command.DbMigrate -- Successfully applied 27 migrations to schema "flyway", now at version v27 (execution time 00:00.762s)
10:52:40.279 [main] INFO org.flywaydb.core.FlywayExecutor -- Database: jdbc:postgresql://127.0.0.1:64390/mranked_official_57040a5e6b524c1ca4335edd0d915d13_it (PostgreSQL 18.6)
10:52:40.293 [main] INFO org.flywaydb.core.internal.database.base.Schema -- Creating schema "flyway" ...
10:52:40.296 [main] INFO org.flywaydb.core.internal.schemahistory.JdbcTableSchemaHistory -- Creating Schema History table "flyway"."flyway_schema_history" ...
10:52:40.325 [main] INFO org.flywaydb.core.internal.command.DbMigrate -- Current version of schema "flyway": null
10:52:40.341 [main] INFO org.flywaydb.core.internal.command.DbMigrate -- Migrating schema "flyway" to version "1 - target baseline"
10:52:40.569 [main] INFO org.flywaydb.core.internal.sqlscript.DefaultSqlScriptExecutor -- +--------------------------------------------+
| ensure_publication_metric_partition        |
+--------------------------------------------+
| ingest.publication_metric_snapshot_2026_06 |
| ingest.publication_metric_snapshot_2026_07 |
| ingest.publication_metric_snapshot_2026_08 |
| ingest.publication_metric_snapshot_2026_09 |
| ingest.publication_metric_snapshot_2026_10 |
| ingest.publication_metric_snapshot_2026_11 |
+--------------------------------------------+

10:52:40.627 [main] INFO org.flywaydb.core.internal.command.DbMigrate -- Migrating schema "flyway" to version "2 - rebuild core projections"
10:52:40.650 [main] INFO org.flywaydb.core.internal.command.DbMigrate -- Migrating schema "flyway" to version "3 - collector observation times and identity grants"
10:52:40.686 [main] INFO org.flywaydb.core.internal.command.DbMigrate -- Migrating schema "flyway" to version "4 - admin collection run status grants"
10:52:40.700 [main] INFO org.flywaydb.core.internal.command.DbMigrate -- Migrating schema "flyway" to version "5 - legacy activity period projection"
10:52:40.720 [main] INFO org.flywaydb.core.internal.command.DbMigrate -- Migrating schema "flyway" to version "6 - comparison valid observation hourly projection"
10:52:40.744 [main] INFO org.flywaydb.core.internal.command.DbMigrate -- Migrating schema "flyway" to version "7 - activity rating read grants"
10:52:40.764 [main] INFO org.flywaydb.core.internal.command.DbMigrate -- Migrating schema "flyway" to version "8 - legacy overview projection"
10:52:40.813 [main] INFO org.flywaydb.core.internal.command.DbMigrate -- Migrating schema "flyway" to version "9 - immutable observations quality archive fence"
10:52:40.899 [main] INFO org.flywaydb.core.internal.command.DbMigrate -- Migrating schema "flyway" to version "10 - consistent public queries and formula guards"
10:52:40.936 [main] INFO org.flywaydb.core.internal.command.DbMigrate -- Migrating schema "flyway" to version "11 - bridge identity lineage and reconciliation"
10:52:40.961 [main] INFO org.flywaydb.core.internal.command.DbMigrate -- Migrating schema "flyway" to version "12 - detail history projection"
10:52:40.979 [main] INFO org.flywaydb.core.internal.command.DbMigrate -- Migrating schema "flyway" to version "13 - immutable account identity history"
10:52:40.989 [main] INFO org.flywaydb.core.internal.command.DbMigrate -- Migrating schema "flyway" to version "14 - public archived publication text"
10:52:41.009 [main] INFO org.flywaydb.core.internal.command.DbMigrate -- Migrating schema "flyway" to version "15 - verified source preservation"
10:52:41.027 [main] INFO org.flywaydb.core.internal.command.DbMigrate -- Migrating schema "flyway" to version "16 - audited catalog commands"
10:52:41.065 [main] INFO org.flywaydb.core.internal.command.DbMigrate -- Migrating schema "flyway" to version "17 - legacy csv compatibility projection"
10:52:41.100 [main] INFO org.flywaydb.core.internal.command.DbMigrate -- Migrating schema "flyway" to version "18 - official rating commands"
10:52:41.131 [main] INFO org.flywaydb.core.internal.command.DbMigrate -- Migrating schema "flyway" to version "19 - safe health operational snapshot"
10:52:41.147 [main] INFO org.flywaydb.core.internal.command.DbMigrate -- Migrating schema "flyway" to version "20 - catalog url and version compatibility"
10:52:41.166 [main] INFO org.flywaydb.core.internal.command.DbMigrate -- Migrating schema "flyway" to version "21 - legacy period first observation policy"
10:52:41.195 [main] INFO org.flywaydb.core.internal.command.DbMigrate -- Migrating schema "flyway" to version "22 - durable legacy csv archive facts"
10:52:41.232 [main] INFO org.flywaydb.core.internal.command.DbMigrate -- Successfully applied 22 migrations to schema "flyway", now at version v22 (execution time 00:00.655s)
10:52:42.493 [main] INFO org.flywaydb.core.FlywayExecutor -- Database: jdbc:postgresql://127.0.0.1:64390/mranked_official_57040a5e6b524c1ca4335edd0d915d13_it (PostgreSQL 18.6)
10:52:42.509 [main] INFO org.flywaydb.core.internal.command.DbValidate -- Successfully validated 28 migrations (execution time 00:00.008s)
10:52:42.527 [main] INFO org.flywaydb.core.internal.command.DbMigrate -- Current version of schema "flyway": 22
10:52:42.529 [main] INFO org.flywaydb.core.internal.command.DbMigrate -- Migrating schema "flyway" to version "23 - official rating entity context"
10:52:42.616 [main] INFO org.flywaydb.core.internal.sqlscript.DefaultSqlScriptExecutor -- DB: schema "pg_temp" does not exist, skipping
10:52:42.616 [main] INFO org.flywaydb.core.internal.sqlscript.DefaultSqlScriptExecutor -- DB: table "mranked_csv_lexeme" does not exist, skipping
10:52:42.616 [main] INFO org.flywaydb.core.internal.sqlscript.DefaultSqlScriptExecutor -- DB: table "mranked_csv_publication" does not exist, skipping
10:52:42.616 [main] INFO org.flywaydb.core.internal.sqlscript.DefaultSqlScriptExecutor -- DB: table "mranked_csv_snapshot" does not exist, skipping
10:52:42.634 [main] INFO org.flywaydb.core.internal.command.DbMigrate -- Migrating schema "flyway" to version "24 - ordered history reaction details"
10:52:42.661 [main] INFO org.flywaydb.core.internal.command.DbMigrate -- Migrating schema "flyway" to version "25 - safe legacy account presentation"
10:52:42.674 [main] INFO org.flywaydb.core.internal.command.DbMigrate -- Migrating schema "flyway" to version "26 - independent projection verifier reads"
10:52:42.687 [main] INFO org.flywaydb.core.internal.command.DbMigrate -- Migrating schema "flyway" to version "27 - retained disabled platform period metrics"
10:52:42.750 [main] INFO org.flywaydb.core.internal.sqlscript.DefaultSqlScriptExecutor -- DB: table "mranked_projection_snapshot" does not exist, skipping
10:52:42.750 [main] INFO org.flywaydb.core.internal.sqlscript.DefaultSqlScriptExecutor -- DB: table "mranked_csv_lexeme" does not exist, skipping
10:52:42.750 [main] INFO org.flywaydb.core.internal.sqlscript.DefaultSqlScriptExecutor -- DB: table "mranked_csv_publication" does not exist, skipping
10:52:42.750 [main] INFO org.flywaydb.core.internal.sqlscript.DefaultSqlScriptExecutor -- DB: table "mranked_csv_snapshot" does not exist, skipping
10:52:42.764 [main] INFO org.flywaydb.core.internal.command.DbMigrate -- Successfully applied 5 migrations to schema "flyway", now at version v27 (execution time 00:00.181s)
[INFO] Tests run: 2, Failures: 0, Errors: 0, Skipped: 0, Time elapsed: 6.168 s -- in org.mranked.admin.infrastructure.OfficialRatingContextPostgresIntegrationTest
[INFO] Running org.mranked.emoji.web.CustomEmojiControllerTest
10:52:43.069 [main] INFO org.springframework.mock.web.MockServletContext -- Initializing Spring TestDispatcherServlet ''
10:52:43.069 [main] INFO org.springframework.test.web.servlet.TestDispatcherServlet -- Initializing Servlet ''
10:52:43.069 [main] INFO org.springframework.test.web.servlet.TestDispatcherServlet -- Completed initialization in 0 ms
10:52:43.076 [main] INFO org.springframework.mock.web.MockServletContext -- Initializing Spring TestDispatcherServlet ''
10:52:43.076 [main] INFO org.springframework.test.web.servlet.TestDispatcherServlet -- Initializing Servlet ''
10:52:43.077 [main] INFO org.springframework.test.web.servlet.TestDispatcherServlet -- Completed initialization in 1 ms
[INFO] Tests run: 2, Failures: 0, Errors: 0, Skipped: 0, Time elapsed: 0.022 s -- in org.mranked.emoji.web.CustomEmojiControllerTest
[INFO] Running org.mranked.emoji.application.CustomEmojiWiringTest
[INFO] Tests run: 1, Failures: 0, Errors: 0, Skipped: 0, Time elapsed: 0.100 s -- in org.mranked.emoji.application.CustomEmojiWiringTest
[INFO] Running org.mranked.emoji.application.CustomEmojiServiceTest
[INFO] Tests run: 4, Failures: 0, Errors: 0, Skipped: 0, Time elapsed: 0.042 s -- in org.mranked.emoji.application.CustomEmojiServiceTest
[INFO] Running org.mranked.emoji.infrastructure.TelegramEmojiHttpGatewayTest
[INFO] Tests run: 9, Failures: 0, Errors: 0, Skipped: 0, Time elapsed: 0.010 s -- in org.mranked.emoji.infrastructure.TelegramEmojiHttpGatewayTest
[INFO] Running org.mranked.operations.web.HealthControllerTest
10:52:43.236 [main] INFO org.springframework.mock.web.MockServletContext -- Initializing Spring TestDispatcherServlet ''
10:52:43.236 [main] INFO org.springframework.test.web.servlet.TestDispatcherServlet -- Initializing Servlet ''
10:52:43.236 [main] INFO org.springframework.test.web.servlet.TestDispatcherServlet -- Completed initialization in 0 ms
10:52:43.242 [main] INFO org.springframework.mock.web.MockServletContext -- Initializing Spring TestDispatcherServlet ''
10:52:43.242 [main] INFO org.springframework.test.web.servlet.TestDispatcherServlet -- Initializing Servlet ''
10:52:43.242 [main] INFO org.springframework.test.web.servlet.TestDispatcherServlet -- Completed initialization in 0 ms
10:52:43.248 [main] INFO org.springframework.mock.web.MockServletContext -- Initializing Spring TestDispatcherServlet ''
10:52:43.248 [main] INFO org.springframework.test.web.servlet.TestDispatcherServlet -- Initializing Servlet ''
10:52:43.248 [main] INFO org.springframework.test.web.servlet.TestDispatcherServlet -- Completed initialization in 0 ms
[INFO] Tests run: 3, Failures: 0, Errors: 0, Skipped: 0, Time elapsed: 0.019 s -- in org.mranked.operations.web.HealthControllerTest
[INFO] Running org.mranked.operations.application.ReadinessServiceTest
[INFO] Tests run: 2, Failures: 0, Errors: 0, Skipped: 0, Time elapsed: 0.002 s -- in org.mranked.operations.application.ReadinessServiceTest
[INFO] Running org.mranked.operations.infrastructure.PinnedHttpsClientNetworkTest
[INFO] Tests run: 2, Failures: 0, Errors: 0, Skipped: 0, Time elapsed: 0.988 s -- in org.mranked.operations.infrastructure.PinnedHttpsClientNetworkTest
[INFO] Running org.mranked.operations.infrastructure.JdbcQueryMetricsConfigurationTest
[INFO] Tests run: 1, Failures: 0, Errors: 0, Skipped: 0, Time elapsed: 0.015 s -- in org.mranked.operations.infrastructure.JdbcQueryMetricsConfigurationTest
[INFO] Running org.mranked.operations.infrastructure.JdbcReadinessProbeTest
[INFO] Tests run: 1, Failures: 0, Errors: 0, Skipped: 0, Time elapsed: 0 s -- in org.mranked.operations.infrastructure.JdbcReadinessProbeTest
[INFO] Running org.mranked.operations.infrastructure.ManagementSecurityConfigurationTest
[INFO] Tests run: 1, Failures: 0, Errors: 0, Skipped: 0, Time elapsed: 0 s -- in org.mranked.operations.infrastructure.ManagementSecurityConfigurationTest
[INFO] Running org.mranked.operations.infrastructure.LegacyHealthPostgresIntegrationTest
10:52:44.321 [main] INFO org.flywaydb.core.FlywayExecutor -- Database: jdbc:postgresql://127.0.0.1:64390/mranked_health_eb41e66cc98c43118ed042f5f2cdffbc_it (PostgreSQL 18.6)
10:52:44.339 [main] INFO org.flywaydb.core.internal.database.base.Schema -- Creating schema "flyway" ...
10:52:44.342 [main] INFO org.flywaydb.core.internal.schemahistory.JdbcTableSchemaHistory -- Creating Schema History table "flyway"."flyway_schema_history" ...
10:52:44.367 [main] INFO org.flywaydb.core.internal.command.DbMigrate -- Current version of schema "flyway": null
10:52:44.381 [main] INFO org.flywaydb.core.internal.command.DbMigrate -- Migrating schema "flyway" to version "1 - target baseline"
10:52:44.580 [main] INFO org.flywaydb.core.internal.sqlscript.DefaultSqlScriptExecutor -- +--------------------------------------------+
| ensure_publication_metric_partition        |
+--------------------------------------------+
| ingest.publication_metric_snapshot_2026_06 |
| ingest.publication_metric_snapshot_2026_07 |
| ingest.publication_metric_snapshot_2026_08 |
| ingest.publication_metric_snapshot_2026_09 |
| ingest.publication_metric_snapshot_2026_10 |
| ingest.publication_metric_snapshot_2026_11 |
+--------------------------------------------+

10:52:44.633 [main] INFO org.flywaydb.core.internal.command.DbMigrate -- Migrating schema "flyway" to version "2 - rebuild core projections"
10:52:44.654 [main] INFO org.flywaydb.core.internal.command.DbMigrate -- Migrating schema "flyway" to version "3 - collector observation times and identity grants"
10:52:44.685 [main] INFO org.flywaydb.core.internal.command.DbMigrate -- Migrating schema "flyway" to version "4 - admin collection run status grants"
10:52:44.697 [main] INFO org.flywaydb.core.internal.command.DbMigrate -- Migrating schema "flyway" to version "5 - legacy activity period projection"
10:52:44.714 [main] INFO org.flywaydb.core.internal.command.DbMigrate -- Migrating schema "flyway" to version "6 - comparison valid observation hourly projection"
10:52:44.736 [main] INFO org.flywaydb.core.internal.command.DbMigrate -- Migrating schema "flyway" to version "7 - activity rating read grants"
10:52:44.752 [main] INFO org.flywaydb.core.internal.command.DbMigrate -- Migrating schema "flyway" to version "8 - legacy overview projection"
10:52:44.798 [main] INFO org.flywaydb.core.internal.command.DbMigrate -- Migrating schema "flyway" to version "9 - immutable observations quality archive fence"
10:52:44.890 [main] INFO org.flywaydb.core.internal.command.DbMigrate -- Migrating schema "flyway" to version "10 - consistent public queries and formula guards"
10:52:44.918 [main] INFO org.flywaydb.core.internal.command.DbMigrate -- Migrating schema "flyway" to version "11 - bridge identity lineage and reconciliation"
10:52:44.944 [main] INFO org.flywaydb.core.internal.command.DbMigrate -- Migrating schema "flyway" to version "12 - detail history projection"
10:52:44.962 [main] INFO org.flywaydb.core.internal.command.DbMigrate -- Migrating schema "flyway" to version "13 - immutable account identity history"
10:52:44.973 [main] INFO org.flywaydb.core.internal.command.DbMigrate -- Migrating schema "flyway" to version "14 - public archived publication text"
10:52:44.993 [main] INFO org.flywaydb.core.internal.command.DbMigrate -- Migrating schema "flyway" to version "15 - verified source preservation"
10:52:45.013 [main] INFO org.flywaydb.core.internal.command.DbMigrate -- Migrating schema "flyway" to version "16 - audited catalog commands"
10:52:45.052 [main] INFO org.flywaydb.core.internal.command.DbMigrate -- Migrating schema "flyway" to version "17 - legacy csv compatibility projection"
10:52:45.088 [main] INFO org.flywaydb.core.internal.command.DbMigrate -- Migrating schema "flyway" to version "18 - official rating commands"
10:52:45.116 [main] INFO org.flywaydb.core.internal.command.DbMigrate -- Migrating schema "flyway" to version "19 - safe health operational snapshot"
10:52:45.132 [main] INFO org.flywaydb.core.internal.command.DbMigrate -- Migrating schema "flyway" to version "20 - catalog url and version compatibility"
10:52:45.149 [main] INFO org.flywaydb.core.internal.command.DbMigrate -- Migrating schema "flyway" to version "21 - legacy period first observation policy"
10:52:45.176 [main] INFO org.flywaydb.core.internal.command.DbMigrate -- Migrating schema "flyway" to version "22 - durable legacy csv archive facts"
10:52:45.215 [main] INFO org.flywaydb.core.internal.command.DbMigrate -- Migrating schema "flyway" to version "23 - official rating entity context"
10:52:45.235 [main] INFO org.flywaydb.core.internal.command.DbMigrate -- Migrating schema "flyway" to version "24 - ordered history reaction details"
10:52:45.254 [main] INFO org.flywaydb.core.internal.command.DbMigrate -- Migrating schema "flyway" to version "25 - safe legacy account presentation"
10:52:45.268 [main] INFO org.flywaydb.core.internal.command.DbMigrate -- Migrating schema "flyway" to version "26 - independent projection verifier reads"
10:52:45.277 [main] INFO org.flywaydb.core.internal.command.DbMigrate -- Migrating schema "flyway" to version "27 - retained disabled platform period metrics"
10:52:45.290 [main] INFO org.flywaydb.core.internal.command.DbMigrate -- Successfully applied 27 migrations to schema "flyway", now at version v27 (execution time 00:00.648s)
10:52:45.299 [main] INFO org.springframework.mock.web.MockServletContext -- Initializing Spring TestDispatcherServlet ''
10:52:45.299 [main] INFO org.springframework.test.web.servlet.TestDispatcherServlet -- Initializing Servlet ''
10:52:45.299 [main] INFO org.springframework.test.web.servlet.TestDispatcherServlet -- Completed initialization in 0 ms
10:52:45.557 [main] INFO org.springframework.mock.web.MockServletContext -- Initializing Spring TestDispatcherServlet ''
10:52:45.557 [main] INFO org.springframework.test.web.servlet.TestDispatcherServlet -- Initializing Servlet ''
10:52:45.557 [main] INFO org.springframework.test.web.servlet.TestDispatcherServlet -- Completed initialization in 0 ms
[INFO] Tests run: 1, Failures: 0, Errors: 0, Skipped: 0, Time elapsed: 4.376 s -- in org.mranked.operations.infrastructure.LegacyHealthPostgresIntegrationTest
[INFO] Running org.mranked.exportjob.web.ExportJobSecurityTest
10:52:48.721 [main] INFO org.springframework.security.config.annotation.authentication.configuration.InitializeUserDetailsBeanManagerConfigurer$InitializeUserDetailsManagerConfigurer -- Global AuthenticationManager configured with UserDetailsService bean with name adminUserDetailsService
Mockito is currently self-attaching to enable the inline-mock-maker. This will no longer work in future releases of the JDK. Please add Mockito as an agent to your build as described in Mockito's documentation: https://javadoc.io/doc/org.mockito/mockito-core/latest/org.mockito/org/mockito/Mockito.html#0.3
WARNING: A Java agent has been loaded dynamically (/private/tmp/mranked-maven-repository/net/bytebuddy/byte-buddy-agent/1.17.8/byte-buddy-agent-1.17.8.jar)
WARNING: If a serviceability tool is in use, please run with -XX:+EnableDynamicAgentLoading to hide this warning
WARNING: If a serviceability tool is not in use, please run with -Djdk.instrument.traceUsage for more information
WARNING: Dynamic loading of agents will be disallowed by default in a future release
OpenJDK 64-Bit Server VM warning: Sharing is only supported for boot loader classes because bootstrap classpath has been appended
10:52:49.205 [main] INFO org.springframework.mock.web.MockServletContext -- Initializing Spring TestDispatcherServlet ''
10:52:49.205 [main] INFO org.springframework.test.web.servlet.TestDispatcherServlet -- Initializing Servlet ''
10:52:49.206 [main] INFO org.springframework.test.web.servlet.TestDispatcherServlet -- Completed initialization in 1 ms
10:52:49.213 [main] INFO org.springframework.mock.web.MockServletContext -- Initializing Spring TestDispatcherServlet ''
10:52:49.213 [main] INFO org.springframework.test.web.servlet.TestDispatcherServlet -- Initializing Servlet ''
10:52:49.213 [main] INFO org.springframework.test.web.servlet.TestDispatcherServlet -- Completed initialization in 0 ms
10:52:49.242 [main] INFO org.springframework.mock.web.MockServletContext -- Initializing Spring TestDispatcherServlet ''
10:52:49.242 [main] INFO org.springframework.test.web.servlet.TestDispatcherServlet -- Initializing Servlet ''
10:52:49.242 [main] INFO org.springframework.test.web.servlet.TestDispatcherServlet -- Completed initialization in 0 ms
[INFO] Tests run: 3, Failures: 0, Errors: 0, Skipped: 0, Time elapsed: 0.623 s -- in org.mranked.exportjob.web.ExportJobSecurityTest
[INFO] Running org.mranked.exportjob.application.ExportJobServiceTest
[INFO] Tests run: 7, Failures: 0, Errors: 0, Skipped: 0, Time elapsed: 1.668 s -- in org.mranked.exportjob.application.ExportJobServiceTest
[INFO] Running org.mranked.exportjob.application.ExportJobPostgresIntegrationTest
10:52:51.032 [main] INFO org.flywaydb.core.FlywayExecutor -- Database: jdbc:postgresql://127.0.0.1:64390/mranked_export_14ba6d13fa4d4780b6d4d841ebdf09fe_it (PostgreSQL 18.6)
10:52:51.045 [main] INFO org.flywaydb.core.internal.database.base.Schema -- Creating schema "flyway" ...
10:52:51.049 [main] INFO org.flywaydb.core.internal.schemahistory.JdbcTableSchemaHistory -- Creating Schema History table "flyway"."flyway_schema_history" ...
10:52:51.076 [main] INFO org.flywaydb.core.internal.command.DbMigrate -- Current version of schema "flyway": null
10:52:51.093 [main] INFO org.flywaydb.core.internal.command.DbMigrate -- Migrating schema "flyway" to version "1 - target baseline"
10:52:51.362 [main] INFO org.flywaydb.core.internal.sqlscript.DefaultSqlScriptExecutor -- +--------------------------------------------+
| ensure_publication_metric_partition        |
+--------------------------------------------+
| ingest.publication_metric_snapshot_2026_06 |
| ingest.publication_metric_snapshot_2026_07 |
| ingest.publication_metric_snapshot_2026_08 |
| ingest.publication_metric_snapshot_2026_09 |
| ingest.publication_metric_snapshot_2026_10 |
| ingest.publication_metric_snapshot_2026_11 |
+--------------------------------------------+

10:52:51.433 [main] INFO org.flywaydb.core.internal.command.DbMigrate -- Migrating schema "flyway" to version "2 - rebuild core projections"
10:52:51.486 [main] INFO org.flywaydb.core.internal.command.DbMigrate -- Migrating schema "flyway" to version "3 - collector observation times and identity grants"
10:52:51.525 [main] INFO org.flywaydb.core.internal.command.DbMigrate -- Migrating schema "flyway" to version "4 - admin collection run status grants"
10:52:51.546 [main] INFO org.flywaydb.core.internal.command.DbMigrate -- Migrating schema "flyway" to version "5 - legacy activity period projection"
10:52:51.570 [main] INFO org.flywaydb.core.internal.command.DbMigrate -- Migrating schema "flyway" to version "6 - comparison valid observation hourly projection"
10:52:51.593 [main] INFO org.flywaydb.core.internal.command.DbMigrate -- Migrating schema "flyway" to version "7 - activity rating read grants"
10:52:51.618 [main] INFO org.flywaydb.core.internal.command.DbMigrate -- Migrating schema "flyway" to version "8 - legacy overview projection"
10:52:51.697 [main] INFO org.flywaydb.core.internal.command.DbMigrate -- Migrating schema "flyway" to version "9 - immutable observations quality archive fence"
10:52:51.793 [main] INFO org.flywaydb.core.internal.command.DbMigrate -- Migrating schema "flyway" to version "10 - consistent public queries and formula guards"
10:52:51.828 [main] INFO org.flywaydb.core.internal.command.DbMigrate -- Migrating schema "flyway" to version "11 - bridge identity lineage and reconciliation"
10:52:51.865 [main] INFO org.flywaydb.core.internal.command.DbMigrate -- Migrating schema "flyway" to version "12 - detail history projection"
10:52:51.888 [main] INFO org.flywaydb.core.internal.command.DbMigrate -- Migrating schema "flyway" to version "13 - immutable account identity history"
10:52:51.905 [main] INFO org.flywaydb.core.internal.command.DbMigrate -- Migrating schema "flyway" to version "14 - public archived publication text"
10:52:51.929 [main] INFO org.flywaydb.core.internal.command.DbMigrate -- Migrating schema "flyway" to version "15 - verified source preservation"
10:52:51.958 [main] INFO org.flywaydb.core.internal.command.DbMigrate -- Migrating schema "flyway" to version "16 - audited catalog commands"
10:52:51.996 [main] INFO org.flywaydb.core.internal.command.DbMigrate -- Migrating schema "flyway" to version "17 - legacy csv compatibility projection"
10:52:52.033 [main] INFO org.flywaydb.core.internal.command.DbMigrate -- Migrating schema "flyway" to version "18 - official rating commands"
10:52:52.063 [main] INFO org.flywaydb.core.internal.command.DbMigrate -- Migrating schema "flyway" to version "19 - safe health operational snapshot"
10:52:52.079 [main] INFO org.flywaydb.core.internal.command.DbMigrate -- Migrating schema "flyway" to version "20 - catalog url and version compatibility"
10:52:52.095 [main] INFO org.flywaydb.core.internal.command.DbMigrate -- Migrating schema "flyway" to version "21 - legacy period first observation policy"
10:52:52.124 [main] INFO org.flywaydb.core.internal.command.DbMigrate -- Migrating schema "flyway" to version "22 - durable legacy csv archive facts"
10:52:52.164 [main] INFO org.flywaydb.core.internal.command.DbMigrate -- Migrating schema "flyway" to version "23 - official rating entity context"
10:52:52.184 [main] INFO org.flywaydb.core.internal.command.DbMigrate -- Migrating schema "flyway" to version "24 - ordered history reaction details"
10:52:52.203 [main] INFO org.flywaydb.core.internal.command.DbMigrate -- Migrating schema "flyway" to version "25 - safe legacy account presentation"
10:52:52.217 [main] INFO org.flywaydb.core.internal.command.DbMigrate -- Migrating schema "flyway" to version "26 - independent projection verifier reads"
10:52:52.227 [main] INFO org.flywaydb.core.internal.command.DbMigrate -- Migrating schema "flyway" to version "27 - retained disabled platform period metrics"
10:52:52.241 [main] INFO org.flywaydb.core.internal.command.DbMigrate -- Successfully applied 27 migrations to schema "flyway", now at version v27 (execution time 00:00.805s)
[INFO] Tests run: 1, Failures: 0, Errors: 0, Skipped: 0, Time elapsed: 12.25 s -- in org.mranked.exportjob.application.ExportJobPostgresIntegrationTest
[INFO] Running org.mranked.query.web.CsvExportControllerTest
10:53:03.185 [main] INFO org.springframework.mock.web.MockServletContext -- Initializing Spring TestDispatcherServlet ''
10:53:03.185 [main] INFO org.springframework.test.web.servlet.TestDispatcherServlet -- Initializing Servlet ''
10:53:03.185 [main] INFO org.springframework.test.web.servlet.TestDispatcherServlet -- Completed initialization in 0 ms
10:53:03.194 [main] INFO org.springframework.mock.web.MockServletContext -- Initializing Spring TestDispatcherServlet ''
10:53:03.194 [main] INFO org.springframework.test.web.servlet.TestDispatcherServlet -- Initializing Servlet ''
10:53:03.194 [main] INFO org.springframework.test.web.servlet.TestDispatcherServlet -- Completed initialization in 0 ms
10:53:03.200 [main] INFO org.springframework.mock.web.MockServletContext -- Initializing Spring TestDispatcherServlet ''
10:53:03.200 [main] INFO org.springframework.test.web.servlet.TestDispatcherServlet -- Initializing Servlet ''
10:53:03.200 [main] INFO org.springframework.test.web.servlet.TestDispatcherServlet -- Completed initialization in 0 ms
[INFO] Tests run: 3, Failures: 0, Errors: 0, Skipped: 0, Time elapsed: 0.028 s -- in org.mranked.query.web.CsvExportControllerTest
[INFO] Running org.mranked.query.web.PublicQueryControllerTest
10:53:03.217 [main] INFO org.springframework.mock.web.MockServletContext -- Initializing Spring TestDispatcherServlet ''
10:53:03.217 [main] INFO org.springframework.test.web.servlet.TestDispatcherServlet -- Initializing Servlet ''
10:53:03.217 [main] INFO org.springframework.test.web.servlet.TestDispatcherServlet -- Completed initialization in 0 ms
10:53:03.227 [main] INFO org.springframework.mock.web.MockServletContext -- Initializing Spring TestDispatcherServlet ''
10:53:03.227 [main] INFO org.springframework.test.web.servlet.TestDispatcherServlet -- Initializing Servlet ''
10:53:03.227 [main] INFO org.springframework.test.web.servlet.TestDispatcherServlet -- Completed initialization in 0 ms
10:53:03.242 [main] INFO org.springframework.mock.web.MockServletContext -- Initializing Spring TestDispatcherServlet ''
10:53:03.242 [main] INFO org.springframework.test.web.servlet.TestDispatcherServlet -- Initializing Servlet ''
10:53:03.242 [main] INFO org.springframework.test.web.servlet.TestDispatcherServlet -- Completed initialization in 0 ms
10:53:03.259 [main] INFO org.springframework.mock.web.MockServletContext -- Initializing Spring TestDispatcherServlet ''
10:53:03.259 [main] INFO org.springframework.test.web.servlet.TestDispatcherServlet -- Initializing Servlet ''
10:53:03.259 [main] INFO org.springframework.test.web.servlet.TestDispatcherServlet -- Completed initialization in 0 ms
10:53:03.275 [main] INFO org.springframework.mock.web.MockServletContext -- Initializing Spring TestDispatcherServlet ''
10:53:03.276 [main] INFO org.springframework.test.web.servlet.TestDispatcherServlet -- Initializing Servlet ''
10:53:03.276 [main] INFO org.springframework.test.web.servlet.TestDispatcherServlet -- Completed initialization in 0 ms
10:53:03.292 [main] INFO org.springframework.mock.web.MockServletContext -- Initializing Spring TestDispatcherServlet ''
10:53:03.292 [main] INFO org.springframework.test.web.servlet.TestDispatcherServlet -- Initializing Servlet ''
10:53:03.292 [main] INFO org.springframework.test.web.servlet.TestDispatcherServlet -- Completed initialization in 0 ms
10:53:03.299 [main] INFO org.springframework.mock.web.MockServletContext -- Initializing Spring TestDispatcherServlet ''
10:53:03.299 [main] INFO org.springframework.test.web.servlet.TestDispatcherServlet -- Initializing Servlet ''
10:53:03.299 [main] INFO org.springframework.test.web.servlet.TestDispatcherServlet -- Completed initialization in 0 ms
10:53:03.311 [main] INFO org.springframework.mock.web.MockServletContext -- Initializing Spring TestDispatcherServlet ''
10:53:03.311 [main] INFO org.springframework.test.web.servlet.TestDispatcherServlet -- Initializing Servlet ''
10:53:03.311 [main] INFO org.springframework.test.web.servlet.TestDispatcherServlet -- Completed initialization in 0 ms
10:53:03.318 [main] INFO org.springframework.mock.web.MockServletContext -- Initializing Spring TestDispatcherServlet ''
10:53:03.318 [main] INFO org.springframework.test.web.servlet.TestDispatcherServlet -- Initializing Servlet ''
10:53:03.318 [main] INFO org.springframework.test.web.servlet.TestDispatcherServlet -- Completed initialization in 0 ms
10:53:03.327 [main] INFO org.springframework.mock.web.MockServletContext -- Initializing Spring TestDispatcherServlet ''
10:53:03.327 [main] INFO org.springframework.test.web.servlet.TestDispatcherServlet -- Initializing Servlet ''
10:53:03.327 [main] INFO org.springframework.test.web.servlet.TestDispatcherServlet -- Completed initialization in 0 ms
10:53:03.343 [main] INFO org.springframework.mock.web.MockServletContext -- Initializing Spring TestDispatcherServlet ''
10:53:03.343 [main] INFO org.springframework.test.web.servlet.TestDispatcherServlet -- Initializing Servlet ''
10:53:03.343 [main] INFO org.springframework.test.web.servlet.TestDispatcherServlet -- Completed initialization in 0 ms
10:53:03.350 [main] INFO org.springframework.mock.web.MockServletContext -- Initializing Spring TestDispatcherServlet ''
10:53:03.350 [main] INFO org.springframework.test.web.servlet.TestDispatcherServlet -- Initializing Servlet ''
10:53:03.350 [main] INFO org.springframework.test.web.servlet.TestDispatcherServlet -- Completed initialization in 0 ms
10:53:03.364 [main] INFO org.springframework.mock.web.MockServletContext -- Initializing Spring TestDispatcherServlet ''
10:53:03.364 [main] INFO org.springframework.test.web.servlet.TestDispatcherServlet -- Initializing Servlet ''
10:53:03.364 [main] INFO org.springframework.test.web.servlet.TestDispatcherServlet -- Completed initialization in 0 ms
10:53:03.375 [main] INFO org.springframework.mock.web.MockServletContext -- Initializing Spring TestDispatcherServlet ''
10:53:03.375 [main] INFO org.springframework.test.web.servlet.TestDispatcherServlet -- Initializing Servlet ''
10:53:03.376 [main] INFO org.springframework.test.web.servlet.TestDispatcherServlet -- Completed initialization in 1 ms
10:53:03.378 [main] ERROR org.mranked.query.web.Rfc9457ExceptionHandler -- Unhandled API failure for /api/v1/overview errorType=java.lang.IllegalStateException
10:53:03.385 [main] INFO org.springframework.mock.web.MockServletContext -- Initializing Spring TestDispatcherServlet ''
10:53:03.385 [main] INFO org.springframework.test.web.servlet.TestDispatcherServlet -- Initializing Servlet ''
10:53:03.385 [main] INFO org.springframework.test.web.servlet.TestDispatcherServlet -- Completed initialization in 0 ms
10:53:03.408 [main] INFO org.springframework.mock.web.MockServletContext -- Initializing Spring TestDispatcherServlet ''
10:53:03.408 [main] INFO org.springframework.test.web.servlet.TestDispatcherServlet -- Initializing Servlet ''
10:53:03.408 [main] INFO org.springframework.test.web.servlet.TestDispatcherServlet -- Completed initialization in 0 ms
10:53:03.419 [main] INFO org.springframework.mock.web.MockServletContext -- Initializing Spring TestDispatcherServlet ''
10:53:03.419 [main] INFO org.springframework.test.web.servlet.TestDispatcherServlet -- Initializing Servlet ''
10:53:03.419 [main] INFO org.springframework.test.web.servlet.TestDispatcherServlet -- Completed initialization in 0 ms
[INFO] Tests run: 17, Failures: 0, Errors: 0, Skipped: 0, Time elapsed: 0.220 s -- in org.mranked.query.web.PublicQueryControllerTest
[INFO] Running org.mranked.query.application.CsvExportServiceTest
[INFO] Tests run: 6, Failures: 0, Errors: 0, Skipped: 0, Time elapsed: 0.668 s -- in org.mranked.query.application.CsvExportServiceTest
[INFO] Running org.mranked.query.application.CursorCodecTest
[INFO] Tests run: 3, Failures: 0, Errors: 0, Skipped: 0, Time elapsed: 0.002 s -- in org.mranked.query.application.CursorCodecTest
[INFO] Running org.mranked.query.application.PublicQueryServiceTest
[INFO] Tests run: 5, Failures: 0, Errors: 0, Skipped: 0, Time elapsed: 0.006 s -- in org.mranked.query.application.PublicQueryServiceTest
[INFO] Running org.mranked.query.application.ProviderConfigurationTest
[INFO] Tests run: 1, Failures: 0, Errors: 0, Skipped: 0, Time elapsed: 0.001 s -- in org.mranked.query.application.ProviderConfigurationTest
[INFO] Running org.mranked.query.infrastructure.ProjectionSchemaContractTest
[INFO] Tests run: 4, Failures: 0, Errors: 0, Skipped: 0, Time elapsed: 0.004 s -- in org.mranked.query.infrastructure.ProjectionSchemaContractTest
[INFO] Running org.mranked.query.infrastructure.ActivityRatingPostgresIntegrationTest
[INFO] Tests run: 2, Failures: 0, Errors: 0, Skipped: 0, Time elapsed: 0.223 s -- in org.mranked.query.infrastructure.ActivityRatingPostgresIntegrationTest
[INFO] Running org.mranked.query.infrastructure.DetailPostgresIntegrationTest
[INFO] Tests run: 3, Failures: 0, Errors: 0, Skipped: 0, Time elapsed: 0.235 s -- in org.mranked.query.infrastructure.DetailPostgresIntegrationTest
[INFO] Running org.mranked.query.infrastructure.ComparisonPostgresIntegrationTest
[INFO] Tests run: 1, Failures: 0, Errors: 0, Skipped: 0, Time elapsed: 0.040 s -- in org.mranked.query.infrastructure.ComparisonPostgresIntegrationTest
[INFO] Running org.mranked.query.infrastructure.HistoryReactionDetailsPostgresIntegrationTest
[INFO] Tests run: 3, Failures: 0, Errors: 0, Skipped: 0, Time elapsed: 0.154 s -- in org.mranked.query.infrastructure.HistoryReactionDetailsPostgresIntegrationTest
[INFO] Running org.mranked.query.infrastructure.MigrationInstallationTest
[WARNING] Tests run: 4, Failures: 0, Errors: 0, Skipped: 4, Time elapsed: 0 s -- in org.mranked.query.infrastructure.MigrationInstallationTest
[INFO] Running org.mranked.query.infrastructure.ComparisonProjectionMigrationTest
[INFO] Tests run: 3, Failures: 0, Errors: 0, Skipped: 0, Time elapsed: 0.001 s -- in org.mranked.query.infrastructure.ComparisonProjectionMigrationTest
[INFO] Running org.mranked.query.infrastructure.ProjectionReconciliationPostgresIntegrationTest
10:53:04.871 [main] INFO org.flywaydb.core.FlywayExecutor -- Database: jdbc:postgresql://127.0.0.1:64390/mranked_projection_3dbc5f0a6dd04694b769f506efa0c68d_it (PostgreSQL 18.6)
10:53:04.885 [main] INFO org.flywaydb.core.internal.database.base.Schema -- Creating schema "flyway" ...
10:53:04.888 [main] INFO org.flywaydb.core.internal.schemahistory.JdbcTableSchemaHistory -- Creating Schema History table "flyway"."flyway_schema_history" ...
10:53:04.910 [main] INFO org.flywaydb.core.internal.command.DbMigrate -- Current version of schema "flyway": null
10:53:04.922 [main] INFO org.flywaydb.core.internal.command.DbMigrate -- Migrating schema "flyway" to version "1 - target baseline"
10:53:05.140 [main] INFO org.flywaydb.core.internal.sqlscript.DefaultSqlScriptExecutor -- +--------------------------------------------+
| ensure_publication_metric_partition        |
+--------------------------------------------+
| ingest.publication_metric_snapshot_2026_06 |
| ingest.publication_metric_snapshot_2026_07 |
| ingest.publication_metric_snapshot_2026_08 |
| ingest.publication_metric_snapshot_2026_09 |
| ingest.publication_metric_snapshot_2026_10 |
| ingest.publication_metric_snapshot_2026_11 |
+--------------------------------------------+

10:53:05.191 [main] INFO org.flywaydb.core.internal.command.DbMigrate -- Migrating schema "flyway" to version "2 - rebuild core projections"
10:53:05.211 [main] INFO org.flywaydb.core.internal.command.DbMigrate -- Migrating schema "flyway" to version "3 - collector observation times and identity grants"
10:53:05.239 [main] INFO org.flywaydb.core.internal.command.DbMigrate -- Migrating schema "flyway" to version "4 - admin collection run status grants"
10:53:05.250 [main] INFO org.flywaydb.core.internal.command.DbMigrate -- Migrating schema "flyway" to version "5 - legacy activity period projection"
10:53:05.267 [main] INFO org.flywaydb.core.internal.command.DbMigrate -- Migrating schema "flyway" to version "6 - comparison valid observation hourly projection"
10:53:05.287 [main] INFO org.flywaydb.core.internal.command.DbMigrate -- Migrating schema "flyway" to version "7 - activity rating read grants"
10:53:05.306 [main] INFO org.flywaydb.core.internal.command.DbMigrate -- Migrating schema "flyway" to version "8 - legacy overview projection"
10:53:05.355 [main] INFO org.flywaydb.core.internal.command.DbMigrate -- Migrating schema "flyway" to version "9 - immutable observations quality archive fence"
10:53:05.440 [main] INFO org.flywaydb.core.internal.command.DbMigrate -- Migrating schema "flyway" to version "10 - consistent public queries and formula guards"
10:53:05.469 [main] INFO org.flywaydb.core.internal.command.DbMigrate -- Migrating schema "flyway" to version "11 - bridge identity lineage and reconciliation"
10:53:05.492 [main] INFO org.flywaydb.core.internal.command.DbMigrate -- Migrating schema "flyway" to version "12 - detail history projection"
10:53:05.508 [main] INFO org.flywaydb.core.internal.command.DbMigrate -- Migrating schema "flyway" to version "13 - immutable account identity history"
10:53:05.518 [main] INFO org.flywaydb.core.internal.command.DbMigrate -- Migrating schema "flyway" to version "14 - public archived publication text"
10:53:05.578 [main] INFO org.flywaydb.core.internal.command.DbMigrate -- Migrating schema "flyway" to version "15 - verified source preservation"
10:53:05.597 [main] INFO org.flywaydb.core.internal.command.DbMigrate -- Migrating schema "flyway" to version "16 - audited catalog commands"
10:53:05.636 [main] INFO org.flywaydb.core.internal.command.DbMigrate -- Migrating schema "flyway" to version "17 - legacy csv compatibility projection"
10:53:05.669 [main] INFO org.flywaydb.core.internal.command.DbMigrate -- Migrating schema "flyway" to version "18 - official rating commands"
10:53:05.694 [main] INFO org.flywaydb.core.internal.command.DbMigrate -- Migrating schema "flyway" to version "19 - safe health operational snapshot"
10:53:05.707 [main] INFO org.flywaydb.core.internal.command.DbMigrate -- Migrating schema "flyway" to version "20 - catalog url and version compatibility"
10:53:05.722 [main] INFO org.flywaydb.core.internal.command.DbMigrate -- Migrating schema "flyway" to version "21 - legacy period first observation policy"
10:53:05.750 [main] INFO org.flywaydb.core.internal.command.DbMigrate -- Migrating schema "flyway" to version "22 - durable legacy csv archive facts"
10:53:05.787 [main] INFO org.flywaydb.core.internal.command.DbMigrate -- Migrating schema "flyway" to version "23 - official rating entity context"
10:53:05.804 [main] INFO org.flywaydb.core.internal.command.DbMigrate -- Migrating schema "flyway" to version "24 - ordered history reaction details"
10:53:05.823 [main] INFO org.flywaydb.core.internal.command.DbMigrate -- Migrating schema "flyway" to version "25 - safe legacy account presentation"
10:53:05.834 [main] INFO org.flywaydb.core.internal.command.DbMigrate -- Migrating schema "flyway" to version "26 - independent projection verifier reads"
10:53:05.844 [main] INFO org.flywaydb.core.internal.command.DbMigrate -- Migrating schema "flyway" to version "27 - retained disabled platform period metrics"
10:53:05.854 [main] INFO org.flywaydb.core.internal.command.DbMigrate -- Successfully applied 27 migrations to schema "flyway", now at version v27 (execution time 00:00.653s)
[INFO] Tests run: 1, Failures: 0, Errors: 0, Skipped: 0, Time elapsed: 10.78 s -- in org.mranked.query.infrastructure.ProjectionReconciliationPostgresIntegrationTest
[INFO] Running org.mranked.query.infrastructure.LegacyOverviewProjectionMigrationTest
[INFO] Tests run: 3, Failures: 0, Errors: 0, Skipped: 0, Time elapsed: 0.003 s -- in org.mranked.query.infrastructure.LegacyOverviewProjectionMigrationTest
[INFO] Running org.mranked.query.infrastructure.ProjectionSqlTest
[INFO] Tests run: 4, Failures: 0, Errors: 0, Skipped: 0, Time elapsed: 0.002 s -- in org.mranked.query.infrastructure.ProjectionSqlTest
[INFO] Running org.mranked.query.infrastructure.BackendConsistencyPostgresIntegrationTest
[INFO] Tests run: 7, Failures: 0, Errors: 0, Skipped: 0, Time elapsed: 10.09 s -- in org.mranked.query.infrastructure.BackendConsistencyPostgresIntegrationTest
[INFO] Running org.mranked.query.infrastructure.OverviewPostgresIntegrationTest
[INFO] Tests run: 1, Failures: 0, Errors: 0, Skipped: 0, Time elapsed: 0.075 s -- in org.mranked.query.infrastructure.OverviewPostgresIntegrationTest
[INFO] Running org.mranked.query.infrastructure.DisabledPeriodPostgresIntegrationTest
10:53:25.816 [main] INFO org.flywaydb.core.FlywayExecutor -- Database: jdbc:postgresql://127.0.0.1:64390/mranked_disabled_b181917c819a423d97407558fb39483f_it (PostgreSQL 18.6)
10:53:25.839 [main] INFO org.flywaydb.core.internal.database.base.Schema -- Creating schema "flyway" ...
10:53:25.843 [main] INFO org.flywaydb.core.internal.schemahistory.JdbcTableSchemaHistory -- Creating Schema History table "flyway"."flyway_schema_history" ...
10:53:25.871 [main] INFO org.flywaydb.core.internal.command.DbMigrate -- Current version of schema "flyway": null
10:53:25.887 [main] INFO org.flywaydb.core.internal.command.DbMigrate -- Migrating schema "flyway" to version "1 - target baseline"
10:53:26.112 [main] INFO org.flywaydb.core.internal.sqlscript.DefaultSqlScriptExecutor -- +--------------------------------------------+
| ensure_publication_metric_partition        |
+--------------------------------------------+
| ingest.publication_metric_snapshot_2026_06 |
| ingest.publication_metric_snapshot_2026_07 |
| ingest.publication_metric_snapshot_2026_08 |
| ingest.publication_metric_snapshot_2026_09 |
| ingest.publication_metric_snapshot_2026_10 |
| ingest.publication_metric_snapshot_2026_11 |
+--------------------------------------------+

10:53:26.165 [main] INFO org.flywaydb.core.internal.command.DbMigrate -- Migrating schema "flyway" to version "2 - rebuild core projections"
10:53:26.186 [main] INFO org.flywaydb.core.internal.command.DbMigrate -- Migrating schema "flyway" to version "3 - collector observation times and identity grants"
10:53:26.219 [main] INFO org.flywaydb.core.internal.command.DbMigrate -- Migrating schema "flyway" to version "4 - admin collection run status grants"
10:53:26.232 [main] INFO org.flywaydb.core.internal.command.DbMigrate -- Migrating schema "flyway" to version "5 - legacy activity period projection"
10:53:26.250 [main] INFO org.flywaydb.core.internal.command.DbMigrate -- Migrating schema "flyway" to version "6 - comparison valid observation hourly projection"
10:53:26.272 [main] INFO org.flywaydb.core.internal.command.DbMigrate -- Migrating schema "flyway" to version "7 - activity rating read grants"
10:53:26.288 [main] INFO org.flywaydb.core.internal.command.DbMigrate -- Migrating schema "flyway" to version "8 - legacy overview projection"
10:53:26.341 [main] INFO org.flywaydb.core.internal.command.DbMigrate -- Migrating schema "flyway" to version "9 - immutable observations quality archive fence"
10:53:26.442 [main] INFO org.flywaydb.core.internal.command.DbMigrate -- Migrating schema "flyway" to version "10 - consistent public queries and formula guards"
10:53:26.470 [main] INFO org.flywaydb.core.internal.command.DbMigrate -- Migrating schema "flyway" to version "11 - bridge identity lineage and reconciliation"
10:53:26.498 [main] INFO org.flywaydb.core.internal.command.DbMigrate -- Migrating schema "flyway" to version "12 - detail history projection"
10:53:26.521 [main] INFO org.flywaydb.core.internal.command.DbMigrate -- Migrating schema "flyway" to version "13 - immutable account identity history"
10:53:26.533 [main] INFO org.flywaydb.core.internal.command.DbMigrate -- Migrating schema "flyway" to version "14 - public archived publication text"
10:53:26.552 [main] INFO org.flywaydb.core.internal.command.DbMigrate -- Migrating schema "flyway" to version "15 - verified source preservation"
10:53:26.576 [main] INFO org.flywaydb.core.internal.command.DbMigrate -- Migrating schema "flyway" to version "16 - audited catalog commands"
10:53:26.622 [main] INFO org.flywaydb.core.internal.command.DbMigrate -- Migrating schema "flyway" to version "17 - legacy csv compatibility projection"
10:53:26.660 [main] INFO org.flywaydb.core.internal.command.DbMigrate -- Migrating schema "flyway" to version "18 - official rating commands"
10:53:26.692 [main] INFO org.flywaydb.core.internal.command.DbMigrate -- Migrating schema "flyway" to version "19 - safe health operational snapshot"
10:53:26.707 [main] INFO org.flywaydb.core.internal.command.DbMigrate -- Migrating schema "flyway" to version "20 - catalog url and version compatibility"
10:53:26.732 [main] INFO org.flywaydb.core.internal.command.DbMigrate -- Migrating schema "flyway" to version "21 - legacy period first observation policy"
10:53:26.757 [main] INFO org.flywaydb.core.internal.command.DbMigrate -- Migrating schema "flyway" to version "22 - durable legacy csv archive facts"
10:53:26.795 [main] INFO org.flywaydb.core.internal.command.DbMigrate -- Migrating schema "flyway" to version "23 - official rating entity context"
10:53:26.817 [main] INFO org.flywaydb.core.internal.command.DbMigrate -- Migrating schema "flyway" to version "24 - ordered history reaction details"
10:53:26.834 [main] INFO org.flywaydb.core.internal.command.DbMigrate -- Migrating schema "flyway" to version "25 - safe legacy account presentation"
10:53:26.865 [main] INFO org.flywaydb.core.internal.command.DbMigrate -- Migrating schema "flyway" to version "26 - independent projection verifier reads"
10:53:26.878 [main] INFO org.flywaydb.core.internal.command.DbMigrate -- Migrating schema "flyway" to version "27 - retained disabled platform period metrics"
10:53:26.894 [main] INFO org.flywaydb.core.internal.command.DbMigrate -- Successfully applied 27 migrations to schema "flyway", now at version v27 (execution time 00:00.699s)
10:53:30.124 [main] INFO org.springframework.mock.web.MockServletContext -- Initializing Spring TestDispatcherServlet ''
10:53:30.124 [main] INFO org.springframework.test.web.servlet.TestDispatcherServlet -- Initializing Servlet ''
10:53:30.124 [main] INFO org.springframework.test.web.servlet.TestDispatcherServlet -- Completed initialization in 0 ms
10:53:32.690 [main] INFO org.flywaydb.core.FlywayExecutor -- Database: jdbc:postgresql://127.0.0.1:64390/mranked_disabled_b895519d71b94a3ba0d2ef7ed78135ea_it (PostgreSQL 18.6)
10:53:32.700 [main] INFO org.flywaydb.core.internal.database.base.Schema -- Creating schema "flyway" ...
10:53:32.702 [main] INFO org.flywaydb.core.internal.schemahistory.JdbcTableSchemaHistory -- Creating Schema History table "flyway"."flyway_schema_history" ...
10:53:32.725 [main] INFO org.flywaydb.core.internal.command.DbMigrate -- Current version of schema "flyway": null
10:53:32.737 [main] INFO org.flywaydb.core.internal.command.DbMigrate -- Migrating schema "flyway" to version "1 - target baseline"
10:53:32.963 [main] INFO org.flywaydb.core.internal.sqlscript.DefaultSqlScriptExecutor -- +--------------------------------------------+
| ensure_publication_metric_partition        |
+--------------------------------------------+
| ingest.publication_metric_snapshot_2026_06 |
| ingest.publication_metric_snapshot_2026_07 |
| ingest.publication_metric_snapshot_2026_08 |
| ingest.publication_metric_snapshot_2026_09 |
| ingest.publication_metric_snapshot_2026_10 |
| ingest.publication_metric_snapshot_2026_11 |
+--------------------------------------------+

10:53:33.017 [main] INFO org.flywaydb.core.internal.command.DbMigrate -- Migrating schema "flyway" to version "2 - rebuild core projections"
10:53:33.037 [main] INFO org.flywaydb.core.internal.command.DbMigrate -- Migrating schema "flyway" to version "3 - collector observation times and identity grants"
10:53:33.068 [main] INFO org.flywaydb.core.internal.command.DbMigrate -- Migrating schema "flyway" to version "4 - admin collection run status grants"
10:53:33.080 [main] INFO org.flywaydb.core.internal.command.DbMigrate -- Migrating schema "flyway" to version "5 - legacy activity period projection"
10:53:33.096 [main] INFO org.flywaydb.core.internal.command.DbMigrate -- Migrating schema "flyway" to version "6 - comparison valid observation hourly projection"
10:53:33.117 [main] INFO org.flywaydb.core.internal.command.DbMigrate -- Migrating schema "flyway" to version "7 - activity rating read grants"
10:53:33.135 [main] INFO org.flywaydb.core.internal.command.DbMigrate -- Migrating schema "flyway" to version "8 - legacy overview projection"
10:53:33.187 [main] INFO org.flywaydb.core.internal.command.DbMigrate -- Migrating schema "flyway" to version "9 - immutable observations quality archive fence"
10:53:33.276 [main] INFO org.flywaydb.core.internal.command.DbMigrate -- Migrating schema "flyway" to version "10 - consistent public queries and formula guards"
10:53:33.304 [main] INFO org.flywaydb.core.internal.command.DbMigrate -- Migrating schema "flyway" to version "11 - bridge identity lineage and reconciliation"
10:53:33.327 [main] INFO org.flywaydb.core.internal.command.DbMigrate -- Migrating schema "flyway" to version "12 - detail history projection"
10:53:33.344 [main] INFO org.flywaydb.core.internal.command.DbMigrate -- Migrating schema "flyway" to version "13 - immutable account identity history"
10:53:33.355 [main] INFO org.flywaydb.core.internal.command.DbMigrate -- Migrating schema "flyway" to version "14 - public archived publication text"
10:53:33.376 [main] INFO org.flywaydb.core.internal.command.DbMigrate -- Migrating schema "flyway" to version "15 - verified source preservation"
10:53:33.398 [main] INFO org.flywaydb.core.internal.command.DbMigrate -- Migrating schema "flyway" to version "16 - audited catalog commands"
10:53:33.439 [main] INFO org.flywaydb.core.internal.command.DbMigrate -- Migrating schema "flyway" to version "17 - legacy csv compatibility projection"
10:53:33.471 [main] INFO org.flywaydb.core.internal.command.DbMigrate -- Migrating schema "flyway" to version "18 - official rating commands"
10:53:33.502 [main] INFO org.flywaydb.core.internal.command.DbMigrate -- Migrating schema "flyway" to version "19 - safe health operational snapshot"
10:53:33.516 [main] INFO org.flywaydb.core.internal.command.DbMigrate -- Migrating schema "flyway" to version "20 - catalog url and version compatibility"
10:53:33.533 [main] INFO org.flywaydb.core.internal.command.DbMigrate -- Migrating schema "flyway" to version "21 - legacy period first observation policy"
10:53:33.557 [main] INFO org.flywaydb.core.internal.command.DbMigrate -- Migrating schema "flyway" to version "22 - durable legacy csv archive facts"
10:53:33.593 [main] INFO org.flywaydb.core.internal.command.DbMigrate -- Migrating schema "flyway" to version "23 - official rating entity context"
10:53:33.609 [main] INFO org.flywaydb.core.internal.command.DbMigrate -- Migrating schema "flyway" to version "24 - ordered history reaction details"
10:53:33.627 [main] INFO org.flywaydb.core.internal.command.DbMigrate -- Migrating schema "flyway" to version "25 - safe legacy account presentation"
10:53:33.639 [main] INFO org.flywaydb.core.internal.command.DbMigrate -- Migrating schema "flyway" to version "26 - independent projection verifier reads"
10:53:33.646 [main] INFO org.flywaydb.core.internal.command.DbMigrate -- Successfully applied 26 migrations to schema "flyway", now at version v26 (execution time 00:00.658s)
10:53:36.044 [main] INFO org.flywaydb.core.FlywayExecutor -- Database: jdbc:postgresql://127.0.0.1:64390/mranked_disabled_b895519d71b94a3ba0d2ef7ed78135ea_it (PostgreSQL 18.6)
10:53:36.057 [main] INFO org.flywaydb.core.internal.command.DbValidate -- Successfully validated 28 migrations (execution time 00:00.006s)
10:53:36.072 [main] INFO org.flywaydb.core.internal.command.DbMigrate -- Current version of schema "flyway": 26
10:53:36.075 [main] INFO org.flywaydb.core.internal.command.DbMigrate -- Migrating schema "flyway" to version "27 - retained disabled platform period metrics"
10:53:36.384 [main] INFO org.flywaydb.core.internal.sqlscript.DefaultSqlScriptExecutor -- DB: schema "pg_temp" does not exist, skipping
10:53:36.384 [main] INFO org.flywaydb.core.internal.sqlscript.DefaultSqlScriptExecutor -- DB: table "mranked_csv_lexeme" does not exist, skipping
10:53:36.384 [main] INFO org.flywaydb.core.internal.sqlscript.DefaultSqlScriptExecutor -- DB: table "mranked_csv_publication" does not exist, skipping
10:53:36.384 [main] INFO org.flywaydb.core.internal.sqlscript.DefaultSqlScriptExecutor -- DB: table "mranked_csv_snapshot" does not exist, skipping
10:53:36.405 [main] INFO org.flywaydb.core.internal.command.DbMigrate -- Successfully applied 1 migration to schema "flyway", now at version v27 (execution time 00:00.311s)
10:53:36.891 [main] INFO org.springframework.mock.web.MockServletContext -- Initializing Spring TestDispatcherServlet ''
10:53:36.891 [main] INFO org.springframework.test.web.servlet.TestDispatcherServlet -- Initializing Servlet ''
10:53:36.891 [main] INFO org.springframework.test.web.servlet.TestDispatcherServlet -- Completed initialization in 0 ms
[INFO] Tests run: 2, Failures: 0, Errors: 0, Skipped: 0, Time elapsed: 13.42 s -- in org.mranked.query.infrastructure.DisabledPeriodPostgresIntegrationTest
[INFO] Running org.mranked.query.infrastructure.DetailFallbackPostgresIntegrationTest
[INFO] Tests run: 1, Failures: 0, Errors: 0, Skipped: 0, Time elapsed: 0.033 s -- in org.mranked.query.infrastructure.DetailFallbackPostgresIntegrationTest
[INFO] Running org.mranked.query.infrastructure.ComparisonSqlTest
[INFO] Tests run: 4, Failures: 0, Errors: 0, Skipped: 0, Time elapsed: 0.001 s -- in org.mranked.query.infrastructure.ComparisonSqlTest
[INFO] Running org.mranked.query.infrastructure.LegacyPeriodOraclePostgresIntegrationTest
10:53:39.238 [main] INFO org.flywaydb.core.FlywayExecutor -- Database: jdbc:postgresql://127.0.0.1:64390/mranked_period_982062ec38a54f50b9996b53e1354b3e_it (PostgreSQL 18.6)
10:53:39.249 [main] INFO org.flywaydb.core.internal.database.base.Schema -- Creating schema "flyway" ...
10:53:39.251 [main] INFO org.flywaydb.core.internal.schemahistory.JdbcTableSchemaHistory -- Creating Schema History table "flyway"."flyway_schema_history" ...
10:53:39.278 [main] INFO org.flywaydb.core.internal.command.DbMigrate -- Current version of schema "flyway": null
10:53:39.290 [main] INFO org.flywaydb.core.internal.command.DbMigrate -- Migrating schema "flyway" to version "1 - target baseline"
10:53:39.496 [main] INFO org.flywaydb.core.internal.sqlscript.DefaultSqlScriptExecutor -- +--------------------------------------------+
| ensure_publication_metric_partition        |
+--------------------------------------------+
| ingest.publication_metric_snapshot_2026_06 |
| ingest.publication_metric_snapshot_2026_07 |
| ingest.publication_metric_snapshot_2026_08 |
| ingest.publication_metric_snapshot_2026_09 |
| ingest.publication_metric_snapshot_2026_10 |
| ingest.publication_metric_snapshot_2026_11 |
+--------------------------------------------+

10:53:39.566 [main] INFO org.flywaydb.core.internal.command.DbMigrate -- Migrating schema "flyway" to version "2 - rebuild core projections"
10:53:39.583 [main] INFO org.flywaydb.core.internal.command.DbMigrate -- Migrating schema "flyway" to version "3 - collector observation times and identity grants"
10:53:39.616 [main] INFO org.flywaydb.core.internal.command.DbMigrate -- Migrating schema "flyway" to version "4 - admin collection run status grants"
10:53:39.627 [main] INFO org.flywaydb.core.internal.command.DbMigrate -- Migrating schema "flyway" to version "5 - legacy activity period projection"
10:53:39.645 [main] INFO org.flywaydb.core.internal.command.DbMigrate -- Migrating schema "flyway" to version "6 - comparison valid observation hourly projection"
10:53:39.667 [main] INFO org.flywaydb.core.internal.command.DbMigrate -- Migrating schema "flyway" to version "7 - activity rating read grants"
10:53:39.683 [main] INFO org.flywaydb.core.internal.command.DbMigrate -- Migrating schema "flyway" to version "8 - legacy overview projection"
10:53:39.732 [main] INFO org.flywaydb.core.internal.command.DbMigrate -- Migrating schema "flyway" to version "9 - immutable observations quality archive fence"
10:53:39.826 [main] INFO org.flywaydb.core.internal.command.DbMigrate -- Migrating schema "flyway" to version "10 - consistent public queries and formula guards"
10:53:39.857 [main] INFO org.flywaydb.core.internal.command.DbMigrate -- Migrating schema "flyway" to version "11 - bridge identity lineage and reconciliation"
10:53:39.881 [main] INFO org.flywaydb.core.internal.command.DbMigrate -- Migrating schema "flyway" to version "12 - detail history projection"
10:53:39.902 [main] INFO org.flywaydb.core.internal.command.DbMigrate -- Migrating schema "flyway" to version "13 - immutable account identity history"
10:53:39.912 [main] INFO org.flywaydb.core.internal.command.DbMigrate -- Migrating schema "flyway" to version "14 - public archived publication text"
10:53:39.935 [main] INFO org.flywaydb.core.internal.command.DbMigrate -- Migrating schema "flyway" to version "15 - verified source preservation"
10:53:39.956 [main] INFO org.flywaydb.core.internal.command.DbMigrate -- Migrating schema "flyway" to version "16 - audited catalog commands"
10:53:39.998 [main] INFO org.flywaydb.core.internal.command.DbMigrate -- Migrating schema "flyway" to version "17 - legacy csv compatibility projection"
10:53:40.041 [main] INFO org.flywaydb.core.internal.command.DbMigrate -- Migrating schema "flyway" to version "18 - official rating commands"
10:53:40.076 [main] INFO org.flywaydb.core.internal.command.DbMigrate -- Migrating schema "flyway" to version "19 - safe health operational snapshot"
10:53:40.090 [main] INFO org.flywaydb.core.internal.command.DbMigrate -- Migrating schema "flyway" to version "20 - catalog url and version compatibility"
10:53:40.111 [main] INFO org.flywaydb.core.internal.command.DbMigrate -- Migrating schema "flyway" to version "21 - legacy period first observation policy"
10:53:40.146 [main] INFO org.flywaydb.core.internal.command.DbMigrate -- Migrating schema "flyway" to version "22 - durable legacy csv archive facts"
10:53:40.197 [main] INFO org.flywaydb.core.internal.command.DbMigrate -- Migrating schema "flyway" to version "23 - official rating entity context"
10:53:40.223 [main] INFO org.flywaydb.core.internal.command.DbMigrate -- Migrating schema "flyway" to version "24 - ordered history reaction details"
10:53:40.245 [main] INFO org.flywaydb.core.internal.command.DbMigrate -- Migrating schema "flyway" to version "25 - safe legacy account presentation"
10:53:40.258 [main] INFO org.flywaydb.core.internal.command.DbMigrate -- Migrating schema "flyway" to version "26 - independent projection verifier reads"
10:53:40.269 [main] INFO org.flywaydb.core.internal.command.DbMigrate -- Migrating schema "flyway" to version "27 - retained disabled platform period metrics"
10:53:40.282 [main] INFO org.flywaydb.core.internal.command.DbMigrate -- Successfully applied 27 migrations to schema "flyway", now at version v27 (execution time 00:00.686s)
10:53:43.425 [main] INFO org.flywaydb.core.FlywayExecutor -- Database: jdbc:postgresql://127.0.0.1:64390/mranked_period_b8029220fd77429592b29f7d8835771e_it (PostgreSQL 18.6)
10:53:43.433 [main] INFO org.flywaydb.core.internal.database.base.Schema -- Creating schema "flyway" ...
10:53:43.436 [main] INFO org.flywaydb.core.internal.schemahistory.JdbcTableSchemaHistory -- Creating Schema History table "flyway"."flyway_schema_history" ...
10:53:43.457 [main] INFO org.flywaydb.core.internal.command.DbMigrate -- Current version of schema "flyway": null
10:53:43.468 [main] INFO org.flywaydb.core.internal.command.DbMigrate -- Migrating schema "flyway" to version "1 - target baseline"
10:53:43.666 [main] INFO org.flywaydb.core.internal.sqlscript.DefaultSqlScriptExecutor -- +--------------------------------------------+
| ensure_publication_metric_partition        |
+--------------------------------------------+
| ingest.publication_metric_snapshot_2026_06 |
| ingest.publication_metric_snapshot_2026_07 |
| ingest.publication_metric_snapshot_2026_08 |
| ingest.publication_metric_snapshot_2026_09 |
| ingest.publication_metric_snapshot_2026_10 |
| ingest.publication_metric_snapshot_2026_11 |
+--------------------------------------------+

10:53:43.710 [main] INFO org.flywaydb.core.internal.command.DbMigrate -- Migrating schema "flyway" to version "2 - rebuild core projections"
10:53:43.730 [main] INFO org.flywaydb.core.internal.command.DbMigrate -- Migrating schema "flyway" to version "3 - collector observation times and identity grants"
10:53:43.757 [main] INFO org.flywaydb.core.internal.command.DbMigrate -- Migrating schema "flyway" to version "4 - admin collection run status grants"
10:53:43.768 [main] INFO org.flywaydb.core.internal.command.DbMigrate -- Migrating schema "flyway" to version "5 - legacy activity period projection"
10:53:43.785 [main] INFO org.flywaydb.core.internal.command.DbMigrate -- Migrating schema "flyway" to version "6 - comparison valid observation hourly projection"
10:53:43.802 [main] INFO org.flywaydb.core.internal.command.DbMigrate -- Migrating schema "flyway" to version "7 - activity rating read grants"
10:53:43.817 [main] INFO org.flywaydb.core.internal.command.DbMigrate -- Migrating schema "flyway" to version "8 - legacy overview projection"
10:53:43.865 [main] INFO org.flywaydb.core.internal.command.DbMigrate -- Migrating schema "flyway" to version "9 - immutable observations quality archive fence"
10:53:43.951 [main] INFO org.flywaydb.core.internal.command.DbMigrate -- Migrating schema "flyway" to version "10 - consistent public queries and formula guards"
10:53:43.976 [main] INFO org.flywaydb.core.internal.command.DbMigrate -- Migrating schema "flyway" to version "11 - bridge identity lineage and reconciliation"
10:53:43.996 [main] INFO org.flywaydb.core.internal.command.DbMigrate -- Migrating schema "flyway" to version "12 - detail history projection"
10:53:44.013 [main] INFO org.flywaydb.core.internal.command.DbMigrate -- Migrating schema "flyway" to version "13 - immutable account identity history"
10:53:44.023 [main] INFO org.flywaydb.core.internal.command.DbMigrate -- Migrating schema "flyway" to version "14 - public archived publication text"
10:53:44.037 [main] INFO org.flywaydb.core.internal.command.DbMigrate -- Migrating schema "flyway" to version "15 - verified source preservation"
10:53:44.055 [main] INFO org.flywaydb.core.internal.command.DbMigrate -- Migrating schema "flyway" to version "16 - audited catalog commands"
10:53:44.089 [main] INFO org.flywaydb.core.internal.command.DbMigrate -- Migrating schema "flyway" to version "17 - legacy csv compatibility projection"
10:53:44.119 [main] INFO org.flywaydb.core.internal.command.DbMigrate -- Migrating schema "flyway" to version "18 - official rating commands"
10:53:44.145 [main] INFO org.flywaydb.core.internal.command.DbMigrate -- Migrating schema "flyway" to version "19 - safe health operational snapshot"
10:53:44.161 [main] INFO org.flywaydb.core.internal.command.DbMigrate -- Migrating schema "flyway" to version "20 - catalog url and version compatibility"
10:53:44.176 [main] INFO org.flywaydb.core.internal.command.DbMigrate -- Successfully applied 20 migrations to schema "flyway", now at version v20 (execution time 00:00.517s)
10:53:46.080 [main] INFO org.flywaydb.core.FlywayExecutor -- Database: jdbc:postgresql://127.0.0.1:64390/mranked_period_b8029220fd77429592b29f7d8835771e_it (PostgreSQL 18.6)
10:53:46.091 [main] INFO org.flywaydb.core.internal.command.DbValidate -- Successfully validated 28 migrations (execution time 00:00.004s)
10:53:46.104 [main] INFO org.flywaydb.core.internal.command.DbMigrate -- Current version of schema "flyway": 20
10:53:46.107 [main] INFO org.flywaydb.core.internal.command.DbMigrate -- Migrating schema "flyway" to version "21 - legacy period first observation policy"
10:53:46.327 [main] INFO org.flywaydb.core.internal.sqlscript.DefaultSqlScriptExecutor -- DB: schema "pg_temp" does not exist, skipping
10:53:46.327 [main] INFO org.flywaydb.core.internal.sqlscript.DefaultSqlScriptExecutor -- DB: table "mranked_csv_lexeme" does not exist, skipping
10:53:46.327 [main] INFO org.flywaydb.core.internal.sqlscript.DefaultSqlScriptExecutor -- DB: table "mranked_csv_publication" does not exist, skipping
10:53:46.327 [main] INFO org.flywaydb.core.internal.sqlscript.DefaultSqlScriptExecutor -- DB: table "mranked_csv_snapshot" does not exist, skipping
10:53:46.355 [main] INFO org.flywaydb.core.internal.command.DbMigrate -- Migrating schema "flyway" to version "22 - durable legacy csv archive facts"
10:53:46.391 [main] INFO org.flywaydb.core.internal.sqlscript.DefaultSqlScriptExecutor -- DB: table "mranked_csv_lexeme" does not exist, skipping
10:53:46.391 [main] INFO org.flywaydb.core.internal.sqlscript.DefaultSqlScriptExecutor -- DB: table "mranked_csv_publication" does not exist, skipping
10:53:46.391 [main] INFO org.flywaydb.core.internal.sqlscript.DefaultSqlScriptExecutor -- DB: table "mranked_csv_snapshot" does not exist, skipping
10:53:46.413 [main] INFO org.flywaydb.core.internal.command.DbMigrate -- Migrating schema "flyway" to version "23 - official rating entity context"
10:53:46.620 [main] INFO org.flywaydb.core.internal.sqlscript.DefaultSqlScriptExecutor -- DB: table "mranked_projection_snapshot" does not exist, skipping
10:53:46.620 [main] INFO org.flywaydb.core.internal.sqlscript.DefaultSqlScriptExecutor -- DB: table "mranked_csv_lexeme" does not exist, skipping
10:53:46.620 [main] INFO org.flywaydb.core.internal.sqlscript.DefaultSqlScriptExecutor -- DB: table "mranked_csv_publication" does not exist, skipping
10:53:46.620 [main] INFO org.flywaydb.core.internal.sqlscript.DefaultSqlScriptExecutor -- DB: table "mranked_csv_snapshot" does not exist, skipping
10:53:46.639 [main] INFO org.flywaydb.core.internal.command.DbMigrate -- Migrating schema "flyway" to version "24 - ordered history reaction details"
10:53:46.660 [main] INFO org.flywaydb.core.internal.command.DbMigrate -- Migrating schema "flyway" to version "25 - safe legacy account presentation"
10:53:46.674 [main] INFO org.flywaydb.core.internal.command.DbMigrate -- Migrating schema "flyway" to version "26 - independent projection verifier reads"
10:53:46.688 [main] INFO org.flywaydb.core.internal.command.DbMigrate -- Migrating schema "flyway" to version "27 - retained disabled platform period metrics"
10:53:46.889 [main] INFO org.flywaydb.core.internal.sqlscript.DefaultSqlScriptExecutor -- DB: table "mranked_projection_snapshot" does not exist, skipping
10:53:46.889 [main] INFO org.flywaydb.core.internal.sqlscript.DefaultSqlScriptExecutor -- DB: table "mranked_csv_lexeme" does not exist, skipping
10:53:46.889 [main] INFO org.flywaydb.core.internal.sqlscript.DefaultSqlScriptExecutor -- DB: table "mranked_csv_publication" does not exist, skipping
10:53:46.889 [main] INFO org.flywaydb.core.internal.sqlscript.DefaultSqlScriptExecutor -- DB: table "mranked_csv_snapshot" does not exist, skipping
10:53:46.908 [main] INFO org.flywaydb.core.internal.command.DbMigrate -- Successfully applied 7 migrations to schema "flyway", now at version v27 (execution time 00:00.703s)
[INFO] Tests run: 2, Failures: 0, Errors: 0, Skipped: 0, Time elapsed: 8.896 s -- in org.mranked.query.infrastructure.LegacyPeriodOraclePostgresIntegrationTest
[INFO] Running org.mranked.query.infrastructure.LegacyGoldenProjectionIntegrationTest
10:53:48.092 [main] INFO org.flywaydb.core.FlywayExecutor -- Database: jdbc:postgresql://127.0.0.1:64390/golden_it (PostgreSQL 18.6)
10:53:48.102 [main] INFO org.flywaydb.core.internal.database.base.Schema -- Creating schema "flyway" ...
10:53:48.105 [main] INFO org.flywaydb.core.internal.schemahistory.JdbcTableSchemaHistory -- Creating Schema History table "flyway"."flyway_schema_history" ...
10:53:48.128 [main] INFO org.flywaydb.core.internal.command.DbMigrate -- Current version of schema "flyway": null
10:53:48.139 [main] INFO org.flywaydb.core.internal.command.DbMigrate -- Migrating schema "flyway" to version "1 - target baseline"
10:53:48.331 [main] INFO org.flywaydb.core.internal.sqlscript.DefaultSqlScriptExecutor -- +--------------------------------------------+
| ensure_publication_metric_partition        |
+--------------------------------------------+
| ingest.publication_metric_snapshot_2026_06 |
| ingest.publication_metric_snapshot_2026_07 |
| ingest.publication_metric_snapshot_2026_08 |
| ingest.publication_metric_snapshot_2026_09 |
| ingest.publication_metric_snapshot_2026_10 |
| ingest.publication_metric_snapshot_2026_11 |
+--------------------------------------------+

10:53:48.379 [main] INFO org.flywaydb.core.internal.command.DbMigrate -- Migrating schema "flyway" to version "2 - rebuild core projections"
10:53:48.397 [main] INFO org.flywaydb.core.internal.command.DbMigrate -- Migrating schema "flyway" to version "3 - collector observation times and identity grants"
10:53:48.422 [main] INFO org.flywaydb.core.internal.command.DbMigrate -- Migrating schema "flyway" to version "4 - admin collection run status grants"
10:53:48.432 [main] INFO org.flywaydb.core.internal.command.DbMigrate -- Migrating schema "flyway" to version "5 - legacy activity period projection"
10:53:48.446 [main] INFO org.flywaydb.core.internal.command.DbMigrate -- Migrating schema "flyway" to version "6 - comparison valid observation hourly projection"
10:53:48.463 [main] INFO org.flywaydb.core.internal.command.DbMigrate -- Migrating schema "flyway" to version "7 - activity rating read grants"
10:53:48.477 [main] INFO org.flywaydb.core.internal.command.DbMigrate -- Migrating schema "flyway" to version "8 - legacy overview projection"
10:53:48.519 [main] INFO org.flywaydb.core.internal.command.DbMigrate -- Migrating schema "flyway" to version "9 - immutable observations quality archive fence"
10:53:48.599 [main] INFO org.flywaydb.core.internal.command.DbMigrate -- Migrating schema "flyway" to version "10 - consistent public queries and formula guards"
10:53:48.625 [main] INFO org.flywaydb.core.internal.command.DbMigrate -- Migrating schema "flyway" to version "11 - bridge identity lineage and reconciliation"
10:53:48.646 [main] INFO org.flywaydb.core.internal.command.DbMigrate -- Migrating schema "flyway" to version "12 - detail history projection"
10:53:48.661 [main] INFO org.flywaydb.core.internal.command.DbMigrate -- Migrating schema "flyway" to version "13 - immutable account identity history"
10:53:48.671 [main] INFO org.flywaydb.core.internal.command.DbMigrate -- Migrating schema "flyway" to version "14 - public archived publication text"
10:53:48.686 [main] INFO org.flywaydb.core.internal.command.DbMigrate -- Migrating schema "flyway" to version "15 - verified source preservation"
10:53:48.702 [main] INFO org.flywaydb.core.internal.command.DbMigrate -- Migrating schema "flyway" to version "16 - audited catalog commands"
10:53:48.736 [main] INFO org.flywaydb.core.internal.command.DbMigrate -- Migrating schema "flyway" to version "17 - legacy csv compatibility projection"
10:53:48.772 [main] INFO org.flywaydb.core.internal.command.DbMigrate -- Migrating schema "flyway" to version "18 - official rating commands"
10:53:48.802 [main] INFO org.flywaydb.core.internal.command.DbMigrate -- Migrating schema "flyway" to version "19 - safe health operational snapshot"
10:53:48.814 [main] INFO org.flywaydb.core.internal.command.DbMigrate -- Migrating schema "flyway" to version "20 - catalog url and version compatibility"
10:53:48.830 [main] INFO org.flywaydb.core.internal.command.DbMigrate -- Migrating schema "flyway" to version "21 - legacy period first observation policy"
10:53:48.867 [main] INFO org.flywaydb.core.internal.command.DbMigrate -- Migrating schema "flyway" to version "22 - durable legacy csv archive facts"
10:53:48.900 [main] INFO org.flywaydb.core.internal.command.DbMigrate -- Migrating schema "flyway" to version "23 - official rating entity context"
10:53:48.919 [main] INFO org.flywaydb.core.internal.command.DbMigrate -- Migrating schema "flyway" to version "24 - ordered history reaction details"
10:53:48.940 [main] INFO org.flywaydb.core.internal.command.DbMigrate -- Migrating schema "flyway" to version "25 - safe legacy account presentation"
10:53:48.959 [main] INFO org.flywaydb.core.internal.command.DbMigrate -- Migrating schema "flyway" to version "26 - independent projection verifier reads"
10:53:48.973 [main] INFO org.flywaydb.core.internal.command.DbMigrate -- Migrating schema "flyway" to version "27 - retained disabled platform period metrics"
10:53:48.982 [main] INFO org.flywaydb.core.internal.command.DbMigrate -- Successfully applied 27 migrations to schema "flyway", now at version v27 (execution time 00:00.577s)
[INFO] Tests run: 2, Failures: 0, Errors: 0, Skipped: 0, Time elapsed: 1.297 s -- in org.mranked.query.infrastructure.LegacyGoldenProjectionIntegrationTest
[INFO] Running org.mranked.query.infrastructure.ActivityRatingGrantMigrationTest
[INFO] Tests run: 1, Failures: 0, Errors: 0, Skipped: 0, Time elapsed: 0.002 s -- in org.mranked.query.infrastructure.ActivityRatingGrantMigrationTest
[INFO] Running org.mranked.query.domain.OverviewQueryTest
[INFO] Tests run: 3, Failures: 0, Errors: 0, Skipped: 0, Time elapsed: 0.003 s -- in org.mranked.query.domain.OverviewQueryTest
[INFO] Running org.mranked.query.domain.ComparisonSeriesTest
[INFO] Tests run: 2, Failures: 0, Errors: 0, Skipped: 0, Time elapsed: 0.002 s -- in org.mranked.query.domain.ComparisonSeriesTest
[INFO] Running org.mranked.query.domain.ComparisonSelectionTest
[INFO] Tests run: 3, Failures: 0, Errors: 0, Skipped: 0, Time elapsed: 0.002 s -- in org.mranked.query.domain.ComparisonSelectionTest
[INFO] Running org.mranked.query.domain.ActivityRatingQueryTest
[INFO] Tests run: 3, Failures: 0, Errors: 0, Skipped: 0, Time elapsed: 0.001 s -- in org.mranked.query.domain.ActivityRatingQueryTest
[INFO] Running org.mranked.legacyexport.application.LegacyCsvServiceTest
[INFO] Tests run: 4, Failures: 0, Errors: 0, Skipped: 0, Time elapsed: 2.252 s -- in org.mranked.legacyexport.application.LegacyCsvServiceTest
[INFO] Running org.mranked.legacyexport.infrastructure.LegacyCsvPostgresIntegrationTest
10:53:51.693 [main] INFO org.flywaydb.core.FlywayExecutor -- Database: jdbc:postgresql://127.0.0.1:64390/mranked_csv_31dc47ae2231491b931531791b149db1_it (PostgreSQL 18.6)
10:53:51.702 [main] INFO org.flywaydb.core.internal.database.base.Schema -- Creating schema "flyway" ...
10:53:51.706 [main] INFO org.flywaydb.core.internal.schemahistory.JdbcTableSchemaHistory -- Creating Schema History table "flyway"."flyway_schema_history" ...
10:53:51.727 [main] INFO org.flywaydb.core.internal.command.DbMigrate -- Current version of schema "flyway": null
10:53:51.738 [main] INFO org.flywaydb.core.internal.command.DbMigrate -- Migrating schema "flyway" to version "1 - target baseline"
10:53:51.934 [main] INFO org.flywaydb.core.internal.sqlscript.DefaultSqlScriptExecutor -- +--------------------------------------------+
| ensure_publication_metric_partition        |
+--------------------------------------------+
| ingest.publication_metric_snapshot_2026_06 |
| ingest.publication_metric_snapshot_2026_07 |
| ingest.publication_metric_snapshot_2026_08 |
| ingest.publication_metric_snapshot_2026_09 |
| ingest.publication_metric_snapshot_2026_10 |
| ingest.publication_metric_snapshot_2026_11 |
+--------------------------------------------+

10:53:51.974 [main] INFO org.flywaydb.core.internal.command.DbMigrate -- Migrating schema "flyway" to version "2 - rebuild core projections"
10:53:51.995 [main] INFO org.flywaydb.core.internal.command.DbMigrate -- Migrating schema "flyway" to version "3 - collector observation times and identity grants"
10:53:52.021 [main] INFO org.flywaydb.core.internal.command.DbMigrate -- Migrating schema "flyway" to version "4 - admin collection run status grants"
10:53:52.033 [main] INFO org.flywaydb.core.internal.command.DbMigrate -- Migrating schema "flyway" to version "5 - legacy activity period projection"
10:53:52.049 [main] INFO org.flywaydb.core.internal.command.DbMigrate -- Migrating schema "flyway" to version "6 - comparison valid observation hourly projection"
10:53:52.068 [main] INFO org.flywaydb.core.internal.command.DbMigrate -- Migrating schema "flyway" to version "7 - activity rating read grants"
10:53:52.083 [main] INFO org.flywaydb.core.internal.command.DbMigrate -- Migrating schema "flyway" to version "8 - legacy overview projection"
10:53:52.132 [main] INFO org.flywaydb.core.internal.command.DbMigrate -- Migrating schema "flyway" to version "9 - immutable observations quality archive fence"
10:53:52.224 [main] INFO org.flywaydb.core.internal.command.DbMigrate -- Migrating schema "flyway" to version "10 - consistent public queries and formula guards"
10:53:52.250 [main] INFO org.flywaydb.core.internal.command.DbMigrate -- Migrating schema "flyway" to version "11 - bridge identity lineage and reconciliation"
10:53:52.272 [main] INFO org.flywaydb.core.internal.command.DbMigrate -- Migrating schema "flyway" to version "12 - detail history projection"
10:53:52.287 [main] INFO org.flywaydb.core.internal.command.DbMigrate -- Migrating schema "flyway" to version "13 - immutable account identity history"
10:53:52.302 [main] INFO org.flywaydb.core.internal.command.DbMigrate -- Migrating schema "flyway" to version "14 - public archived publication text"
10:53:52.317 [main] INFO org.flywaydb.core.internal.command.DbMigrate -- Migrating schema "flyway" to version "15 - verified source preservation"
10:53:52.333 [main] INFO org.flywaydb.core.internal.command.DbMigrate -- Migrating schema "flyway" to version "16 - audited catalog commands"
10:53:52.365 [main] INFO org.flywaydb.core.internal.command.DbMigrate -- Migrating schema "flyway" to version "17 - legacy csv compatibility projection"
10:53:52.396 [main] INFO org.flywaydb.core.internal.command.DbMigrate -- Migrating schema "flyway" to version "18 - official rating commands"
10:53:52.424 [main] INFO org.flywaydb.core.internal.command.DbMigrate -- Migrating schema "flyway" to version "19 - safe health operational snapshot"
10:53:52.436 [main] INFO org.flywaydb.core.internal.command.DbMigrate -- Migrating schema "flyway" to version "20 - catalog url and version compatibility"
10:53:52.454 [main] INFO org.flywaydb.core.internal.command.DbMigrate -- Migrating schema "flyway" to version "21 - legacy period first observation policy"
10:53:52.479 [main] INFO org.flywaydb.core.internal.command.DbMigrate -- Migrating schema "flyway" to version "22 - durable legacy csv archive facts"
10:53:52.514 [main] INFO org.flywaydb.core.internal.command.DbMigrate -- Migrating schema "flyway" to version "23 - official rating entity context"
10:53:52.532 [main] INFO org.flywaydb.core.internal.command.DbMigrate -- Migrating schema "flyway" to version "24 - ordered history reaction details"
10:53:52.551 [main] INFO org.flywaydb.core.internal.command.DbMigrate -- Migrating schema "flyway" to version "25 - safe legacy account presentation"
10:53:52.562 [main] INFO org.flywaydb.core.internal.command.DbMigrate -- Migrating schema "flyway" to version "26 - independent projection verifier reads"
10:53:52.570 [main] INFO org.flywaydb.core.internal.command.DbMigrate -- Migrating schema "flyway" to version "27 - retained disabled platform period metrics"
10:53:52.581 [main] INFO org.flywaydb.core.internal.command.DbMigrate -- Successfully applied 27 migrations to schema "flyway", now at version v27 (execution time 00:00.603s)
10:53:54.384 [main] INFO org.springframework.mock.web.MockServletContext -- Initializing Spring TestDispatcherServlet ''
10:53:54.384 [main] INFO org.springframework.test.web.servlet.TestDispatcherServlet -- Initializing Servlet ''
10:53:54.384 [main] INFO org.springframework.test.web.servlet.TestDispatcherServlet -- Completed initialization in 0 ms
10:53:57.211 [main] INFO org.springframework.mock.web.MockServletContext -- Initializing Spring TestDispatcherServlet ''
10:53:57.211 [main] INFO org.springframework.test.web.servlet.TestDispatcherServlet -- Initializing Servlet ''
10:53:57.211 [main] INFO org.springframework.test.web.servlet.TestDispatcherServlet -- Completed initialization in 0 ms
[INFO] Tests run: 1, Failures: 0, Errors: 0, Skipped: 0, Time elapsed: 6.070 s -- in org.mranked.legacyexport.infrastructure.LegacyCsvPostgresIntegrationTest
[INFO] Running org.mranked.legacyexport.infrastructure.LegacyCsvArchivePostgresIntegrationTest
10:53:57.753 [main] INFO org.flywaydb.core.FlywayExecutor -- Database: jdbc:postgresql://127.0.0.1:64390/mranked_csv_archive_58bf47da6ea94ad19c2023dc9824561f_it (PostgreSQL 18.6)
10:53:57.765 [main] INFO org.flywaydb.core.internal.database.base.Schema -- Creating schema "flyway" ...
10:53:57.767 [main] INFO org.flywaydb.core.internal.schemahistory.JdbcTableSchemaHistory -- Creating Schema History table "flyway"."flyway_schema_history" ...
10:53:57.790 [main] INFO org.flywaydb.core.internal.command.DbMigrate -- Current version of schema "flyway": null
10:53:57.800 [main] INFO org.flywaydb.core.internal.command.DbMigrate -- Migrating schema "flyway" to version "1 - target baseline"
10:53:57.983 [main] INFO org.flywaydb.core.internal.sqlscript.DefaultSqlScriptExecutor -- +--------------------------------------------+
| ensure_publication_metric_partition        |
+--------------------------------------------+
| ingest.publication_metric_snapshot_2026_06 |
| ingest.publication_metric_snapshot_2026_07 |
| ingest.publication_metric_snapshot_2026_08 |
| ingest.publication_metric_snapshot_2026_09 |
| ingest.publication_metric_snapshot_2026_10 |
| ingest.publication_metric_snapshot_2026_11 |
+--------------------------------------------+

10:53:58.046 [main] INFO org.flywaydb.core.internal.command.DbMigrate -- Migrating schema "flyway" to version "2 - rebuild core projections"
10:53:58.064 [main] INFO org.flywaydb.core.internal.command.DbMigrate -- Migrating schema "flyway" to version "3 - collector observation times and identity grants"
10:53:58.103 [main] INFO org.flywaydb.core.internal.command.DbMigrate -- Migrating schema "flyway" to version "4 - admin collection run status grants"
10:53:58.119 [main] INFO org.flywaydb.core.internal.command.DbMigrate -- Migrating schema "flyway" to version "5 - legacy activity period projection"
10:53:58.138 [main] INFO org.flywaydb.core.internal.command.DbMigrate -- Migrating schema "flyway" to version "6 - comparison valid observation hourly projection"
10:53:58.162 [main] INFO org.flywaydb.core.internal.command.DbMigrate -- Migrating schema "flyway" to version "7 - activity rating read grants"
10:53:58.175 [main] INFO org.flywaydb.core.internal.command.DbMigrate -- Migrating schema "flyway" to version "8 - legacy overview projection"
10:53:58.218 [main] INFO org.flywaydb.core.internal.command.DbMigrate -- Migrating schema "flyway" to version "9 - immutable observations quality archive fence"
10:53:58.290 [main] INFO org.flywaydb.core.internal.command.DbMigrate -- Migrating schema "flyway" to version "10 - consistent public queries and formula guards"
10:53:58.328 [main] INFO org.flywaydb.core.internal.command.DbMigrate -- Migrating schema "flyway" to version "11 - bridge identity lineage and reconciliation"
10:53:58.349 [main] INFO org.flywaydb.core.internal.command.DbMigrate -- Migrating schema "flyway" to version "12 - detail history projection"
10:53:58.371 [main] INFO org.flywaydb.core.internal.command.DbMigrate -- Migrating schema "flyway" to version "13 - immutable account identity history"
10:53:58.387 [main] INFO org.flywaydb.core.internal.command.DbMigrate -- Migrating schema "flyway" to version "14 - public archived publication text"
10:53:58.409 [main] INFO org.flywaydb.core.internal.command.DbMigrate -- Migrating schema "flyway" to version "15 - verified source preservation"
10:53:58.436 [main] INFO org.flywaydb.core.internal.command.DbMigrate -- Migrating schema "flyway" to version "16 - audited catalog commands"
10:53:58.477 [main] INFO org.flywaydb.core.internal.command.DbMigrate -- Migrating schema "flyway" to version "17 - legacy csv compatibility projection"
10:53:58.509 [main] INFO org.flywaydb.core.internal.command.DbMigrate -- Migrating schema "flyway" to version "18 - official rating commands"
10:53:58.531 [main] INFO org.flywaydb.core.internal.command.DbMigrate -- Migrating schema "flyway" to version "19 - safe health operational snapshot"
10:53:58.542 [main] INFO org.flywaydb.core.internal.command.DbMigrate -- Migrating schema "flyway" to version "20 - catalog url and version compatibility"
10:53:58.557 [main] INFO org.flywaydb.core.internal.command.DbMigrate -- Migrating schema "flyway" to version "21 - legacy period first observation policy"
10:53:58.585 [main] INFO org.flywaydb.core.internal.command.DbMigrate -- Migrating schema "flyway" to version "22 - durable legacy csv archive facts"
10:53:58.626 [main] INFO org.flywaydb.core.internal.command.DbMigrate -- Migrating schema "flyway" to version "23 - official rating entity context"
10:53:58.641 [main] INFO org.flywaydb.core.internal.command.DbMigrate -- Migrating schema "flyway" to version "24 - ordered history reaction details"
10:53:58.660 [main] INFO org.flywaydb.core.internal.command.DbMigrate -- Migrating schema "flyway" to version "25 - safe legacy account presentation"
10:53:58.676 [main] INFO org.flywaydb.core.internal.command.DbMigrate -- Migrating schema "flyway" to version "26 - independent projection verifier reads"
10:53:58.686 [main] INFO org.flywaydb.core.internal.command.DbMigrate -- Migrating schema "flyway" to version "27 - retained disabled platform period metrics"
10:53:58.700 [main] INFO org.flywaydb.core.internal.command.DbMigrate -- Successfully applied 27 migrations to schema "flyway", now at version v27 (execution time 00:00.611s)
10:54:01.384 [main] INFO org.springframework.mock.web.MockServletContext -- Initializing Spring TestDispatcherServlet ''
10:54:01.384 [main] INFO org.springframework.test.web.servlet.TestDispatcherServlet -- Initializing Servlet ''
10:54:01.384 [main] INFO org.springframework.test.web.servlet.TestDispatcherServlet -- Completed initialization in 0 ms
10:54:02.099 [main] INFO org.springframework.mock.web.MockServletContext -- Initializing Spring TestDispatcherServlet ''
10:54:02.099 [main] INFO org.springframework.test.web.servlet.TestDispatcherServlet -- Initializing Servlet ''
10:54:02.099 [main] INFO org.springframework.test.web.servlet.TestDispatcherServlet -- Completed initialization in 0 ms
10:54:02.363 [main] INFO org.flywaydb.core.FlywayExecutor -- Database: jdbc:postgresql://127.0.0.1:64390/mranked_csv_archive_34f80eba6caa407fb2a564f67aaa9918_it (PostgreSQL 18.6)
10:54:02.372 [main] INFO org.flywaydb.core.internal.database.base.Schema -- Creating schema "flyway" ...
10:54:02.374 [main] INFO org.flywaydb.core.internal.schemahistory.JdbcTableSchemaHistory -- Creating Schema History table "flyway"."flyway_schema_history" ...
10:54:02.394 [main] INFO org.flywaydb.core.internal.command.DbMigrate -- Current version of schema "flyway": null
10:54:02.405 [main] INFO org.flywaydb.core.internal.command.DbMigrate -- Migrating schema "flyway" to version "1 - target baseline"
10:54:02.596 [main] INFO org.flywaydb.core.internal.sqlscript.DefaultSqlScriptExecutor -- +--------------------------------------------+
| ensure_publication_metric_partition        |
+--------------------------------------------+
| ingest.publication_metric_snapshot_2026_06 |
| ingest.publication_metric_snapshot_2026_07 |
| ingest.publication_metric_snapshot_2026_08 |
| ingest.publication_metric_snapshot_2026_09 |
| ingest.publication_metric_snapshot_2026_10 |
| ingest.publication_metric_snapshot_2026_11 |
+--------------------------------------------+

10:54:02.647 [main] INFO org.flywaydb.core.internal.command.DbMigrate -- Migrating schema "flyway" to version "2 - rebuild core projections"
10:54:02.676 [main] INFO org.flywaydb.core.internal.command.DbMigrate -- Migrating schema "flyway" to version "3 - collector observation times and identity grants"
10:54:02.701 [main] INFO org.flywaydb.core.internal.command.DbMigrate -- Migrating schema "flyway" to version "4 - admin collection run status grants"
10:54:02.711 [main] INFO org.flywaydb.core.internal.command.DbMigrate -- Migrating schema "flyway" to version "5 - legacy activity period projection"
10:54:02.725 [main] INFO org.flywaydb.core.internal.command.DbMigrate -- Migrating schema "flyway" to version "6 - comparison valid observation hourly projection"
10:54:02.744 [main] INFO org.flywaydb.core.internal.command.DbMigrate -- Migrating schema "flyway" to version "7 - activity rating read grants"
10:54:02.759 [main] INFO org.flywaydb.core.internal.command.DbMigrate -- Migrating schema "flyway" to version "8 - legacy overview projection"
10:54:02.802 [main] INFO org.flywaydb.core.internal.command.DbMigrate -- Migrating schema "flyway" to version "9 - immutable observations quality archive fence"
10:54:02.876 [main] INFO org.flywaydb.core.internal.command.DbMigrate -- Migrating schema "flyway" to version "10 - consistent public queries and formula guards"
10:54:02.901 [main] INFO org.flywaydb.core.internal.command.DbMigrate -- Migrating schema "flyway" to version "11 - bridge identity lineage and reconciliation"
10:54:02.920 [main] INFO org.flywaydb.core.internal.command.DbMigrate -- Migrating schema "flyway" to version "12 - detail history projection"
10:54:02.937 [main] INFO org.flywaydb.core.internal.command.DbMigrate -- Migrating schema "flyway" to version "13 - immutable account identity history"
10:54:02.946 [main] INFO org.flywaydb.core.internal.command.DbMigrate -- Migrating schema "flyway" to version "14 - public archived publication text"
10:54:02.959 [main] INFO org.flywaydb.core.internal.command.DbMigrate -- Migrating schema "flyway" to version "15 - verified source preservation"
10:54:02.977 [main] INFO org.flywaydb.core.internal.command.DbMigrate -- Migrating schema "flyway" to version "16 - audited catalog commands"
10:54:03.011 [main] INFO org.flywaydb.core.internal.command.DbMigrate -- Migrating schema "flyway" to version "17 - legacy csv compatibility projection"
10:54:03.040 [main] INFO org.flywaydb.core.internal.command.DbMigrate -- Migrating schema "flyway" to version "18 - official rating commands"
10:54:03.065 [main] INFO org.flywaydb.core.internal.command.DbMigrate -- Migrating schema "flyway" to version "19 - safe health operational snapshot"
10:54:03.078 [main] INFO org.flywaydb.core.internal.command.DbMigrate -- Migrating schema "flyway" to version "20 - catalog url and version compatibility"
10:54:03.096 [main] INFO org.flywaydb.core.internal.command.DbMigrate -- Migrating schema "flyway" to version "21 - legacy period first observation policy"
10:54:03.127 [main] INFO org.flywaydb.core.internal.command.DbMigrate -- Migrating schema "flyway" to version "22 - durable legacy csv archive facts"
10:54:03.166 [main] INFO org.flywaydb.core.internal.command.DbMigrate -- Migrating schema "flyway" to version "23 - official rating entity context"
10:54:03.185 [main] INFO org.flywaydb.core.internal.command.DbMigrate -- Migrating schema "flyway" to version "24 - ordered history reaction details"
10:54:03.205 [main] INFO org.flywaydb.core.internal.command.DbMigrate -- Migrating schema "flyway" to version "25 - safe legacy account presentation"
10:54:03.215 [main] INFO org.flywaydb.core.internal.command.DbMigrate -- Migrating schema "flyway" to version "26 - independent projection verifier reads"
10:54:03.227 [main] INFO org.flywaydb.core.internal.command.DbMigrate -- Migrating schema "flyway" to version "27 - retained disabled platform period metrics"
10:54:03.236 [main] INFO org.flywaydb.core.internal.command.DbMigrate -- Successfully applied 27 migrations to schema "flyway", now at version v27 (execution time 00:00.559s)
10:54:08.342 [main] INFO org.springframework.mock.web.MockServletContext -- Initializing Spring TestDispatcherServlet ''
10:54:08.342 [main] INFO org.springframework.test.web.servlet.TestDispatcherServlet -- Initializing Servlet ''
10:54:08.342 [main] INFO org.springframework.test.web.servlet.TestDispatcherServlet -- Completed initialization in 0 ms
10:54:08.940 [main] INFO org.springframework.mock.web.MockServletContext -- Initializing Spring TestDispatcherServlet ''
10:54:08.940 [main] INFO org.springframework.test.web.servlet.TestDispatcherServlet -- Initializing Servlet ''
10:54:08.940 [main] INFO org.springframework.test.web.servlet.TestDispatcherServlet -- Completed initialization in 0 ms
10:54:09.149 [main] INFO org.flywaydb.core.FlywayExecutor -- Database: jdbc:postgresql://127.0.0.1:64390/mranked_csv_archive_562c6f5e3f7a4c1db99571fee0e22ffd_it (PostgreSQL 18.6)
10:54:09.159 [main] INFO org.flywaydb.core.internal.database.base.Schema -- Creating schema "flyway" ...
10:54:09.162 [main] INFO org.flywaydb.core.internal.schemahistory.JdbcTableSchemaHistory -- Creating Schema History table "flyway"."flyway_schema_history" ...
10:54:09.184 [main] INFO org.flywaydb.core.internal.command.DbMigrate -- Current version of schema "flyway": null
10:54:09.196 [main] INFO org.flywaydb.core.internal.command.DbMigrate -- Migrating schema "flyway" to version "1 - target baseline"
10:54:09.379 [main] INFO org.flywaydb.core.internal.sqlscript.DefaultSqlScriptExecutor -- +--------------------------------------------+
| ensure_publication_metric_partition        |
+--------------------------------------------+
| ingest.publication_metric_snapshot_2026_06 |
| ingest.publication_metric_snapshot_2026_07 |
| ingest.publication_metric_snapshot_2026_08 |
| ingest.publication_metric_snapshot_2026_09 |
| ingest.publication_metric_snapshot_2026_10 |
| ingest.publication_metric_snapshot_2026_11 |
+--------------------------------------------+

10:54:09.422 [main] INFO org.flywaydb.core.internal.command.DbMigrate -- Migrating schema "flyway" to version "2 - rebuild core projections"
10:54:09.439 [main] INFO org.flywaydb.core.internal.command.DbMigrate -- Migrating schema "flyway" to version "3 - collector observation times and identity grants"
10:54:09.466 [main] INFO org.flywaydb.core.internal.command.DbMigrate -- Migrating schema "flyway" to version "4 - admin collection run status grants"
10:54:09.476 [main] INFO org.flywaydb.core.internal.command.DbMigrate -- Migrating schema "flyway" to version "5 - legacy activity period projection"
10:54:09.490 [main] INFO org.flywaydb.core.internal.command.DbMigrate -- Migrating schema "flyway" to version "6 - comparison valid observation hourly projection"
10:54:09.508 [main] INFO org.flywaydb.core.internal.command.DbMigrate -- Migrating schema "flyway" to version "7 - activity rating read grants"
10:54:09.524 [main] INFO org.flywaydb.core.internal.command.DbMigrate -- Migrating schema "flyway" to version "8 - legacy overview projection"
10:54:09.572 [main] INFO org.flywaydb.core.internal.command.DbMigrate -- Migrating schema "flyway" to version "9 - immutable observations quality archive fence"
10:54:09.647 [main] INFO org.flywaydb.core.internal.command.DbMigrate -- Migrating schema "flyway" to version "10 - consistent public queries and formula guards"
10:54:09.672 [main] INFO org.flywaydb.core.internal.command.DbMigrate -- Migrating schema "flyway" to version "11 - bridge identity lineage and reconciliation"
10:54:09.693 [main] INFO org.flywaydb.core.internal.command.DbMigrate -- Migrating schema "flyway" to version "12 - detail history projection"
10:54:09.706 [main] INFO org.flywaydb.core.internal.command.DbMigrate -- Migrating schema "flyway" to version "13 - immutable account identity history"
10:54:09.715 [main] INFO org.flywaydb.core.internal.command.DbMigrate -- Migrating schema "flyway" to version "14 - public archived publication text"
10:54:09.730 [main] INFO org.flywaydb.core.internal.command.DbMigrate -- Migrating schema "flyway" to version "15 - verified source preservation"
10:54:09.748 [main] INFO org.flywaydb.core.internal.command.DbMigrate -- Migrating schema "flyway" to version "16 - audited catalog commands"
10:54:09.782 [main] INFO org.flywaydb.core.internal.command.DbMigrate -- Migrating schema "flyway" to version "17 - legacy csv compatibility projection"
10:54:09.810 [main] INFO org.flywaydb.core.internal.command.DbMigrate -- Migrating schema "flyway" to version "18 - official rating commands"
10:54:09.833 [main] INFO org.flywaydb.core.internal.command.DbMigrate -- Migrating schema "flyway" to version "19 - safe health operational snapshot"
10:54:09.844 [main] INFO org.flywaydb.core.internal.command.DbMigrate -- Migrating schema "flyway" to version "20 - catalog url and version compatibility"
10:54:09.869 [main] INFO org.flywaydb.core.internal.command.DbMigrate -- Migrating schema "flyway" to version "21 - legacy period first observation policy"
10:54:09.888 [main] INFO org.flywaydb.core.internal.command.DbMigrate -- Successfully applied 21 migrations to schema "flyway", now at version v21 (execution time 00:00.498s)
10:54:12.807 [main] INFO org.springframework.mock.web.MockServletContext -- Initializing Spring TestDispatcherServlet ''
10:54:12.807 [main] INFO org.springframework.test.web.servlet.TestDispatcherServlet -- Initializing Servlet ''
10:54:12.807 [main] INFO org.springframework.test.web.servlet.TestDispatcherServlet -- Completed initialization in 0 ms
10:54:13.534 [main] INFO org.flywaydb.core.FlywayExecutor -- Database: jdbc:postgresql://127.0.0.1:64390/mranked_csv_archive_562c6f5e3f7a4c1db99571fee0e22ffd_it (PostgreSQL 18.6)
10:54:13.549 [main] INFO org.flywaydb.core.internal.command.DbValidate -- Successfully validated 28 migrations (execution time 00:00.007s)
10:54:13.567 [main] INFO org.flywaydb.core.internal.command.DbMigrate -- Current version of schema "flyway": 21
10:54:13.573 [main] INFO org.flywaydb.core.internal.command.DbMigrate -- Migrating schema "flyway" to version "22 - durable legacy csv archive facts"
10:54:13.633 [main] INFO org.flywaydb.core.internal.sqlscript.DefaultSqlScriptExecutor -- DB: schema "pg_temp" does not exist, skipping
10:54:13.633 [main] INFO org.flywaydb.core.internal.sqlscript.DefaultSqlScriptExecutor -- DB: table "mranked_csv_publication" does not exist, skipping
10:54:13.633 [main] INFO org.flywaydb.core.internal.sqlscript.DefaultSqlScriptExecutor -- DB: table "mranked_csv_snapshot" does not exist, skipping
10:54:13.648 [main] INFO org.flywaydb.core.internal.command.DbMigrate -- Migrating schema "flyway" to version "23 - official rating entity context"
10:54:13.725 [main] INFO org.flywaydb.core.internal.sqlscript.DefaultSqlScriptExecutor -- DB: table "mranked_projection_snapshot" does not exist, skipping
10:54:13.725 [main] INFO org.flywaydb.core.internal.sqlscript.DefaultSqlScriptExecutor -- DB: table "mranked_csv_lexeme" does not exist, skipping
10:54:13.725 [main] INFO org.flywaydb.core.internal.sqlscript.DefaultSqlScriptExecutor -- DB: table "mranked_csv_publication" does not exist, skipping
10:54:13.725 [main] INFO org.flywaydb.core.internal.sqlscript.DefaultSqlScriptExecutor -- DB: table "mranked_csv_snapshot" does not exist, skipping
10:54:13.739 [main] INFO org.flywaydb.core.internal.command.DbMigrate -- Migrating schema "flyway" to version "24 - ordered history reaction details"
10:54:13.758 [main] INFO org.flywaydb.core.internal.command.DbMigrate -- Migrating schema "flyway" to version "25 - safe legacy account presentation"
10:54:13.771 [main] INFO org.flywaydb.core.internal.command.DbMigrate -- Migrating schema "flyway" to version "26 - independent projection verifier reads"
10:54:13.780 [main] INFO org.flywaydb.core.internal.command.DbMigrate -- Migrating schema "flyway" to version "27 - retained disabled platform period metrics"
10:54:13.823 [main] INFO org.flywaydb.core.internal.sqlscript.DefaultSqlScriptExecutor -- DB: table "mranked_projection_snapshot" does not exist, skipping
10:54:13.823 [main] INFO org.flywaydb.core.internal.sqlscript.DefaultSqlScriptExecutor -- DB: table "mranked_csv_lexeme" does not exist, skipping
10:54:13.823 [main] INFO org.flywaydb.core.internal.sqlscript.DefaultSqlScriptExecutor -- DB: table "mranked_csv_publication" does not exist, skipping
10:54:13.823 [main] INFO org.flywaydb.core.internal.sqlscript.DefaultSqlScriptExecutor -- DB: table "mranked_csv_snapshot" does not exist, skipping
10:54:13.831 [main] INFO org.flywaydb.core.internal.command.DbMigrate -- Successfully applied 6 migrations to schema "flyway", now at version v27 (execution time 00:00.208s)
10:54:13.838 [main] INFO org.springframework.mock.web.MockServletContext -- Initializing Spring TestDispatcherServlet ''
10:54:13.838 [main] INFO org.springframework.test.web.servlet.TestDispatcherServlet -- Initializing Servlet ''
10:54:13.838 [main] INFO org.springframework.test.web.servlet.TestDispatcherServlet -- Completed initialization in 0 ms
10:54:14.234 [main] INFO org.springframework.mock.web.MockServletContext -- Initializing Spring TestDispatcherServlet ''
10:54:14.234 [main] INFO org.springframework.test.web.servlet.TestDispatcherServlet -- Initializing Servlet ''
10:54:14.234 [main] INFO org.springframework.test.web.servlet.TestDispatcherServlet -- Completed initialization in 0 ms
[INFO] Tests run: 3, Failures: 0, Errors: 0, Skipped: 0, Time elapsed: 16.75 s -- in org.mranked.legacyexport.infrastructure.LegacyCsvArchivePostgresIntegrationTest
[INFO] Running org.mranked.ArchitectureTest
10:54:14.468 [main] INFO com.tngtech.archunit.core.PluginLoader -- Detected Java version 21
[INFO] Tests run: 5, Failures: 0, Errors: 0, Skipped: 0, Time elapsed: 2.033 s -- in org.mranked.ArchitectureTest
[INFO] 
[INFO] Results:
[INFO] 
[INFO] Tests run: 210, Failures: 0, Errors: 0, Skipped: 4
[INFO] 
[INFO] ------------------------------------------------------------------------
[INFO] BUILD SUCCESS
[INFO] ------------------------------------------------------------------------
[INFO] Total time:  01:55 min
[INFO] Finished at: 2026-09-05T10:54:16+03:00
[INFO] ------------------------------------------------------------------------
