[INFO] Scanning for projects...
[INFO] 
[INFO] --------------------< org.mranked:m-ranked-backend >--------------------
[INFO] Building m-ranked backend 0.1.0-SNAPSHOT
[INFO]   from pom.xml
[INFO] --------------------------------[ jar ]---------------------------------
[INFO] 
[INFO] --- enforcer:3.6.2:enforce (require-java-21) @ m-ranked-backend ---
[INFO] Rule 0: org.apache.maven.enforcer.rules.version.RequireJavaVersion passed
[INFO] 
[INFO] --- spring-boot:4.0.8:build-info (public-representation-build-identity) @ m-ranked-backend ---
[INFO] 
[INFO] --- resources:3.3.1:resources (default-resources) @ m-ranked-backend ---
[INFO] Copying 31 resources from src/main/resources to ../migration/reports/integration-review-20260906-r15/backend-build/classes
[INFO] Copying 1 resource from ../contracts/openapi to ../migration/reports/integration-review-20260906-r15/backend-build/classes/contract
[INFO] 
[INFO] --- compiler:3.14.1:compile (default-compile) @ m-ranked-backend ---
[INFO] Nothing to compile - all classes are up to date.
[INFO] 
[INFO] --- resources:3.3.1:testResources (default-testResources) @ m-ranked-backend ---
[INFO] Copying 1 resource from src/test/resources to ../migration/reports/integration-review-20260906-r15/backend-build/test-classes
[INFO] 
[INFO] --- compiler:3.14.1:testCompile (default-testCompile) @ m-ranked-backend ---
[INFO] Nothing to compile - all classes are up to date.
[INFO] 
[INFO] --- surefire:3.5.6:test (default-test) @ m-ranked-backend ---
[INFO] Using auto detected provider org.apache.maven.surefire.junitplatform.JUnitPlatformProvider
[INFO] 
[INFO] -------------------------------------------------------
[INFO]  T E S T S
[INFO] -------------------------------------------------------
[INFO] Running org.mranked.contract.OpenApiContractTest
[INFO] Tests run: 2, Failures: 0, Errors: 0, Skipped: 0, Time elapsed: 0.462 s -- in org.mranked.contract.OpenApiContractTest
[INFO] Running org.mranked.cache.application.PublicDtoCacheTest
[INFO] Tests run: 5, Failures: 0, Errors: 0, Skipped: 0, Time elapsed: 0.446 s -- in org.mranked.cache.application.PublicDtoCacheTest
[INFO] Running org.mranked.cache.application.PublicCacheKeyFactoryTest
[INFO] Tests run: 3, Failures: 0, Errors: 0, Skipped: 0, Time elapsed: 0.026 s -- in org.mranked.cache.application.PublicCacheKeyFactoryTest
[INFO] Running org.mranked.cache.application.ETagFactoryTest
[INFO] Tests run: 2, Failures: 0, Errors: 0, Skipped: 0, Time elapsed: 0.016 s -- in org.mranked.cache.application.ETagFactoryTest
[INFO] Running org.mranked.cache.infrastructure.JdbcDatasetRevisionProviderTest
[INFO] Tests run: 1, Failures: 0, Errors: 0, Skipped: 0, Time elapsed: 0.004 s -- in org.mranked.cache.infrastructure.JdbcDatasetRevisionProviderTest
[INFO] Running org.mranked.cache.infrastructure.RedisRevisionInvalidationSubscriberTest
[INFO] Tests run: 1, Failures: 0, Errors: 0, Skipped: 0, Time elapsed: 0.013 s -- in org.mranked.cache.infrastructure.RedisRevisionInvalidationSubscriberTest
[INFO] Running org.mranked.cache.infrastructure.RedisPublicCacheIntegrationTest
16:25:06.517 [main] WARN io.netty.resolver.dns.DnsServerAddressStreamProviders -- Can not find io.netty.resolver.dns.macos.MacOSDnsServerAddressStreamProvider in the classpath, fallback to system defaults. This may result in incorrect DNS resolutions on MacOS. Check whether you have a dependency on 'io.netty:netty-resolver-dns-native-macos'
[INFO] Tests run: 1, Failures: 0, Errors: 0, Skipped: 0, Time elapsed: 1.591 s -- in org.mranked.cache.infrastructure.RedisPublicCacheIntegrationTest
[INFO] Running org.mranked.admin.web.LegacyFormExceptionHandlerTest
[INFO] Tests run: 1, Failures: 0, Errors: 0, Skipped: 0, Time elapsed: 0.045 s -- in org.mranked.admin.web.LegacyFormExceptionHandlerTest
[INFO] Running org.mranked.admin.web.AdminControllerTest
16:25:08.022 [main] INFO org.hibernate.validator.internal.util.Version -- HV000001: Hibernate Validator 9.0.1.Final
16:25:08.302 [main] INFO org.springframework.mock.web.MockServletContext -- Initializing Spring TestDispatcherServlet ''
16:25:08.302 [main] INFO org.springframework.test.web.servlet.TestDispatcherServlet -- Initializing Servlet ''
16:25:08.304 [main] INFO org.springframework.test.web.servlet.TestDispatcherServlet -- Completed initialization in 1 ms
16:25:08.408 [main] INFO org.springframework.mock.web.MockServletContext -- Initializing Spring TestDispatcherServlet ''
16:25:08.408 [main] INFO org.springframework.test.web.servlet.TestDispatcherServlet -- Initializing Servlet ''
16:25:08.408 [main] INFO org.springframework.test.web.servlet.TestDispatcherServlet -- Completed initialization in 0 ms
16:25:08.434 [main] INFO org.springframework.mock.web.MockServletContext -- Initializing Spring TestDispatcherServlet ''
16:25:08.434 [main] INFO org.springframework.test.web.servlet.TestDispatcherServlet -- Initializing Servlet ''
16:25:08.434 [main] INFO org.springframework.test.web.servlet.TestDispatcherServlet -- Completed initialization in 0 ms
16:25:08.478 [main] INFO org.springframework.mock.web.MockServletContext -- Initializing Spring TestDispatcherServlet ''
16:25:08.478 [main] INFO org.springframework.test.web.servlet.TestDispatcherServlet -- Initializing Servlet ''
16:25:08.478 [main] INFO org.springframework.test.web.servlet.TestDispatcherServlet -- Completed initialization in 0 ms
[INFO] Tests run: 4, Failures: 0, Errors: 0, Skipped: 0, Time elapsed: 0.510 s -- in org.mranked.admin.web.AdminControllerTest
[INFO] Running org.mranked.admin.application.LegacyCatalogServiceTest
[INFO] Tests run: 5, Failures: 0, Errors: 0, Skipped: 0, Time elapsed: 0.014 s -- in org.mranked.admin.application.LegacyCatalogServiceTest
[INFO] Running org.mranked.admin.application.AccountReferenceTest
[INFO] Tests run: 3, Failures: 0, Errors: 0, Skipped: 0, Time elapsed: 0.005 s -- in org.mranked.admin.application.AccountReferenceTest
[INFO] Running org.mranked.admin.application.AdminServiceTest
[INFO] Tests run: 6, Failures: 0, Errors: 0, Skipped: 0, Time elapsed: 0.010 s -- in org.mranked.admin.application.AdminServiceTest
[INFO] Running org.mranked.admin.infrastructure.CatalogPostgresIntegrationTest
[INFO] Tests run: 6, Failures: 0, Errors: 0, Skipped: 0, Time elapsed: 7.523 s -- in org.mranked.admin.infrastructure.CatalogPostgresIntegrationTest
[INFO] Running org.mranked.admin.infrastructure.JdbcAdminSqlTest
[INFO] Tests run: 3, Failures: 0, Errors: 0, Skipped: 0, Time elapsed: 0.003 s -- in org.mranked.admin.infrastructure.JdbcAdminSqlTest
[INFO] Running org.mranked.admin.infrastructure.AdminPostgresIntegrationTest
[INFO] Tests run: 1, Failures: 0, Errors: 0, Skipped: 0, Time elapsed: 1.086 s -- in org.mranked.admin.infrastructure.AdminPostgresIntegrationTest
[INFO] Running org.mranked.admin.infrastructure.HttpOfficialRatingSourceTest
[INFO] Tests run: 2, Failures: 0, Errors: 0, Skipped: 0, Time elapsed: 0.020 s -- in org.mranked.admin.infrastructure.HttpOfficialRatingSourceTest
[INFO] Running org.mranked.admin.infrastructure.AdminConfigurationTest
[INFO] Tests run: 2, Failures: 0, Errors: 0, Skipped: 0, Time elapsed: 0.027 s -- in org.mranked.admin.infrastructure.AdminConfigurationTest
[INFO] Running org.mranked.admin.infrastructure.LegacyFormPostgresIntegrationTest
[INFO] Tests run: 1, Failures: 0, Errors: 0, Skipped: 0, Time elapsed: 0.632 s -- in org.mranked.admin.infrastructure.LegacyFormPostgresIntegrationTest
[INFO] Running org.mranked.admin.infrastructure.ApiSecurityConfigurationTest
16:25:18.668 [main] INFO org.springframework.security.config.annotation.authentication.configuration.InitializeUserDetailsBeanManagerConfigurer$InitializeUserDetailsManagerConfigurer -- Global AuthenticationManager configured with UserDetailsService bean with name adminUserDetailsService
16:25:18.801 [main] INFO org.springframework.mock.web.MockServletContext -- Initializing Spring TestDispatcherServlet ''
16:25:18.801 [main] INFO org.springframework.test.web.servlet.TestDispatcherServlet -- Initializing Servlet ''
16:25:18.802 [main] INFO org.springframework.test.web.servlet.TestDispatcherServlet -- Completed initialization in 1 ms
16:25:19.250 [main] INFO org.springframework.security.config.annotation.authentication.configuration.InitializeUserDetailsBeanManagerConfigurer$InitializeUserDetailsManagerConfigurer -- Global AuthenticationManager configured with UserDetailsService bean with name adminUserDetailsService
16:25:19.279 [main] INFO org.springframework.mock.web.MockServletContext -- Initializing Spring TestDispatcherServlet ''
16:25:19.279 [main] INFO org.springframework.test.web.servlet.TestDispatcherServlet -- Initializing Servlet ''
16:25:19.279 [main] INFO org.springframework.test.web.servlet.TestDispatcherServlet -- Completed initialization in 0 ms
16:25:19.615 [main] INFO org.springframework.security.config.annotation.authentication.configuration.InitializeUserDetailsBeanManagerConfigurer$InitializeUserDetailsManagerConfigurer -- Global AuthenticationManager configured with UserDetailsService bean with name adminUserDetailsService
16:25:19.639 [main] INFO org.springframework.mock.web.MockServletContext -- Initializing Spring TestDispatcherServlet ''
16:25:19.639 [main] INFO org.springframework.test.web.servlet.TestDispatcherServlet -- Initializing Servlet ''
16:25:19.639 [main] INFO org.springframework.test.web.servlet.TestDispatcherServlet -- Completed initialization in 0 ms
16:25:19.944 [main] INFO org.springframework.security.config.annotation.authentication.configuration.InitializeUserDetailsBeanManagerConfigurer$InitializeUserDetailsManagerConfigurer -- Global AuthenticationManager configured with UserDetailsService bean with name adminUserDetailsService
16:25:19.994 [main] INFO org.springframework.mock.web.MockServletContext -- Initializing Spring TestDispatcherServlet ''
16:25:19.994 [main] INFO org.springframework.test.web.servlet.TestDispatcherServlet -- Initializing Servlet ''
16:25:20.215 [main] INFO org.springframework.test.web.servlet.TestDispatcherServlet -- Completed initialization in 184 ms
16:25:21.722 [main] INFO org.springframework.security.config.annotation.authentication.configuration.InitializeUserDetailsBeanManagerConfigurer$InitializeUserDetailsManagerConfigurer -- Global AuthenticationManager configured with UserDetailsService bean with name adminUserDetailsService
16:25:21.740 [main] INFO org.springframework.mock.web.MockServletContext -- Initializing Spring TestDispatcherServlet ''
16:25:21.741 [main] INFO org.springframework.test.web.servlet.TestDispatcherServlet -- Initializing Servlet ''
16:25:21.741 [main] INFO org.springframework.test.web.servlet.TestDispatcherServlet -- Completed initialization in 0 ms
16:25:22.063 [main] INFO org.springframework.security.config.annotation.authentication.configuration.InitializeUserDetailsBeanManagerConfigurer$InitializeUserDetailsManagerConfigurer -- Global AuthenticationManager configured with UserDetailsService bean with name adminUserDetailsService
16:25:22.079 [main] INFO org.springframework.mock.web.MockServletContext -- Initializing Spring TestDispatcherServlet ''
16:25:22.079 [main] INFO org.springframework.test.web.servlet.TestDispatcherServlet -- Initializing Servlet ''
16:25:22.079 [main] INFO org.springframework.test.web.servlet.TestDispatcherServlet -- Completed initialization in 0 ms
[INFO] Tests run: 6, Failures: 0, Errors: 0, Skipped: 0, Time elapsed: 4.278 s -- in org.mranked.admin.infrastructure.ApiSecurityConfigurationTest
[INFO] Running org.mranked.admin.infrastructure.IdentityCommandEvidenceTest
[INFO] Tests run: 2, Failures: 0, Errors: 0, Skipped: 0, Time elapsed: 0.069 s -- in org.mranked.admin.infrastructure.IdentityCommandEvidenceTest
[INFO] Running org.mranked.admin.infrastructure.OfficialRatingParserTest
[INFO] Tests run: 2, Failures: 0, Errors: 0, Skipped: 0, Time elapsed: 0.025 s -- in org.mranked.admin.infrastructure.OfficialRatingParserTest
[INFO] Running org.mranked.admin.infrastructure.LegacyAccountPresentationPostgresIntegrationTest
[INFO] Tests run: 4, Failures: 0, Errors: 0, Skipped: 0, Time elapsed: 0.265 s -- in org.mranked.admin.infrastructure.LegacyAccountPresentationPostgresIntegrationTest
[INFO] Running org.mranked.admin.infrastructure.IdentityCommandPostgresIntegrationTest
16:25:22.854 [main] INFO org.flywaydb.core.FlywayExecutor -- Database: jdbc:postgresql://127.0.0.1:54905/mranked_identity_command_75777048076647b380019848a77accc0_it (PostgreSQL 18.6)
16:25:22.905 [main] INFO org.flywaydb.core.internal.database.base.Schema -- Creating schema "flyway" ...
16:25:22.914 [main] INFO org.flywaydb.core.internal.schemahistory.JdbcTableSchemaHistory -- Creating Schema History table "flyway"."flyway_schema_history" ...
16:25:22.995 [main] INFO org.flywaydb.core.internal.command.DbMigrate -- Current version of schema "flyway": null
16:25:23.047 [main] INFO org.flywaydb.core.internal.command.DbMigrate -- Migrating schema "flyway" to version "1 - target baseline"
16:25:23.564 [main] INFO org.flywaydb.core.internal.sqlscript.DefaultSqlScriptExecutor -- +--------------------------------------------+
| ensure_publication_metric_partition        |
+--------------------------------------------+
| ingest.publication_metric_snapshot_2026_06 |
| ingest.publication_metric_snapshot_2026_07 |
| ingest.publication_metric_snapshot_2026_08 |
| ingest.publication_metric_snapshot_2026_09 |
| ingest.publication_metric_snapshot_2026_10 |
| ingest.publication_metric_snapshot_2026_11 |
+--------------------------------------------+

16:25:23.681 [main] INFO org.flywaydb.core.internal.command.DbMigrate -- Migrating schema "flyway" to version "2 - rebuild core projections"
16:25:23.728 [main] INFO org.flywaydb.core.internal.command.DbMigrate -- Migrating schema "flyway" to version "3 - collector observation times and identity grants"
16:25:23.808 [main] INFO org.flywaydb.core.internal.command.DbMigrate -- Migrating schema "flyway" to version "4 - admin collection run status grants"
16:25:23.845 [main] INFO org.flywaydb.core.internal.command.DbMigrate -- Migrating schema "flyway" to version "5 - legacy activity period projection"
16:25:23.887 [main] INFO org.flywaydb.core.internal.command.DbMigrate -- Migrating schema "flyway" to version "6 - comparison valid observation hourly projection"
16:25:23.949 [main] INFO org.flywaydb.core.internal.command.DbMigrate -- Migrating schema "flyway" to version "7 - activity rating read grants"
16:25:23.990 [main] INFO org.flywaydb.core.internal.command.DbMigrate -- Migrating schema "flyway" to version "8 - legacy overview projection"
16:25:24.070 [main] INFO org.flywaydb.core.internal.command.DbMigrate -- Migrating schema "flyway" to version "9 - immutable observations quality archive fence"
16:25:24.257 [main] INFO org.flywaydb.core.internal.command.DbMigrate -- Migrating schema "flyway" to version "10 - consistent public queries and formula guards"
16:25:24.339 [main] INFO org.flywaydb.core.internal.command.DbMigrate -- Migrating schema "flyway" to version "11 - bridge identity lineage and reconciliation"
16:25:24.422 [main] INFO org.flywaydb.core.internal.command.DbMigrate -- Migrating schema "flyway" to version "12 - detail history projection"
16:25:24.472 [main] INFO org.flywaydb.core.internal.command.DbMigrate -- Migrating schema "flyway" to version "13 - immutable account identity history"
16:25:24.509 [main] INFO org.flywaydb.core.internal.command.DbMigrate -- Migrating schema "flyway" to version "14 - public archived publication text"
16:25:24.565 [main] INFO org.flywaydb.core.internal.command.DbMigrate -- Migrating schema "flyway" to version "15 - verified source preservation"
16:25:24.618 [main] INFO org.flywaydb.core.internal.command.DbMigrate -- Migrating schema "flyway" to version "16 - audited catalog commands"
16:25:24.696 [main] INFO org.flywaydb.core.internal.command.DbMigrate -- Migrating schema "flyway" to version "17 - legacy csv compatibility projection"
16:25:24.780 [main] INFO org.flywaydb.core.internal.command.DbMigrate -- Migrating schema "flyway" to version "18 - official rating commands"
16:25:24.855 [main] INFO org.flywaydb.core.internal.command.DbMigrate -- Migrating schema "flyway" to version "19 - safe health operational snapshot"
16:25:24.895 [main] INFO org.flywaydb.core.internal.command.DbMigrate -- Migrating schema "flyway" to version "20 - catalog url and version compatibility"
16:25:24.938 [main] INFO org.flywaydb.core.internal.command.DbMigrate -- Migrating schema "flyway" to version "21 - legacy period first observation policy"
16:25:24.997 [main] INFO org.flywaydb.core.internal.command.DbMigrate -- Migrating schema "flyway" to version "22 - durable legacy csv archive facts"
16:25:25.088 [main] INFO org.flywaydb.core.internal.command.DbMigrate -- Migrating schema "flyway" to version "23 - official rating entity context"
16:25:25.132 [main] INFO org.flywaydb.core.internal.command.DbMigrate -- Migrating schema "flyway" to version "24 - ordered history reaction details"
16:25:25.180 [main] INFO org.flywaydb.core.internal.command.DbMigrate -- Migrating schema "flyway" to version "25 - safe legacy account presentation"
16:25:25.205 [main] INFO org.flywaydb.core.internal.command.DbMigrate -- Migrating schema "flyway" to version "26 - independent projection verifier reads"
16:25:25.230 [main] INFO org.flywaydb.core.internal.command.DbMigrate -- Migrating schema "flyway" to version "27 - retained disabled platform period metrics"
16:25:25.262 [main] INFO org.flywaydb.core.internal.command.DbMigrate -- Migrating schema "flyway" to version "28 - identity command receipt verifier acl"
16:25:25.292 [main] INFO org.flywaydb.core.internal.command.DbMigrate -- Migrating schema "flyway" to version "29 - monotonic native identity transitions"
16:25:25.321 [main] INFO org.flywaydb.core.internal.command.DbMigrate -- Successfully applied 29 migrations to schema "flyway", now at version v29 (execution time 00:01.595s)
16:25:38.397 [main] INFO org.flywaydb.core.FlywayExecutor -- Database: jdbc:postgresql://127.0.0.1:54905/mranked_identity_command_dbe6f8e9b6f344058064edb0d4feeca9_it (PostgreSQL 18.6)
16:25:38.414 [main] INFO org.flywaydb.core.internal.database.base.Schema -- Creating schema "flyway" ...
16:25:38.421 [main] INFO org.flywaydb.core.internal.schemahistory.JdbcTableSchemaHistory -- Creating Schema History table "flyway"."flyway_schema_history" ...
16:25:38.482 [main] INFO org.flywaydb.core.internal.command.DbMigrate -- Current version of schema "flyway": null
16:25:38.525 [main] INFO org.flywaydb.core.internal.command.DbMigrate -- Migrating schema "flyway" to version "1 - target baseline"
16:25:39.030 [main] INFO org.flywaydb.core.internal.sqlscript.DefaultSqlScriptExecutor -- +--------------------------------------------+
| ensure_publication_metric_partition        |
+--------------------------------------------+
| ingest.publication_metric_snapshot_2026_06 |
| ingest.publication_metric_snapshot_2026_07 |
| ingest.publication_metric_snapshot_2026_08 |
| ingest.publication_metric_snapshot_2026_09 |
| ingest.publication_metric_snapshot_2026_10 |
| ingest.publication_metric_snapshot_2026_11 |
+--------------------------------------------+

16:25:39.163 [main] INFO org.flywaydb.core.internal.command.DbMigrate -- Migrating schema "flyway" to version "2 - rebuild core projections"
16:25:39.258 [main] INFO org.flywaydb.core.internal.command.DbMigrate -- Migrating schema "flyway" to version "3 - collector observation times and identity grants"
16:25:39.352 [main] INFO org.flywaydb.core.internal.command.DbMigrate -- Migrating schema "flyway" to version "4 - admin collection run status grants"
16:25:39.371 [main] INFO org.flywaydb.core.internal.command.DbMigrate -- Migrating schema "flyway" to version "5 - legacy activity period projection"
16:25:39.396 [main] INFO org.flywaydb.core.internal.command.DbMigrate -- Migrating schema "flyway" to version "6 - comparison valid observation hourly projection"
16:25:39.430 [main] INFO org.flywaydb.core.internal.command.DbMigrate -- Migrating schema "flyway" to version "7 - activity rating read grants"
16:25:39.460 [main] INFO org.flywaydb.core.internal.command.DbMigrate -- Migrating schema "flyway" to version "8 - legacy overview projection"
16:25:39.527 [main] INFO org.flywaydb.core.internal.command.DbMigrate -- Migrating schema "flyway" to version "9 - immutable observations quality archive fence"
16:25:39.697 [main] INFO org.flywaydb.core.internal.command.DbMigrate -- Migrating schema "flyway" to version "10 - consistent public queries and formula guards"
16:25:39.759 [main] INFO org.flywaydb.core.internal.command.DbMigrate -- Migrating schema "flyway" to version "11 - bridge identity lineage and reconciliation"
16:25:39.820 [main] INFO org.flywaydb.core.internal.command.DbMigrate -- Migrating schema "flyway" to version "12 - detail history projection"
16:25:39.855 [main] INFO org.flywaydb.core.internal.command.DbMigrate -- Migrating schema "flyway" to version "13 - immutable account identity history"
16:25:39.892 [main] INFO org.flywaydb.core.internal.command.DbMigrate -- Migrating schema "flyway" to version "14 - public archived publication text"
16:25:39.944 [main] INFO org.flywaydb.core.internal.command.DbMigrate -- Migrating schema "flyway" to version "15 - verified source preservation"
16:25:39.988 [main] INFO org.flywaydb.core.internal.command.DbMigrate -- Migrating schema "flyway" to version "16 - audited catalog commands"
16:25:40.089 [main] INFO org.flywaydb.core.internal.command.DbMigrate -- Migrating schema "flyway" to version "17 - legacy csv compatibility projection"
16:25:40.143 [main] INFO org.flywaydb.core.internal.command.DbMigrate -- Migrating schema "flyway" to version "18 - official rating commands"
16:25:40.188 [main] INFO org.flywaydb.core.internal.command.DbMigrate -- Migrating schema "flyway" to version "19 - safe health operational snapshot"
16:25:40.212 [main] INFO org.flywaydb.core.internal.command.DbMigrate -- Migrating schema "flyway" to version "20 - catalog url and version compatibility"
16:25:40.242 [main] INFO org.flywaydb.core.internal.command.DbMigrate -- Migrating schema "flyway" to version "21 - legacy period first observation policy"
16:25:40.282 [main] INFO org.flywaydb.core.internal.command.DbMigrate -- Migrating schema "flyway" to version "22 - durable legacy csv archive facts"
16:25:40.350 [main] INFO org.flywaydb.core.internal.command.DbMigrate -- Migrating schema "flyway" to version "23 - official rating entity context"
16:25:40.396 [main] INFO org.flywaydb.core.internal.command.DbMigrate -- Migrating schema "flyway" to version "24 - ordered history reaction details"
16:25:40.450 [main] INFO org.flywaydb.core.internal.command.DbMigrate -- Migrating schema "flyway" to version "25 - safe legacy account presentation"
16:25:40.471 [main] INFO org.flywaydb.core.internal.command.DbMigrate -- Migrating schema "flyway" to version "26 - independent projection verifier reads"
16:25:40.497 [main] INFO org.flywaydb.core.internal.command.DbMigrate -- Migrating schema "flyway" to version "27 - retained disabled platform period metrics"
16:25:40.527 [main] INFO org.flywaydb.core.internal.command.DbMigrate -- Migrating schema "flyway" to version "28 - identity command receipt verifier acl"
16:25:40.548 [main] INFO org.flywaydb.core.internal.command.DbMigrate -- Successfully applied 28 migrations to schema "flyway", now at version v28 (execution time 00:01.448s)
16:25:45.083 [main] INFO org.flywaydb.core.FlywayExecutor -- Database: jdbc:postgresql://127.0.0.1:54905/mranked_identity_command_dbe6f8e9b6f344058064edb0d4feeca9_it (PostgreSQL 18.6)
16:25:45.115 [main] INFO org.flywaydb.core.internal.command.DbValidate -- Successfully validated 30 migrations (execution time 00:00.021s)
16:25:45.216 [main] INFO org.flywaydb.core.internal.command.DbMigrate -- Current version of schema "flyway": 28
16:25:45.226 [main] INFO org.flywaydb.core.internal.command.DbMigrate -- Migrating schema "flyway" to version "29 - monotonic native identity transitions"
16:25:45.272 [main] INFO org.flywaydb.core.internal.command.DbMigrate -- Successfully applied 1 migration to schema "flyway", now at version v29 (execution time 00:00.020s)
[INFO] Tests run: 2, Failures: 0, Errors: 0, Skipped: 0, Time elapsed: 29.96 s -- in org.mranked.admin.infrastructure.IdentityCommandPostgresIntegrationTest
[INFO] Running org.mranked.admin.infrastructure.CatalogHttpPostgresIntegrationTest
16:25:52.590 [main] INFO org.springframework.security.config.annotation.authentication.configuration.InitializeUserDetailsBeanManagerConfigurer$InitializeUserDetailsManagerConfigurer -- Global AuthenticationManager configured with UserDetailsService bean with name adminUserDetailsService
16:25:52.726 [main] INFO org.springframework.mock.web.MockServletContext -- Initializing Spring TestDispatcherServlet ''
16:25:52.726 [main] INFO org.springframework.test.web.servlet.TestDispatcherServlet -- Initializing Servlet ''
16:25:52.727 [main] INFO org.springframework.test.web.servlet.TestDispatcherServlet -- Completed initialization in 1 ms
16:25:55.131 [main] INFO org.springframework.security.config.annotation.authentication.configuration.InitializeUserDetailsBeanManagerConfigurer$InitializeUserDetailsManagerConfigurer -- Global AuthenticationManager configured with UserDetailsService bean with name adminUserDetailsService
16:25:55.158 [main] INFO org.springframework.mock.web.MockServletContext -- Initializing Spring TestDispatcherServlet ''
16:25:55.158 [main] INFO org.springframework.test.web.servlet.TestDispatcherServlet -- Initializing Servlet ''
16:25:55.158 [main] INFO org.springframework.test.web.servlet.TestDispatcherServlet -- Completed initialization in 0 ms
[INFO] Tests run: 2, Failures: 0, Errors: 0, Skipped: 0, Time elapsed: 3.169 s -- in org.mranked.admin.infrastructure.CatalogHttpPostgresIntegrationTest
[INFO] Running org.mranked.admin.infrastructure.OfficialRatingContextPostgresIntegrationTest
16:25:55.766 [main] INFO org.flywaydb.core.FlywayExecutor -- Database: jdbc:postgresql://127.0.0.1:54905/mranked_official_e93a5fe9fa4b4bda9cc48993d26820e8_it (PostgreSQL 18.6)
16:25:55.788 [main] INFO org.flywaydb.core.internal.database.base.Schema -- Creating schema "flyway" ...
16:25:55.792 [main] INFO org.flywaydb.core.internal.schemahistory.JdbcTableSchemaHistory -- Creating Schema History table "flyway"."flyway_schema_history" ...
16:25:55.855 [main] INFO org.flywaydb.core.internal.command.DbMigrate -- Current version of schema "flyway": null
16:25:55.888 [main] INFO org.flywaydb.core.internal.command.DbMigrate -- Migrating schema "flyway" to version "1 - target baseline"
16:25:56.405 [main] INFO org.flywaydb.core.internal.sqlscript.DefaultSqlScriptExecutor -- +--------------------------------------------+
| ensure_publication_metric_partition        |
+--------------------------------------------+
| ingest.publication_metric_snapshot_2026_06 |
| ingest.publication_metric_snapshot_2026_07 |
| ingest.publication_metric_snapshot_2026_08 |
| ingest.publication_metric_snapshot_2026_09 |
| ingest.publication_metric_snapshot_2026_10 |
| ingest.publication_metric_snapshot_2026_11 |
+--------------------------------------------+

16:25:56.544 [main] INFO org.flywaydb.core.internal.command.DbMigrate -- Migrating schema "flyway" to version "2 - rebuild core projections"
16:25:56.586 [main] INFO org.flywaydb.core.internal.command.DbMigrate -- Migrating schema "flyway" to version "3 - collector observation times and identity grants"
16:25:56.695 [main] INFO org.flywaydb.core.internal.command.DbMigrate -- Migrating schema "flyway" to version "4 - admin collection run status grants"
16:25:56.740 [main] INFO org.flywaydb.core.internal.command.DbMigrate -- Migrating schema "flyway" to version "5 - legacy activity period projection"
16:25:56.785 [main] INFO org.flywaydb.core.internal.command.DbMigrate -- Migrating schema "flyway" to version "6 - comparison valid observation hourly projection"
16:25:56.849 [main] INFO org.flywaydb.core.internal.command.DbMigrate -- Migrating schema "flyway" to version "7 - activity rating read grants"
16:25:56.881 [main] INFO org.flywaydb.core.internal.command.DbMigrate -- Migrating schema "flyway" to version "8 - legacy overview projection"
16:25:56.968 [main] INFO org.flywaydb.core.internal.command.DbMigrate -- Migrating schema "flyway" to version "9 - immutable observations quality archive fence"
16:25:57.164 [main] INFO org.flywaydb.core.internal.command.DbMigrate -- Migrating schema "flyway" to version "10 - consistent public queries and formula guards"
16:25:57.236 [main] INFO org.flywaydb.core.internal.command.DbMigrate -- Migrating schema "flyway" to version "11 - bridge identity lineage and reconciliation"
16:25:57.313 [main] INFO org.flywaydb.core.internal.command.DbMigrate -- Migrating schema "flyway" to version "12 - detail history projection"
16:25:57.348 [main] INFO org.flywaydb.core.internal.command.DbMigrate -- Migrating schema "flyway" to version "13 - immutable account identity history"
16:25:57.378 [main] INFO org.flywaydb.core.internal.command.DbMigrate -- Migrating schema "flyway" to version "14 - public archived publication text"
16:25:57.427 [main] INFO org.flywaydb.core.internal.command.DbMigrate -- Migrating schema "flyway" to version "15 - verified source preservation"
16:25:57.480 [main] INFO org.flywaydb.core.internal.command.DbMigrate -- Migrating schema "flyway" to version "16 - audited catalog commands"
16:25:57.560 [main] INFO org.flywaydb.core.internal.command.DbMigrate -- Migrating schema "flyway" to version "17 - legacy csv compatibility projection"
16:25:57.645 [main] INFO org.flywaydb.core.internal.command.DbMigrate -- Migrating schema "flyway" to version "18 - official rating commands"
16:25:57.710 [main] INFO org.flywaydb.core.internal.command.DbMigrate -- Migrating schema "flyway" to version "19 - safe health operational snapshot"
16:25:57.737 [main] INFO org.flywaydb.core.internal.command.DbMigrate -- Migrating schema "flyway" to version "20 - catalog url and version compatibility"
16:25:57.769 [main] INFO org.flywaydb.core.internal.command.DbMigrate -- Migrating schema "flyway" to version "21 - legacy period first observation policy"
16:25:57.847 [main] INFO org.flywaydb.core.internal.command.DbMigrate -- Migrating schema "flyway" to version "22 - durable legacy csv archive facts"
16:25:57.963 [main] INFO org.flywaydb.core.internal.command.DbMigrate -- Migrating schema "flyway" to version "23 - official rating entity context"
16:25:57.998 [main] INFO org.flywaydb.core.internal.command.DbMigrate -- Migrating schema "flyway" to version "24 - ordered history reaction details"
16:25:58.044 [main] INFO org.flywaydb.core.internal.command.DbMigrate -- Migrating schema "flyway" to version "25 - safe legacy account presentation"
16:25:58.067 [main] INFO org.flywaydb.core.internal.command.DbMigrate -- Migrating schema "flyway" to version "26 - independent projection verifier reads"
16:25:58.084 [main] INFO org.flywaydb.core.internal.command.DbMigrate -- Migrating schema "flyway" to version "27 - retained disabled platform period metrics"
16:25:58.118 [main] INFO org.flywaydb.core.internal.command.DbMigrate -- Migrating schema "flyway" to version "28 - identity command receipt verifier acl"
16:25:58.152 [main] INFO org.flywaydb.core.internal.command.DbMigrate -- Migrating schema "flyway" to version "29 - monotonic native identity transitions"
16:25:58.183 [main] INFO org.flywaydb.core.internal.command.DbMigrate -- Successfully applied 29 migrations to schema "flyway", now at version v29 (execution time 00:01.599s)
16:26:02.635 [main] INFO org.flywaydb.core.FlywayExecutor -- Database: jdbc:postgresql://127.0.0.1:54905/mranked_official_665fe957e40a43a69a0a67ba54ef8a65_it (PostgreSQL 18.6)
16:26:02.659 [main] INFO org.flywaydb.core.internal.database.base.Schema -- Creating schema "flyway" ...
16:26:02.664 [main] INFO org.flywaydb.core.internal.schemahistory.JdbcTableSchemaHistory -- Creating Schema History table "flyway"."flyway_schema_history" ...
16:26:02.772 [main] INFO org.flywaydb.core.internal.command.DbMigrate -- Current version of schema "flyway": null
16:26:02.880 [main] INFO org.flywaydb.core.internal.command.DbMigrate -- Migrating schema "flyway" to version "1 - target baseline"
16:26:03.640 [main] INFO org.flywaydb.core.internal.sqlscript.DefaultSqlScriptExecutor -- +--------------------------------------------+
| ensure_publication_metric_partition        |
+--------------------------------------------+
| ingest.publication_metric_snapshot_2026_06 |
| ingest.publication_metric_snapshot_2026_07 |
| ingest.publication_metric_snapshot_2026_08 |
| ingest.publication_metric_snapshot_2026_09 |
| ingest.publication_metric_snapshot_2026_10 |
| ingest.publication_metric_snapshot_2026_11 |
+--------------------------------------------+

16:26:03.869 [main] INFO org.flywaydb.core.internal.command.DbMigrate -- Migrating schema "flyway" to version "2 - rebuild core projections"
16:26:03.977 [main] INFO org.flywaydb.core.internal.command.DbMigrate -- Migrating schema "flyway" to version "3 - collector observation times and identity grants"
16:26:04.187 [main] INFO org.flywaydb.core.internal.command.DbMigrate -- Migrating schema "flyway" to version "4 - admin collection run status grants"
16:26:04.284 [main] INFO org.flywaydb.core.internal.command.DbMigrate -- Migrating schema "flyway" to version "5 - legacy activity period projection"
16:26:04.450 [main] INFO org.flywaydb.core.internal.command.DbMigrate -- Migrating schema "flyway" to version "6 - comparison valid observation hourly projection"
16:26:04.724 [main] INFO org.flywaydb.core.internal.command.DbMigrate -- Migrating schema "flyway" to version "7 - activity rating read grants"
16:26:04.892 [main] INFO org.flywaydb.core.internal.command.DbMigrate -- Migrating schema "flyway" to version "8 - legacy overview projection"
16:26:05.057 [main] INFO org.flywaydb.core.internal.command.DbMigrate -- Migrating schema "flyway" to version "9 - immutable observations quality archive fence"
16:26:05.332 [main] INFO org.flywaydb.core.internal.command.DbMigrate -- Migrating schema "flyway" to version "10 - consistent public queries and formula guards"
16:26:05.451 [main] INFO org.flywaydb.core.internal.command.DbMigrate -- Migrating schema "flyway" to version "11 - bridge identity lineage and reconciliation"
16:26:05.559 [main] INFO org.flywaydb.core.internal.command.DbMigrate -- Migrating schema "flyway" to version "12 - detail history projection"
16:26:05.649 [main] INFO org.flywaydb.core.internal.command.DbMigrate -- Migrating schema "flyway" to version "13 - immutable account identity history"
16:26:05.727 [main] INFO org.flywaydb.core.internal.command.DbMigrate -- Migrating schema "flyway" to version "14 - public archived publication text"
16:26:05.782 [main] INFO org.flywaydb.core.internal.command.DbMigrate -- Migrating schema "flyway" to version "15 - verified source preservation"
16:26:05.872 [main] INFO org.flywaydb.core.internal.command.DbMigrate -- Migrating schema "flyway" to version "16 - audited catalog commands"
16:26:06.047 [main] INFO org.flywaydb.core.internal.command.DbMigrate -- Migrating schema "flyway" to version "17 - legacy csv compatibility projection"
16:26:06.278 [main] INFO org.flywaydb.core.internal.command.DbMigrate -- Migrating schema "flyway" to version "18 - official rating commands"
16:26:06.408 [main] INFO org.flywaydb.core.internal.command.DbMigrate -- Migrating schema "flyway" to version "19 - safe health operational snapshot"
16:26:06.443 [main] INFO org.flywaydb.core.internal.command.DbMigrate -- Migrating schema "flyway" to version "20 - catalog url and version compatibility"
16:26:06.574 [main] INFO org.flywaydb.core.internal.command.DbMigrate -- Migrating schema "flyway" to version "21 - legacy period first observation policy"
16:26:06.777 [main] INFO org.flywaydb.core.internal.command.DbMigrate -- Migrating schema "flyway" to version "22 - durable legacy csv archive facts"
16:26:06.933 [main] INFO org.flywaydb.core.internal.command.DbMigrate -- Successfully applied 22 migrations to schema "flyway", now at version v22 (execution time 00:02.758s)
16:26:11.668 [main] INFO org.flywaydb.core.FlywayExecutor -- Database: jdbc:postgresql://127.0.0.1:54905/mranked_official_665fe957e40a43a69a0a67ba54ef8a65_it (PostgreSQL 18.6)
16:26:11.761 [main] INFO org.flywaydb.core.internal.command.DbValidate -- Successfully validated 30 migrations (execution time 00:00.035s)
16:26:11.860 [main] INFO org.flywaydb.core.internal.command.DbMigrate -- Current version of schema "flyway": 22
16:26:11.866 [main] INFO org.flywaydb.core.internal.command.DbMigrate -- Migrating schema "flyway" to version "23 - official rating entity context"
16:26:12.154 [main] INFO org.flywaydb.core.internal.sqlscript.DefaultSqlScriptExecutor -- DB: schema "pg_temp" does not exist, skipping
16:26:12.154 [main] INFO org.flywaydb.core.internal.sqlscript.DefaultSqlScriptExecutor -- DB: table "mranked_csv_lexeme" does not exist, skipping
16:26:12.154 [main] INFO org.flywaydb.core.internal.sqlscript.DefaultSqlScriptExecutor -- DB: table "mranked_csv_publication" does not exist, skipping
16:26:12.154 [main] INFO org.flywaydb.core.internal.sqlscript.DefaultSqlScriptExecutor -- DB: table "mranked_csv_snapshot" does not exist, skipping
16:26:12.352 [main] INFO org.flywaydb.core.internal.command.DbMigrate -- Migrating schema "flyway" to version "24 - ordered history reaction details"
16:26:12.634 [main] INFO org.flywaydb.core.internal.command.DbMigrate -- Migrating schema "flyway" to version "25 - safe legacy account presentation"
16:26:12.858 [main] INFO org.flywaydb.core.internal.command.DbMigrate -- Migrating schema "flyway" to version "26 - independent projection verifier reads"
16:26:12.904 [main] INFO org.flywaydb.core.internal.command.DbMigrate -- Migrating schema "flyway" to version "27 - retained disabled platform period metrics"
16:26:13.213 [main] INFO org.flywaydb.core.internal.sqlscript.DefaultSqlScriptExecutor -- DB: table "mranked_projection_snapshot" does not exist, skipping
16:26:13.213 [main] INFO org.flywaydb.core.internal.sqlscript.DefaultSqlScriptExecutor -- DB: table "mranked_csv_lexeme" does not exist, skipping
16:26:13.213 [main] INFO org.flywaydb.core.internal.sqlscript.DefaultSqlScriptExecutor -- DB: table "mranked_csv_publication" does not exist, skipping
16:26:13.213 [main] INFO org.flywaydb.core.internal.sqlscript.DefaultSqlScriptExecutor -- DB: table "mranked_csv_snapshot" does not exist, skipping
16:26:13.330 [main] INFO org.flywaydb.core.internal.command.DbMigrate -- Migrating schema "flyway" to version "28 - identity command receipt verifier acl"
16:26:13.430 [main] INFO org.flywaydb.core.internal.command.DbMigrate -- Migrating schema "flyway" to version "29 - monotonic native identity transitions"
16:26:13.570 [main] INFO org.flywaydb.core.internal.command.DbMigrate -- Successfully applied 7 migrations to schema "flyway", now at version v29 (execution time 00:00.932s)
[INFO] Tests run: 2, Failures: 0, Errors: 0, Skipped: 0, Time elapsed: 18.50 s -- in org.mranked.admin.infrastructure.OfficialRatingContextPostgresIntegrationTest
[INFO] Running org.mranked.emoji.web.CustomEmojiControllerTest
16:26:14.258 [main] INFO org.springframework.mock.web.MockServletContext -- Initializing Spring TestDispatcherServlet ''
16:26:14.259 [main] INFO org.springframework.test.web.servlet.TestDispatcherServlet -- Initializing Servlet ''
16:26:14.259 [main] INFO org.springframework.test.web.servlet.TestDispatcherServlet -- Completed initialization in 0 ms
16:26:14.283 [main] INFO org.springframework.mock.web.MockServletContext -- Initializing Spring TestDispatcherServlet ''
16:26:14.283 [main] INFO org.springframework.test.web.servlet.TestDispatcherServlet -- Initializing Servlet ''
16:26:14.283 [main] INFO org.springframework.test.web.servlet.TestDispatcherServlet -- Completed initialization in 0 ms
[INFO] Tests run: 2, Failures: 0, Errors: 0, Skipped: 0, Time elapsed: 0.206 s -- in org.mranked.emoji.web.CustomEmojiControllerTest
[INFO] Running org.mranked.emoji.application.CustomEmojiWiringTest
[INFO] Tests run: 1, Failures: 0, Errors: 0, Skipped: 0, Time elapsed: 0.669 s -- in org.mranked.emoji.application.CustomEmojiWiringTest
[INFO] Running org.mranked.emoji.application.CustomEmojiServiceTest
[INFO] Tests run: 4, Failures: 0, Errors: 0, Skipped: 0, Time elapsed: 0.369 s -- in org.mranked.emoji.application.CustomEmojiServiceTest
[INFO] Running org.mranked.emoji.infrastructure.TelegramEmojiHttpGatewayTest
[INFO] Tests run: 9, Failures: 0, Errors: 0, Skipped: 0, Time elapsed: 0.061 s -- in org.mranked.emoji.infrastructure.TelegramEmojiHttpGatewayTest
[INFO] Running org.mranked.operations.web.HealthControllerTest
16:26:15.417 [main] INFO org.springframework.mock.web.MockServletContext -- Initializing Spring TestDispatcherServlet ''
16:26:15.417 [main] INFO org.springframework.test.web.servlet.TestDispatcherServlet -- Initializing Servlet ''
16:26:15.417 [main] INFO org.springframework.test.web.servlet.TestDispatcherServlet -- Completed initialization in 0 ms
16:26:15.434 [main] INFO org.springframework.mock.web.MockServletContext -- Initializing Spring TestDispatcherServlet ''
16:26:15.434 [main] INFO org.springframework.test.web.servlet.TestDispatcherServlet -- Initializing Servlet ''
16:26:15.434 [main] INFO org.springframework.test.web.servlet.TestDispatcherServlet -- Completed initialization in 0 ms
16:26:15.439 [main] INFO org.springframework.mock.web.MockServletContext -- Initializing Spring TestDispatcherServlet ''
16:26:15.439 [main] INFO org.springframework.test.web.servlet.TestDispatcherServlet -- Initializing Servlet ''
16:26:15.439 [main] INFO org.springframework.test.web.servlet.TestDispatcherServlet -- Completed initialization in 0 ms
[INFO] Tests run: 3, Failures: 0, Errors: 0, Skipped: 0, Time elapsed: 0.044 s -- in org.mranked.operations.web.HealthControllerTest
[INFO] Running org.mranked.operations.application.ReadinessServiceTest
[INFO] Tests run: 2, Failures: 0, Errors: 0, Skipped: 0, Time elapsed: 0.009 s -- in org.mranked.operations.application.ReadinessServiceTest
[INFO] Running org.mranked.operations.infrastructure.PinnedHttpsClientNetworkTest
[INFO] Tests run: 2, Failures: 0, Errors: 0, Skipped: 0, Time elapsed: 2.250 s -- in org.mranked.operations.infrastructure.PinnedHttpsClientNetworkTest
[INFO] Running org.mranked.operations.infrastructure.JdbcQueryMetricsConfigurationTest
[INFO] Tests run: 1, Failures: 0, Errors: 0, Skipped: 0, Time elapsed: 0.037 s -- in org.mranked.operations.infrastructure.JdbcQueryMetricsConfigurationTest
[INFO] Running org.mranked.operations.infrastructure.JdbcReadinessProbeTest
[INFO] Tests run: 1, Failures: 0, Errors: 0, Skipped: 0, Time elapsed: 0.003 s -- in org.mranked.operations.infrastructure.JdbcReadinessProbeTest
[INFO] Running org.mranked.operations.infrastructure.ManagementSecurityConfigurationTest
[INFO] Tests run: 1, Failures: 0, Errors: 0, Skipped: 0, Time elapsed: 0.010 s -- in org.mranked.operations.infrastructure.ManagementSecurityConfigurationTest
[INFO] Running org.mranked.operations.infrastructure.LegacyHealthPostgresIntegrationTest
16:26:18.605 [main] INFO org.flywaydb.core.FlywayExecutor -- Database: jdbc:postgresql://127.0.0.1:54905/mranked_health_0bd89940f76a453da93ebe49d3afea4d_it (PostgreSQL 18.6)
16:26:18.645 [main] INFO org.flywaydb.core.internal.database.base.Schema -- Creating schema "flyway" ...
16:26:18.653 [main] INFO org.flywaydb.core.internal.schemahistory.JdbcTableSchemaHistory -- Creating Schema History table "flyway"."flyway_schema_history" ...
16:26:18.811 [main] INFO org.flywaydb.core.internal.command.DbMigrate -- Current version of schema "flyway": null
16:26:18.912 [main] INFO org.flywaydb.core.internal.command.DbMigrate -- Migrating schema "flyway" to version "1 - target baseline"
16:26:19.864 [main] INFO org.flywaydb.core.internal.sqlscript.DefaultSqlScriptExecutor -- +--------------------------------------------+
| ensure_publication_metric_partition        |
+--------------------------------------------+
| ingest.publication_metric_snapshot_2026_06 |
| ingest.publication_metric_snapshot_2026_07 |
| ingest.publication_metric_snapshot_2026_08 |
| ingest.publication_metric_snapshot_2026_09 |
| ingest.publication_metric_snapshot_2026_10 |
| ingest.publication_metric_snapshot_2026_11 |
+--------------------------------------------+

16:26:20.120 [main] INFO org.flywaydb.core.internal.command.DbMigrate -- Migrating schema "flyway" to version "2 - rebuild core projections"
16:26:20.398 [main] INFO org.flywaydb.core.internal.command.DbMigrate -- Migrating schema "flyway" to version "3 - collector observation times and identity grants"
16:26:20.773 [main] INFO org.flywaydb.core.internal.command.DbMigrate -- Migrating schema "flyway" to version "4 - admin collection run status grants"
16:26:20.812 [main] INFO org.flywaydb.core.internal.command.DbMigrate -- Migrating schema "flyway" to version "5 - legacy activity period projection"
16:26:20.867 [main] INFO org.flywaydb.core.internal.command.DbMigrate -- Migrating schema "flyway" to version "6 - comparison valid observation hourly projection"
16:26:20.938 [main] INFO org.flywaydb.core.internal.command.DbMigrate -- Migrating schema "flyway" to version "7 - activity rating read grants"
16:26:20.991 [main] INFO org.flywaydb.core.internal.command.DbMigrate -- Migrating schema "flyway" to version "8 - legacy overview projection"
16:26:21.174 [main] INFO org.flywaydb.core.internal.command.DbMigrate -- Migrating schema "flyway" to version "9 - immutable observations quality archive fence"
16:26:22.710 [main] INFO org.flywaydb.core.internal.command.DbMigrate -- Migrating schema "flyway" to version "10 - consistent public queries and formula guards"
16:26:23.343 [main] INFO org.flywaydb.core.internal.command.DbMigrate -- Migrating schema "flyway" to version "11 - bridge identity lineage and reconciliation"
16:26:23.575 [main] INFO org.flywaydb.core.internal.command.DbMigrate -- Migrating schema "flyway" to version "12 - detail history projection"
16:26:23.775 [main] INFO org.flywaydb.core.internal.command.DbMigrate -- Migrating schema "flyway" to version "13 - immutable account identity history"
16:26:23.881 [main] INFO org.flywaydb.core.internal.command.DbMigrate -- Migrating schema "flyway" to version "14 - public archived publication text"
16:26:24.294 [main] INFO org.flywaydb.core.internal.command.DbMigrate -- Migrating schema "flyway" to version "15 - verified source preservation"
16:26:24.464 [main] INFO org.flywaydb.core.internal.command.DbMigrate -- Migrating schema "flyway" to version "16 - audited catalog commands"
16:26:24.848 [main] INFO org.flywaydb.core.internal.command.DbMigrate -- Migrating schema "flyway" to version "17 - legacy csv compatibility projection"
16:26:27.085 [main] INFO org.flywaydb.core.internal.command.DbMigrate -- Migrating schema "flyway" to version "18 - official rating commands"
16:26:27.405 [main] INFO org.flywaydb.core.internal.command.DbMigrate -- Migrating schema "flyway" to version "19 - safe health operational snapshot"
16:26:27.518 [main] INFO org.flywaydb.core.internal.command.DbMigrate -- Migrating schema "flyway" to version "20 - catalog url and version compatibility"
16:26:27.632 [main] INFO org.flywaydb.core.internal.command.DbMigrate -- Migrating schema "flyway" to version "21 - legacy period first observation policy"
16:26:27.837 [main] INFO org.flywaydb.core.internal.command.DbMigrate -- Migrating schema "flyway" to version "22 - durable legacy csv archive facts"
16:26:28.239 [main] INFO org.flywaydb.core.internal.command.DbMigrate -- Migrating schema "flyway" to version "23 - official rating entity context"
16:26:29.001 [main] INFO org.flywaydb.core.internal.command.DbMigrate -- Migrating schema "flyway" to version "24 - ordered history reaction details"
16:26:29.526 [main] INFO org.flywaydb.core.internal.command.DbMigrate -- Migrating schema "flyway" to version "25 - safe legacy account presentation"
16:26:29.806 [main] INFO org.flywaydb.core.internal.command.DbMigrate -- Migrating schema "flyway" to version "26 - independent projection verifier reads"
16:26:30.022 [main] INFO org.flywaydb.core.internal.command.DbMigrate -- Migrating schema "flyway" to version "27 - retained disabled platform period metrics"
16:26:30.256 [main] INFO org.flywaydb.core.internal.command.DbMigrate -- Migrating schema "flyway" to version "28 - identity command receipt verifier acl"
16:26:30.367 [main] INFO org.flywaydb.core.internal.command.DbMigrate -- Migrating schema "flyway" to version "29 - monotonic native identity transitions"
16:26:30.439 [main] INFO org.flywaydb.core.internal.command.DbMigrate -- Successfully applied 29 migrations to schema "flyway", now at version v29 (execution time 00:07.971s)
16:26:30.550 [main] INFO org.springframework.mock.web.MockServletContext -- Initializing Spring TestDispatcherServlet ''
16:26:30.550 [main] INFO org.springframework.test.web.servlet.TestDispatcherServlet -- Initializing Servlet ''
16:26:30.550 [main] INFO org.springframework.test.web.servlet.TestDispatcherServlet -- Completed initialization in 0 ms
16:26:34.717 [main] INFO org.springframework.mock.web.MockServletContext -- Initializing Spring TestDispatcherServlet ''
16:26:34.717 [main] INFO org.springframework.test.web.servlet.TestDispatcherServlet -- Initializing Servlet ''
16:26:34.718 [main] INFO org.springframework.test.web.servlet.TestDispatcherServlet -- Completed initialization in 1 ms
[INFO] Tests run: 1, Failures: 0, Errors: 0, Skipped: 0, Time elapsed: 22.86 s -- in org.mranked.operations.infrastructure.LegacyHealthPostgresIntegrationTest
[INFO] Running org.mranked.exportjob.web.ExportJobSecurityTest
16:26:41.727 [main] INFO org.springframework.security.config.annotation.authentication.configuration.InitializeUserDetailsBeanManagerConfigurer$InitializeUserDetailsManagerConfigurer -- Global AuthenticationManager configured with UserDetailsService bean with name adminUserDetailsService
Mockito is currently self-attaching to enable the inline-mock-maker. This will no longer work in future releases of the JDK. Please add Mockito as an agent to your build as described in Mockito's documentation: https://javadoc.io/doc/org.mockito/mockito-core/latest/org.mockito/org/mockito/Mockito.html#0.3
WARNING: A Java agent has been loaded dynamically (/private/tmp/mranked-maven-repository/net/bytebuddy/byte-buddy-agent/1.17.8/byte-buddy-agent-1.17.8.jar)
WARNING: If a serviceability tool is in use, please run with -XX:+EnableDynamicAgentLoading to hide this warning
WARNING: If a serviceability tool is not in use, please run with -Djdk.instrument.traceUsage for more information
WARNING: Dynamic loading of agents will be disallowed by default in a future release
OpenJDK 64-Bit Server VM warning: Sharing is only supported for boot loader classes because bootstrap classpath has been appended
16:26:43.463 [main] INFO org.springframework.mock.web.MockServletContext -- Initializing Spring TestDispatcherServlet ''
16:26:43.464 [main] INFO org.springframework.test.web.servlet.TestDispatcherServlet -- Initializing Servlet ''
16:26:43.469 [main] INFO org.springframework.test.web.servlet.TestDispatcherServlet -- Completed initialization in 5 ms
16:26:43.493 [main] INFO org.springframework.mock.web.MockServletContext -- Initializing Spring TestDispatcherServlet ''
16:26:43.494 [main] INFO org.springframework.test.web.servlet.TestDispatcherServlet -- Initializing Servlet ''
16:26:43.495 [main] INFO org.springframework.test.web.servlet.TestDispatcherServlet -- Completed initialization in 1 ms
16:26:43.592 [main] INFO org.springframework.mock.web.MockServletContext -- Initializing Spring TestDispatcherServlet ''
16:26:43.592 [main] INFO org.springframework.test.web.servlet.TestDispatcherServlet -- Initializing Servlet ''
16:26:43.592 [main] INFO org.springframework.test.web.servlet.TestDispatcherServlet -- Completed initialization in 0 ms
[INFO] Tests run: 3, Failures: 0, Errors: 0, Skipped: 0, Time elapsed: 2.878 s -- in org.mranked.exportjob.web.ExportJobSecurityTest
[INFO] Running org.mranked.exportjob.application.ExportJobServiceTest
[INFO] Tests run: 7, Failures: 0, Errors: 0, Skipped: 0, Time elapsed: 4.278 s -- in org.mranked.exportjob.application.ExportJobServiceTest
[INFO] Running org.mranked.exportjob.application.ExportJobPostgresIntegrationTest
16:26:48.692 [main] INFO org.flywaydb.core.FlywayExecutor -- Database: jdbc:postgresql://127.0.0.1:54905/mranked_export_54fe25e153a3427e840f6ccb4edf2b30_it (PostgreSQL 18.6)
16:26:49.028 [main] INFO org.flywaydb.core.internal.database.base.Schema -- Creating schema "flyway" ...
16:26:49.226 [main] INFO org.flywaydb.core.internal.schemahistory.JdbcTableSchemaHistory -- Creating Schema History table "flyway"."flyway_schema_history" ...
16:26:49.484 [main] INFO org.flywaydb.core.internal.command.DbMigrate -- Current version of schema "flyway": null
16:26:49.560 [main] INFO org.flywaydb.core.internal.command.DbMigrate -- Migrating schema "flyway" to version "1 - target baseline"
16:26:50.465 [main] INFO org.flywaydb.core.internal.sqlscript.DefaultSqlScriptExecutor -- +--------------------------------------------+
| ensure_publication_metric_partition        |
+--------------------------------------------+
| ingest.publication_metric_snapshot_2026_06 |
| ingest.publication_metric_snapshot_2026_07 |
| ingest.publication_metric_snapshot_2026_08 |
| ingest.publication_metric_snapshot_2026_09 |
| ingest.publication_metric_snapshot_2026_10 |
| ingest.publication_metric_snapshot_2026_11 |
+--------------------------------------------+

16:26:50.804 [main] INFO org.flywaydb.core.internal.command.DbMigrate -- Migrating schema "flyway" to version "2 - rebuild core projections"
16:26:51.113 [main] INFO org.flywaydb.core.internal.command.DbMigrate -- Migrating schema "flyway" to version "3 - collector observation times and identity grants"
16:26:51.271 [main] INFO org.flywaydb.core.internal.command.DbMigrate -- Migrating schema "flyway" to version "4 - admin collection run status grants"
16:26:51.364 [main] INFO org.flywaydb.core.internal.command.DbMigrate -- Migrating schema "flyway" to version "5 - legacy activity period projection"
16:26:51.441 [main] INFO org.flywaydb.core.internal.command.DbMigrate -- Migrating schema "flyway" to version "6 - comparison valid observation hourly projection"
16:26:51.797 [main] INFO org.flywaydb.core.internal.command.DbMigrate -- Migrating schema "flyway" to version "7 - activity rating read grants"
16:26:51.881 [main] INFO org.flywaydb.core.internal.command.DbMigrate -- Migrating schema "flyway" to version "8 - legacy overview projection"
16:26:52.089 [main] INFO org.flywaydb.core.internal.command.DbMigrate -- Migrating schema "flyway" to version "9 - immutable observations quality archive fence"
16:26:52.335 [main] INFO org.flywaydb.core.internal.command.DbMigrate -- Migrating schema "flyway" to version "10 - consistent public queries and formula guards"
16:26:52.481 [main] INFO org.flywaydb.core.internal.command.DbMigrate -- Migrating schema "flyway" to version "11 - bridge identity lineage and reconciliation"
16:26:52.656 [main] INFO org.flywaydb.core.internal.command.DbMigrate -- Migrating schema "flyway" to version "12 - detail history projection"
16:26:52.793 [main] INFO org.flywaydb.core.internal.command.DbMigrate -- Migrating schema "flyway" to version "13 - immutable account identity history"
16:26:52.856 [main] INFO org.flywaydb.core.internal.command.DbMigrate -- Migrating schema "flyway" to version "14 - public archived publication text"
16:26:53.374 [main] INFO org.flywaydb.core.internal.command.DbMigrate -- Migrating schema "flyway" to version "15 - verified source preservation"
16:26:53.647 [main] INFO org.flywaydb.core.internal.command.DbMigrate -- Migrating schema "flyway" to version "16 - audited catalog commands"
16:26:53.858 [main] INFO org.flywaydb.core.internal.command.DbMigrate -- Migrating schema "flyway" to version "17 - legacy csv compatibility projection"
16:26:54.104 [main] INFO org.flywaydb.core.internal.command.DbMigrate -- Migrating schema "flyway" to version "18 - official rating commands"
16:26:54.293 [main] INFO org.flywaydb.core.internal.command.DbMigrate -- Migrating schema "flyway" to version "19 - safe health operational snapshot"
16:26:54.434 [main] INFO org.flywaydb.core.internal.command.DbMigrate -- Migrating schema "flyway" to version "20 - catalog url and version compatibility"
16:26:54.562 [main] INFO org.flywaydb.core.internal.command.DbMigrate -- Migrating schema "flyway" to version "21 - legacy period first observation policy"
16:26:54.689 [main] INFO org.flywaydb.core.internal.command.DbMigrate -- Migrating schema "flyway" to version "22 - durable legacy csv archive facts"
16:26:54.934 [main] INFO org.flywaydb.core.internal.command.DbMigrate -- Migrating schema "flyway" to version "23 - official rating entity context"
16:26:55.043 [main] INFO org.flywaydb.core.internal.command.DbMigrate -- Migrating schema "flyway" to version "24 - ordered history reaction details"
16:26:55.217 [main] INFO org.flywaydb.core.internal.command.DbMigrate -- Migrating schema "flyway" to version "25 - safe legacy account presentation"
16:26:55.325 [main] INFO org.flywaydb.core.internal.command.DbMigrate -- Migrating schema "flyway" to version "26 - independent projection verifier reads"
16:26:55.399 [main] INFO org.flywaydb.core.internal.command.DbMigrate -- Migrating schema "flyway" to version "27 - retained disabled platform period metrics"
16:26:55.531 [main] INFO org.flywaydb.core.internal.command.DbMigrate -- Migrating schema "flyway" to version "28 - identity command receipt verifier acl"
16:26:55.677 [main] INFO org.flywaydb.core.internal.command.DbMigrate -- Migrating schema "flyway" to version "29 - monotonic native identity transitions"
16:26:55.744 [main] INFO org.flywaydb.core.internal.command.DbMigrate -- Successfully applied 29 migrations to schema "flyway", now at version v29 (execution time 00:03.979s)
[INFO] Tests run: 1, Failures: 0, Errors: 0, Skipped: 0, Time elapsed: 38.13 s -- in org.mranked.exportjob.application.ExportJobPostgresIntegrationTest
[INFO] Running org.mranked.query.web.CsvExportControllerTest
16:27:26.143 [main] INFO org.springframework.mock.web.MockServletContext -- Initializing Spring TestDispatcherServlet ''
16:27:26.143 [main] INFO org.springframework.test.web.servlet.TestDispatcherServlet -- Initializing Servlet ''
16:27:26.143 [main] INFO org.springframework.test.web.servlet.TestDispatcherServlet -- Completed initialization in 0 ms
16:27:26.170 [main] INFO org.springframework.mock.web.MockServletContext -- Initializing Spring TestDispatcherServlet ''
16:27:26.170 [main] INFO org.springframework.test.web.servlet.TestDispatcherServlet -- Initializing Servlet ''
16:27:26.170 [main] INFO org.springframework.test.web.servlet.TestDispatcherServlet -- Completed initialization in 0 ms
16:27:26.198 [main] INFO org.springframework.mock.web.MockServletContext -- Initializing Spring TestDispatcherServlet ''
16:27:26.199 [main] INFO org.springframework.test.web.servlet.TestDispatcherServlet -- Initializing Servlet ''
16:27:26.200 [main] INFO org.springframework.test.web.servlet.TestDispatcherServlet -- Completed initialization in 1 ms
[INFO] Tests run: 3, Failures: 0, Errors: 0, Skipped: 0, Time elapsed: 0.175 s -- in org.mranked.query.web.CsvExportControllerTest
[INFO] Running org.mranked.query.web.PublicQueryControllerTest
16:27:26.293 [main] INFO org.springframework.mock.web.MockServletContext -- Initializing Spring TestDispatcherServlet ''
16:27:26.294 [main] INFO org.springframework.test.web.servlet.TestDispatcherServlet -- Initializing Servlet ''
16:27:26.294 [main] INFO org.springframework.test.web.servlet.TestDispatcherServlet -- Completed initialization in 0 ms
16:27:26.343 [main] INFO org.springframework.mock.web.MockServletContext -- Initializing Spring TestDispatcherServlet ''
16:27:26.344 [main] INFO org.springframework.test.web.servlet.TestDispatcherServlet -- Initializing Servlet ''
16:27:26.344 [main] INFO org.springframework.test.web.servlet.TestDispatcherServlet -- Completed initialization in 0 ms
16:27:26.381 [main] INFO org.springframework.mock.web.MockServletContext -- Initializing Spring TestDispatcherServlet ''
16:27:26.381 [main] INFO org.springframework.test.web.servlet.TestDispatcherServlet -- Initializing Servlet ''
16:27:26.381 [main] INFO org.springframework.test.web.servlet.TestDispatcherServlet -- Completed initialization in 0 ms
16:27:26.406 [main] INFO org.springframework.mock.web.MockServletContext -- Initializing Spring TestDispatcherServlet ''
16:27:26.406 [main] INFO org.springframework.test.web.servlet.TestDispatcherServlet -- Initializing Servlet ''
16:27:26.406 [main] INFO org.springframework.test.web.servlet.TestDispatcherServlet -- Completed initialization in 0 ms
16:27:26.453 [main] INFO org.springframework.mock.web.MockServletContext -- Initializing Spring TestDispatcherServlet ''
16:27:26.453 [main] INFO org.springframework.test.web.servlet.TestDispatcherServlet -- Initializing Servlet ''
16:27:26.454 [main] INFO org.springframework.test.web.servlet.TestDispatcherServlet -- Completed initialization in 1 ms
16:27:26.500 [main] INFO org.springframework.mock.web.MockServletContext -- Initializing Spring TestDispatcherServlet ''
16:27:26.500 [main] INFO org.springframework.test.web.servlet.TestDispatcherServlet -- Initializing Servlet ''
16:27:26.500 [main] INFO org.springframework.test.web.servlet.TestDispatcherServlet -- Completed initialization in 0 ms
16:27:26.514 [main] INFO org.springframework.mock.web.MockServletContext -- Initializing Spring TestDispatcherServlet ''
16:27:26.514 [main] INFO org.springframework.test.web.servlet.TestDispatcherServlet -- Initializing Servlet ''
16:27:26.514 [main] INFO org.springframework.test.web.servlet.TestDispatcherServlet -- Completed initialization in 0 ms
16:27:26.527 [main] INFO org.springframework.mock.web.MockServletContext -- Initializing Spring TestDispatcherServlet ''
16:27:26.527 [main] INFO org.springframework.test.web.servlet.TestDispatcherServlet -- Initializing Servlet ''
16:27:26.527 [main] INFO org.springframework.test.web.servlet.TestDispatcherServlet -- Completed initialization in 0 ms
16:27:26.533 [main] INFO org.springframework.mock.web.MockServletContext -- Initializing Spring TestDispatcherServlet ''
16:27:26.533 [main] INFO org.springframework.test.web.servlet.TestDispatcherServlet -- Initializing Servlet ''
16:27:26.533 [main] INFO org.springframework.test.web.servlet.TestDispatcherServlet -- Completed initialization in 0 ms
16:27:26.579 [main] INFO org.springframework.mock.web.MockServletContext -- Initializing Spring TestDispatcherServlet ''
16:27:26.579 [main] INFO org.springframework.test.web.servlet.TestDispatcherServlet -- Initializing Servlet ''
16:27:26.579 [main] INFO org.springframework.test.web.servlet.TestDispatcherServlet -- Completed initialization in 0 ms
16:27:26.602 [main] INFO org.springframework.mock.web.MockServletContext -- Initializing Spring TestDispatcherServlet ''
16:27:26.602 [main] INFO org.springframework.test.web.servlet.TestDispatcherServlet -- Initializing Servlet ''
16:27:26.602 [main] INFO org.springframework.test.web.servlet.TestDispatcherServlet -- Completed initialization in 0 ms
16:27:26.616 [main] INFO org.springframework.mock.web.MockServletContext -- Initializing Spring TestDispatcherServlet ''
16:27:26.616 [main] INFO org.springframework.test.web.servlet.TestDispatcherServlet -- Initializing Servlet ''
16:27:26.616 [main] INFO org.springframework.test.web.servlet.TestDispatcherServlet -- Completed initialization in 0 ms
16:27:26.646 [main] INFO org.springframework.mock.web.MockServletContext -- Initializing Spring TestDispatcherServlet ''
16:27:26.646 [main] INFO org.springframework.test.web.servlet.TestDispatcherServlet -- Initializing Servlet ''
16:27:26.646 [main] INFO org.springframework.test.web.servlet.TestDispatcherServlet -- Completed initialization in 0 ms
16:27:26.675 [main] INFO org.springframework.mock.web.MockServletContext -- Initializing Spring TestDispatcherServlet ''
16:27:26.675 [main] INFO org.springframework.test.web.servlet.TestDispatcherServlet -- Initializing Servlet ''
16:27:26.676 [main] INFO org.springframework.test.web.servlet.TestDispatcherServlet -- Completed initialization in 1 ms
16:27:26.695 [main] INFO org.springframework.mock.web.MockServletContext -- Initializing Spring TestDispatcherServlet ''
16:27:26.695 [main] INFO org.springframework.test.web.servlet.TestDispatcherServlet -- Initializing Servlet ''
16:27:26.695 [main] INFO org.springframework.test.web.servlet.TestDispatcherServlet -- Completed initialization in 0 ms
16:27:26.755 [main] INFO org.springframework.mock.web.MockServletContext -- Initializing Spring TestDispatcherServlet ''
16:27:26.755 [main] INFO org.springframework.test.web.servlet.TestDispatcherServlet -- Initializing Servlet ''
16:27:26.755 [main] INFO org.springframework.test.web.servlet.TestDispatcherServlet -- Completed initialization in 0 ms
16:27:26.777 [main] INFO org.springframework.mock.web.MockServletContext -- Initializing Spring TestDispatcherServlet ''
16:27:26.777 [main] INFO org.springframework.test.web.servlet.TestDispatcherServlet -- Initializing Servlet ''
16:27:26.778 [main] INFO org.springframework.test.web.servlet.TestDispatcherServlet -- Completed initialization in 0 ms
16:27:26.811 [main] ERROR org.mranked.query.web.Rfc9457ExceptionHandler -- Unhandled API failure for /api/v1/overview errorType=java.lang.IllegalStateException
16:27:26.825 [main] INFO org.springframework.mock.web.MockServletContext -- Initializing Spring TestDispatcherServlet ''
16:27:26.825 [main] INFO org.springframework.test.web.servlet.TestDispatcherServlet -- Initializing Servlet ''
16:27:26.825 [main] INFO org.springframework.test.web.servlet.TestDispatcherServlet -- Completed initialization in 0 ms
16:27:26.877 [main] INFO org.springframework.mock.web.MockServletContext -- Initializing Spring TestDispatcherServlet ''
16:27:26.877 [main] INFO org.springframework.test.web.servlet.TestDispatcherServlet -- Initializing Servlet ''
16:27:26.877 [main] INFO org.springframework.test.web.servlet.TestDispatcherServlet -- Completed initialization in 0 ms
16:27:26.894 [main] INFO org.springframework.mock.web.MockServletContext -- Initializing Spring TestDispatcherServlet ''
16:27:26.894 [main] INFO org.springframework.test.web.servlet.TestDispatcherServlet -- Initializing Servlet ''
16:27:26.894 [main] INFO org.springframework.test.web.servlet.TestDispatcherServlet -- Completed initialization in 0 ms
[INFO] Tests run: 18, Failures: 0, Errors: 0, Skipped: 0, Time elapsed: 0.665 s -- in org.mranked.query.web.PublicQueryControllerTest
[INFO] Running org.mranked.query.application.CsvExportServiceTest
[INFO] Tests run: 6, Failures: 0, Errors: 0, Skipped: 0, Time elapsed: 2.243 s -- in org.mranked.query.application.CsvExportServiceTest
[INFO] Running org.mranked.query.application.CursorCodecTest
[INFO] Tests run: 3, Failures: 0, Errors: 0, Skipped: 0, Time elapsed: 0.006 s -- in org.mranked.query.application.CursorCodecTest
[INFO] Running org.mranked.query.application.PublicQueryServiceTest
[INFO] Tests run: 5, Failures: 0, Errors: 0, Skipped: 0, Time elapsed: 0.013 s -- in org.mranked.query.application.PublicQueryServiceTest
[INFO] Running org.mranked.query.application.ProviderConfigurationTest
[INFO] Tests run: 2, Failures: 0, Errors: 0, Skipped: 0, Time elapsed: 0.003 s -- in org.mranked.query.application.ProviderConfigurationTest
[INFO] Running org.mranked.query.infrastructure.ProjectionSchemaContractTest
[INFO] Tests run: 4, Failures: 0, Errors: 0, Skipped: 0, Time elapsed: 0.020 s -- in org.mranked.query.infrastructure.ProjectionSchemaContractTest
[INFO] Running org.mranked.query.infrastructure.ActivityRatingPostgresIntegrationTest
[INFO] Tests run: 2, Failures: 0, Errors: 0, Skipped: 0, Time elapsed: 0.829 s -- in org.mranked.query.infrastructure.ActivityRatingPostgresIntegrationTest
[INFO] Running org.mranked.query.infrastructure.DetailPostgresIntegrationTest
[INFO] Tests run: 3, Failures: 0, Errors: 0, Skipped: 0, Time elapsed: 0.942 s -- in org.mranked.query.infrastructure.DetailPostgresIntegrationTest
[INFO] Running org.mranked.query.infrastructure.ComparisonPostgresIntegrationTest
[INFO] Tests run: 1, Failures: 0, Errors: 0, Skipped: 0, Time elapsed: 0.130 s -- in org.mranked.query.infrastructure.ComparisonPostgresIntegrationTest
[INFO] Running org.mranked.query.infrastructure.HistoryReactionDetailsPostgresIntegrationTest
[INFO] Tests run: 3, Failures: 0, Errors: 0, Skipped: 0, Time elapsed: 0.566 s -- in org.mranked.query.infrastructure.HistoryReactionDetailsPostgresIntegrationTest
[INFO] Running org.mranked.query.infrastructure.MigrationInstallationTest
[WARNING] Tests run: 4, Failures: 0, Errors: 0, Skipped: 4, Time elapsed: 0 s -- in org.mranked.query.infrastructure.MigrationInstallationTest
[INFO] Running org.mranked.query.infrastructure.ComparisonProjectionMigrationTest
[INFO] Tests run: 3, Failures: 0, Errors: 0, Skipped: 0, Time elapsed: 0.007 s -- in org.mranked.query.infrastructure.ComparisonProjectionMigrationTest
[INFO] Running org.mranked.query.infrastructure.ProjectionReconciliationPostgresIntegrationTest
16:27:32.132 [main] INFO org.flywaydb.core.FlywayExecutor -- Database: jdbc:postgresql://127.0.0.1:54905/mranked_projection_7c61f40a5f3844a39c91b6567b5f9987_it (PostgreSQL 18.6)
16:27:32.183 [main] INFO org.flywaydb.core.internal.database.base.Schema -- Creating schema "flyway" ...
16:27:32.191 [main] INFO org.flywaydb.core.internal.schemahistory.JdbcTableSchemaHistory -- Creating Schema History table "flyway"."flyway_schema_history" ...
16:27:32.326 [main] INFO org.flywaydb.core.internal.command.DbMigrate -- Current version of schema "flyway": null
16:27:32.392 [main] INFO org.flywaydb.core.internal.command.DbMigrate -- Migrating schema "flyway" to version "1 - target baseline"
16:27:33.288 [main] INFO org.flywaydb.core.internal.sqlscript.DefaultSqlScriptExecutor -- +--------------------------------------------+
| ensure_publication_metric_partition        |
+--------------------------------------------+
| ingest.publication_metric_snapshot_2026_06 |
| ingest.publication_metric_snapshot_2026_07 |
| ingest.publication_metric_snapshot_2026_08 |
| ingest.publication_metric_snapshot_2026_09 |
| ingest.publication_metric_snapshot_2026_10 |
| ingest.publication_metric_snapshot_2026_11 |
+--------------------------------------------+

16:27:33.625 [main] INFO org.flywaydb.core.internal.command.DbMigrate -- Migrating schema "flyway" to version "2 - rebuild core projections"
16:27:33.708 [main] INFO org.flywaydb.core.internal.command.DbMigrate -- Migrating schema "flyway" to version "3 - collector observation times and identity grants"
16:27:33.915 [main] INFO org.flywaydb.core.internal.command.DbMigrate -- Migrating schema "flyway" to version "4 - admin collection run status grants"
16:27:34.011 [main] INFO org.flywaydb.core.internal.command.DbMigrate -- Migrating schema "flyway" to version "5 - legacy activity period projection"
16:27:34.397 [main] INFO org.flywaydb.core.internal.command.DbMigrate -- Migrating schema "flyway" to version "6 - comparison valid observation hourly projection"
16:27:34.642 [main] INFO org.flywaydb.core.internal.command.DbMigrate -- Migrating schema "flyway" to version "7 - activity rating read grants"
16:27:34.737 [main] INFO org.flywaydb.core.internal.command.DbMigrate -- Migrating schema "flyway" to version "8 - legacy overview projection"
16:27:35.044 [main] INFO org.flywaydb.core.internal.command.DbMigrate -- Migrating schema "flyway" to version "9 - immutable observations quality archive fence"
16:27:35.775 [main] INFO org.flywaydb.core.internal.command.DbMigrate -- Migrating schema "flyway" to version "10 - consistent public queries and formula guards"
16:27:36.175 [main] INFO org.flywaydb.core.internal.command.DbMigrate -- Migrating schema "flyway" to version "11 - bridge identity lineage and reconciliation"
16:27:36.268 [main] INFO org.flywaydb.core.internal.command.DbMigrate -- Migrating schema "flyway" to version "12 - detail history projection"
16:27:36.313 [main] INFO org.flywaydb.core.internal.command.DbMigrate -- Migrating schema "flyway" to version "13 - immutable account identity history"
16:27:36.338 [main] INFO org.flywaydb.core.internal.command.DbMigrate -- Migrating schema "flyway" to version "14 - public archived publication text"
16:27:36.388 [main] INFO org.flywaydb.core.internal.command.DbMigrate -- Migrating schema "flyway" to version "15 - verified source preservation"
16:27:36.560 [main] INFO org.flywaydb.core.internal.command.DbMigrate -- Migrating schema "flyway" to version "16 - audited catalog commands"
16:27:36.794 [main] INFO org.flywaydb.core.internal.command.DbMigrate -- Migrating schema "flyway" to version "17 - legacy csv compatibility projection"
16:27:36.905 [main] INFO org.flywaydb.core.internal.command.DbMigrate -- Migrating schema "flyway" to version "18 - official rating commands"
16:27:36.985 [main] INFO org.flywaydb.core.internal.command.DbMigrate -- Migrating schema "flyway" to version "19 - safe health operational snapshot"
16:27:37.105 [main] INFO org.flywaydb.core.internal.command.DbMigrate -- Migrating schema "flyway" to version "20 - catalog url and version compatibility"
16:27:37.201 [main] INFO org.flywaydb.core.internal.command.DbMigrate -- Migrating schema "flyway" to version "21 - legacy period first observation policy"
16:27:37.253 [main] INFO org.flywaydb.core.internal.command.DbMigrate -- Migrating schema "flyway" to version "22 - durable legacy csv archive facts"
16:27:37.366 [main] INFO org.flywaydb.core.internal.command.DbMigrate -- Migrating schema "flyway" to version "23 - official rating entity context"
16:27:37.447 [main] INFO org.flywaydb.core.internal.command.DbMigrate -- Migrating schema "flyway" to version "24 - ordered history reaction details"
16:27:37.509 [main] INFO org.flywaydb.core.internal.command.DbMigrate -- Migrating schema "flyway" to version "25 - safe legacy account presentation"
16:27:37.534 [main] INFO org.flywaydb.core.internal.command.DbMigrate -- Migrating schema "flyway" to version "26 - independent projection verifier reads"
16:27:37.576 [main] INFO org.flywaydb.core.internal.command.DbMigrate -- Migrating schema "flyway" to version "27 - retained disabled platform period metrics"
16:27:37.612 [main] INFO org.flywaydb.core.internal.command.DbMigrate -- Migrating schema "flyway" to version "28 - identity command receipt verifier acl"
16:27:37.666 [main] INFO org.flywaydb.core.internal.command.DbMigrate -- Migrating schema "flyway" to version "29 - monotonic native identity transitions"
16:27:37.731 [main] INFO org.flywaydb.core.internal.command.DbMigrate -- Successfully applied 29 migrations to schema "flyway", now at version v29 (execution time 00:03.657s)
[INFO] Tests run: 1, Failures: 0, Errors: 0, Skipped: 0, Time elapsed: 37.54 s -- in org.mranked.query.infrastructure.ProjectionReconciliationPostgresIntegrationTest
[INFO] Running org.mranked.query.infrastructure.LegacyOverviewProjectionMigrationTest
[INFO] Tests run: 3, Failures: 0, Errors: 0, Skipped: 0, Time elapsed: 0.026 s -- in org.mranked.query.infrastructure.LegacyOverviewProjectionMigrationTest
[INFO] Running org.mranked.query.infrastructure.ProjectionSqlTest
[INFO] Tests run: 4, Failures: 0, Errors: 0, Skipped: 0, Time elapsed: 0.012 s -- in org.mranked.query.infrastructure.ProjectionSqlTest
[INFO] Running org.mranked.query.infrastructure.BackendConsistencyPostgresIntegrationTest
[INFO] Tests run: 7, Failures: 0, Errors: 0, Skipped: 0, Time elapsed: 26.51 s -- in org.mranked.query.infrastructure.BackendConsistencyPostgresIntegrationTest
[INFO] Running org.mranked.query.infrastructure.OverviewPostgresIntegrationTest
[INFO] Tests run: 1, Failures: 0, Errors: 0, Skipped: 0, Time elapsed: 0.288 s -- in org.mranked.query.infrastructure.OverviewPostgresIntegrationTest
[INFO] Running org.mranked.query.infrastructure.DisabledPeriodPostgresIntegrationTest
16:28:36.741 [main] INFO org.flywaydb.core.FlywayExecutor -- Database: jdbc:postgresql://127.0.0.1:54905/mranked_disabled_3b1defb69fb84bcf87985447473aeb68_it (PostgreSQL 18.6)
16:28:36.800 [main] INFO org.flywaydb.core.internal.database.base.Schema -- Creating schema "flyway" ...
16:28:36.813 [main] INFO org.flywaydb.core.internal.schemahistory.JdbcTableSchemaHistory -- Creating Schema History table "flyway"."flyway_schema_history" ...
16:28:36.927 [main] INFO org.flywaydb.core.internal.command.DbMigrate -- Current version of schema "flyway": null
16:28:36.959 [main] INFO org.flywaydb.core.internal.command.DbMigrate -- Migrating schema "flyway" to version "1 - target baseline"
16:28:37.812 [main] INFO org.flywaydb.core.internal.sqlscript.DefaultSqlScriptExecutor -- +--------------------------------------------+
| ensure_publication_metric_partition        |
+--------------------------------------------+
| ingest.publication_metric_snapshot_2026_06 |
| ingest.publication_metric_snapshot_2026_07 |
| ingest.publication_metric_snapshot_2026_08 |
| ingest.publication_metric_snapshot_2026_09 |
| ingest.publication_metric_snapshot_2026_10 |
| ingest.publication_metric_snapshot_2026_11 |
+--------------------------------------------+

16:28:37.954 [main] INFO org.flywaydb.core.internal.command.DbMigrate -- Migrating schema "flyway" to version "2 - rebuild core projections"
16:28:38.003 [main] INFO org.flywaydb.core.internal.command.DbMigrate -- Migrating schema "flyway" to version "3 - collector observation times and identity grants"
16:28:38.098 [main] INFO org.flywaydb.core.internal.command.DbMigrate -- Migrating schema "flyway" to version "4 - admin collection run status grants"
16:28:38.140 [main] INFO org.flywaydb.core.internal.command.DbMigrate -- Migrating schema "flyway" to version "5 - legacy activity period projection"
16:28:38.202 [main] INFO org.flywaydb.core.internal.command.DbMigrate -- Migrating schema "flyway" to version "6 - comparison valid observation hourly projection"
16:28:38.277 [main] INFO org.flywaydb.core.internal.command.DbMigrate -- Migrating schema "flyway" to version "7 - activity rating read grants"
16:28:38.326 [main] INFO org.flywaydb.core.internal.command.DbMigrate -- Migrating schema "flyway" to version "8 - legacy overview projection"
16:28:38.511 [main] INFO org.flywaydb.core.internal.command.DbMigrate -- Migrating schema "flyway" to version "9 - immutable observations quality archive fence"
16:28:39.249 [main] INFO org.flywaydb.core.internal.command.DbMigrate -- Migrating schema "flyway" to version "10 - consistent public queries and formula guards"
16:28:39.522 [main] INFO org.flywaydb.core.internal.command.DbMigrate -- Migrating schema "flyway" to version "11 - bridge identity lineage and reconciliation"
16:28:39.641 [main] INFO org.flywaydb.core.internal.command.DbMigrate -- Migrating schema "flyway" to version "12 - detail history projection"
16:28:39.682 [main] INFO org.flywaydb.core.internal.command.DbMigrate -- Migrating schema "flyway" to version "13 - immutable account identity history"
16:28:39.730 [main] INFO org.flywaydb.core.internal.command.DbMigrate -- Migrating schema "flyway" to version "14 - public archived publication text"
16:28:39.815 [main] INFO org.flywaydb.core.internal.command.DbMigrate -- Migrating schema "flyway" to version "15 - verified source preservation"
16:28:39.877 [main] INFO org.flywaydb.core.internal.command.DbMigrate -- Migrating schema "flyway" to version "16 - audited catalog commands"
16:28:39.977 [main] INFO org.flywaydb.core.internal.command.DbMigrate -- Migrating schema "flyway" to version "17 - legacy csv compatibility projection"
16:28:40.478 [main] INFO org.flywaydb.core.internal.command.DbMigrate -- Migrating schema "flyway" to version "18 - official rating commands"
16:28:40.775 [main] INFO org.flywaydb.core.internal.command.DbMigrate -- Migrating schema "flyway" to version "19 - safe health operational snapshot"
16:28:40.847 [main] INFO org.flywaydb.core.internal.command.DbMigrate -- Migrating schema "flyway" to version "20 - catalog url and version compatibility"
16:28:40.899 [main] INFO org.flywaydb.core.internal.command.DbMigrate -- Migrating schema "flyway" to version "21 - legacy period first observation policy"
16:28:40.947 [main] INFO org.flywaydb.core.internal.command.DbMigrate -- Migrating schema "flyway" to version "22 - durable legacy csv archive facts"
16:28:41.019 [main] INFO org.flywaydb.core.internal.command.DbMigrate -- Migrating schema "flyway" to version "23 - official rating entity context"
16:28:41.062 [main] INFO org.flywaydb.core.internal.command.DbMigrate -- Migrating schema "flyway" to version "24 - ordered history reaction details"
16:28:41.104 [main] INFO org.flywaydb.core.internal.command.DbMigrate -- Migrating schema "flyway" to version "25 - safe legacy account presentation"
16:28:41.132 [main] INFO org.flywaydb.core.internal.command.DbMigrate -- Migrating schema "flyway" to version "26 - independent projection verifier reads"
16:28:41.165 [main] INFO org.flywaydb.core.internal.command.DbMigrate -- Migrating schema "flyway" to version "27 - retained disabled platform period metrics"
16:28:41.213 [main] INFO org.flywaydb.core.internal.command.DbMigrate -- Migrating schema "flyway" to version "28 - identity command receipt verifier acl"
16:28:41.237 [main] INFO org.flywaydb.core.internal.command.DbMigrate -- Migrating schema "flyway" to version "29 - monotonic native identity transitions"
16:28:41.263 [main] INFO org.flywaydb.core.internal.command.DbMigrate -- Successfully applied 29 migrations to schema "flyway", now at version v29 (execution time 00:02.966s)
16:28:48.056 [main] INFO org.springframework.mock.web.MockServletContext -- Initializing Spring TestDispatcherServlet ''
16:28:48.059 [main] INFO org.springframework.test.web.servlet.TestDispatcherServlet -- Initializing Servlet ''
16:28:48.061 [main] INFO org.springframework.test.web.servlet.TestDispatcherServlet -- Completed initialization in 2 ms
16:28:58.355 [main] INFO org.flywaydb.core.FlywayExecutor -- Database: jdbc:postgresql://127.0.0.1:54905/mranked_disabled_f37bf64e62b74fcc924f854838e7d4ad_it (PostgreSQL 18.6)
16:28:58.511 [main] INFO org.flywaydb.core.internal.database.base.Schema -- Creating schema "flyway" ...
16:28:58.532 [main] INFO org.flywaydb.core.internal.schemahistory.JdbcTableSchemaHistory -- Creating Schema History table "flyway"."flyway_schema_history" ...
16:28:58.859 [main] INFO org.flywaydb.core.internal.command.DbMigrate -- Current version of schema "flyway": null
16:28:58.887 [main] INFO org.flywaydb.core.internal.command.DbMigrate -- Migrating schema "flyway" to version "1 - target baseline"
16:28:59.695 [main] INFO org.flywaydb.core.internal.sqlscript.DefaultSqlScriptExecutor -- +--------------------------------------------+
| ensure_publication_metric_partition        |
+--------------------------------------------+
| ingest.publication_metric_snapshot_2026_06 |
| ingest.publication_metric_snapshot_2026_07 |
| ingest.publication_metric_snapshot_2026_08 |
| ingest.publication_metric_snapshot_2026_09 |
| ingest.publication_metric_snapshot_2026_10 |
| ingest.publication_metric_snapshot_2026_11 |
+--------------------------------------------+

16:28:59.865 [main] INFO org.flywaydb.core.internal.command.DbMigrate -- Migrating schema "flyway" to version "2 - rebuild core projections"
16:28:59.921 [main] INFO org.flywaydb.core.internal.command.DbMigrate -- Migrating schema "flyway" to version "3 - collector observation times and identity grants"
16:28:59.984 [main] INFO org.flywaydb.core.internal.command.DbMigrate -- Migrating schema "flyway" to version "4 - admin collection run status grants"
16:29:00.021 [main] INFO org.flywaydb.core.internal.command.DbMigrate -- Migrating schema "flyway" to version "5 - legacy activity period projection"
16:29:00.053 [main] INFO org.flywaydb.core.internal.command.DbMigrate -- Migrating schema "flyway" to version "6 - comparison valid observation hourly projection"
16:29:00.152 [main] INFO org.flywaydb.core.internal.command.DbMigrate -- Migrating schema "flyway" to version "7 - activity rating read grants"
16:29:00.308 [main] INFO org.flywaydb.core.internal.command.DbMigrate -- Migrating schema "flyway" to version "8 - legacy overview projection"
16:29:00.490 [main] INFO org.flywaydb.core.internal.command.DbMigrate -- Migrating schema "flyway" to version "9 - immutable observations quality archive fence"
16:29:00.847 [main] INFO org.flywaydb.core.internal.command.DbMigrate -- Migrating schema "flyway" to version "10 - consistent public queries and formula guards"
16:29:00.981 [main] INFO org.flywaydb.core.internal.command.DbMigrate -- Migrating schema "flyway" to version "11 - bridge identity lineage and reconciliation"
16:29:01.049 [main] INFO org.flywaydb.core.internal.command.DbMigrate -- Migrating schema "flyway" to version "12 - detail history projection"
16:29:01.120 [main] INFO org.flywaydb.core.internal.command.DbMigrate -- Migrating schema "flyway" to version "13 - immutable account identity history"
16:29:01.164 [main] INFO org.flywaydb.core.internal.command.DbMigrate -- Migrating schema "flyway" to version "14 - public archived publication text"
16:29:01.212 [main] INFO org.flywaydb.core.internal.command.DbMigrate -- Migrating schema "flyway" to version "15 - verified source preservation"
16:29:01.260 [main] INFO org.flywaydb.core.internal.command.DbMigrate -- Migrating schema "flyway" to version "16 - audited catalog commands"
16:29:01.433 [main] INFO org.flywaydb.core.internal.command.DbMigrate -- Migrating schema "flyway" to version "17 - legacy csv compatibility projection"
16:29:01.576 [main] INFO org.flywaydb.core.internal.command.DbMigrate -- Migrating schema "flyway" to version "18 - official rating commands"
16:29:01.632 [main] INFO org.flywaydb.core.internal.command.DbMigrate -- Migrating schema "flyway" to version "19 - safe health operational snapshot"
16:29:01.694 [main] INFO org.flywaydb.core.internal.command.DbMigrate -- Migrating schema "flyway" to version "20 - catalog url and version compatibility"
16:29:01.723 [main] INFO org.flywaydb.core.internal.command.DbMigrate -- Migrating schema "flyway" to version "21 - legacy period first observation policy"
16:29:01.792 [main] INFO org.flywaydb.core.internal.command.DbMigrate -- Migrating schema "flyway" to version "22 - durable legacy csv archive facts"
16:29:01.880 [main] INFO org.flywaydb.core.internal.command.DbMigrate -- Migrating schema "flyway" to version "23 - official rating entity context"
16:29:01.914 [main] INFO org.flywaydb.core.internal.command.DbMigrate -- Migrating schema "flyway" to version "24 - ordered history reaction details"
16:29:01.955 [main] INFO org.flywaydb.core.internal.command.DbMigrate -- Migrating schema "flyway" to version "25 - safe legacy account presentation"
16:29:01.998 [main] INFO org.flywaydb.core.internal.command.DbMigrate -- Migrating schema "flyway" to version "26 - independent projection verifier reads"
16:29:02.012 [main] INFO org.flywaydb.core.internal.command.DbMigrate -- Successfully applied 26 migrations to schema "flyway", now at version v26 (execution time 00:02.315s)
16:29:08.475 [main] INFO org.flywaydb.core.FlywayExecutor -- Database: jdbc:postgresql://127.0.0.1:54905/mranked_disabled_f37bf64e62b74fcc924f854838e7d4ad_it (PostgreSQL 18.6)
16:29:08.568 [main] INFO org.flywaydb.core.internal.command.DbValidate -- Successfully validated 30 migrations (execution time 00:00.056s)
16:29:08.672 [main] INFO org.flywaydb.core.internal.command.DbMigrate -- Current version of schema "flyway": 26
16:29:08.697 [main] INFO org.flywaydb.core.internal.command.DbMigrate -- Migrating schema "flyway" to version "27 - retained disabled platform period metrics"
16:29:09.432 [main] INFO org.flywaydb.core.internal.sqlscript.DefaultSqlScriptExecutor -- DB: schema "pg_temp" does not exist, skipping
16:29:09.432 [main] INFO org.flywaydb.core.internal.sqlscript.DefaultSqlScriptExecutor -- DB: table "mranked_csv_lexeme" does not exist, skipping
16:29:09.432 [main] INFO org.flywaydb.core.internal.sqlscript.DefaultSqlScriptExecutor -- DB: table "mranked_csv_publication" does not exist, skipping
16:29:09.432 [main] INFO org.flywaydb.core.internal.sqlscript.DefaultSqlScriptExecutor -- DB: table "mranked_csv_snapshot" does not exist, skipping
16:29:09.537 [main] INFO org.flywaydb.core.internal.command.DbMigrate -- Migrating schema "flyway" to version "28 - identity command receipt verifier acl"
16:29:09.569 [main] INFO org.flywaydb.core.internal.command.DbMigrate -- Migrating schema "flyway" to version "29 - monotonic native identity transitions"
16:29:09.601 [main] INFO org.flywaydb.core.internal.command.DbMigrate -- Successfully applied 3 migrations to schema "flyway", now at version v29 (execution time 00:00.787s)
16:29:11.069 [main] INFO org.springframework.mock.web.MockServletContext -- Initializing Spring TestDispatcherServlet ''
16:29:11.070 [main] INFO org.springframework.test.web.servlet.TestDispatcherServlet -- Initializing Servlet ''
16:29:11.072 [main] INFO org.springframework.test.web.servlet.TestDispatcherServlet -- Completed initialization in 2 ms
[INFO] Tests run: 2, Failures: 0, Errors: 0, Skipped: 0, Time elapsed: 41.06 s -- in org.mranked.query.infrastructure.DisabledPeriodPostgresIntegrationTest
[INFO] Running org.mranked.query.infrastructure.DetailFallbackPostgresIntegrationTest
[INFO] Tests run: 1, Failures: 0, Errors: 0, Skipped: 0, Time elapsed: 0.055 s -- in org.mranked.query.infrastructure.DetailFallbackPostgresIntegrationTest
[INFO] Running org.mranked.query.infrastructure.ComparisonSqlTest
[INFO] Tests run: 4, Failures: 0, Errors: 0, Skipped: 0, Time elapsed: 0.003 s -- in org.mranked.query.infrastructure.ComparisonSqlTest
[INFO] Running org.mranked.query.infrastructure.LegacyPeriodOraclePostgresIntegrationTest
16:29:17.411 [main] INFO org.flywaydb.core.FlywayExecutor -- Database: jdbc:postgresql://127.0.0.1:54905/mranked_period_6e19baa80a7e4fc3b10f23c9cfd5ef61_it (PostgreSQL 18.6)
16:29:17.436 [main] INFO org.flywaydb.core.internal.database.base.Schema -- Creating schema "flyway" ...
16:29:17.443 [main] INFO org.flywaydb.core.internal.schemahistory.JdbcTableSchemaHistory -- Creating Schema History table "flyway"."flyway_schema_history" ...
16:29:17.510 [main] INFO org.flywaydb.core.internal.command.DbMigrate -- Current version of schema "flyway": null
16:29:17.570 [main] INFO org.flywaydb.core.internal.command.DbMigrate -- Migrating schema "flyway" to version "1 - target baseline"
16:29:18.202 [main] INFO org.flywaydb.core.internal.sqlscript.DefaultSqlScriptExecutor -- +--------------------------------------------+
| ensure_publication_metric_partition        |
+--------------------------------------------+
| ingest.publication_metric_snapshot_2026_06 |
| ingest.publication_metric_snapshot_2026_07 |
| ingest.publication_metric_snapshot_2026_08 |
| ingest.publication_metric_snapshot_2026_09 |
| ingest.publication_metric_snapshot_2026_10 |
| ingest.publication_metric_snapshot_2026_11 |
+--------------------------------------------+

16:29:18.280 [main] INFO org.flywaydb.core.internal.command.DbMigrate -- Migrating schema "flyway" to version "2 - rebuild core projections"
16:29:18.324 [main] INFO org.flywaydb.core.internal.command.DbMigrate -- Migrating schema "flyway" to version "3 - collector observation times and identity grants"
16:29:18.394 [main] INFO org.flywaydb.core.internal.command.DbMigrate -- Migrating schema "flyway" to version "4 - admin collection run status grants"
16:29:18.421 [main] INFO org.flywaydb.core.internal.command.DbMigrate -- Migrating schema "flyway" to version "5 - legacy activity period projection"
16:29:18.482 [main] INFO org.flywaydb.core.internal.command.DbMigrate -- Migrating schema "flyway" to version "6 - comparison valid observation hourly projection"
16:29:18.531 [main] INFO org.flywaydb.core.internal.command.DbMigrate -- Migrating schema "flyway" to version "7 - activity rating read grants"
16:29:18.572 [main] INFO org.flywaydb.core.internal.command.DbMigrate -- Migrating schema "flyway" to version "8 - legacy overview projection"
16:29:18.759 [main] INFO org.flywaydb.core.internal.command.DbMigrate -- Migrating schema "flyway" to version "9 - immutable observations quality archive fence"
16:29:19.124 [main] INFO org.flywaydb.core.internal.command.DbMigrate -- Migrating schema "flyway" to version "10 - consistent public queries and formula guards"
16:29:19.186 [main] INFO org.flywaydb.core.internal.command.DbMigrate -- Migrating schema "flyway" to version "11 - bridge identity lineage and reconciliation"
16:29:19.242 [main] INFO org.flywaydb.core.internal.command.DbMigrate -- Migrating schema "flyway" to version "12 - detail history projection"
16:29:19.294 [main] INFO org.flywaydb.core.internal.command.DbMigrate -- Migrating schema "flyway" to version "13 - immutable account identity history"
16:29:19.442 [main] INFO org.flywaydb.core.internal.command.DbMigrate -- Migrating schema "flyway" to version "14 - public archived publication text"
16:29:19.574 [main] INFO org.flywaydb.core.internal.command.DbMigrate -- Migrating schema "flyway" to version "15 - verified source preservation"
16:29:19.708 [main] INFO org.flywaydb.core.internal.command.DbMigrate -- Migrating schema "flyway" to version "16 - audited catalog commands"
16:29:19.805 [main] INFO org.flywaydb.core.internal.command.DbMigrate -- Migrating schema "flyway" to version "17 - legacy csv compatibility projection"
16:29:19.920 [main] INFO org.flywaydb.core.internal.command.DbMigrate -- Migrating schema "flyway" to version "18 - official rating commands"
16:29:20.060 [main] INFO org.flywaydb.core.internal.command.DbMigrate -- Migrating schema "flyway" to version "19 - safe health operational snapshot"
16:29:20.154 [main] INFO org.flywaydb.core.internal.command.DbMigrate -- Migrating schema "flyway" to version "20 - catalog url and version compatibility"
16:29:20.214 [main] INFO org.flywaydb.core.internal.command.DbMigrate -- Migrating schema "flyway" to version "21 - legacy period first observation policy"
16:29:20.402 [main] INFO org.flywaydb.core.internal.command.DbMigrate -- Migrating schema "flyway" to version "22 - durable legacy csv archive facts"
16:29:20.541 [main] INFO org.flywaydb.core.internal.command.DbMigrate -- Migrating schema "flyway" to version "23 - official rating entity context"
16:29:20.578 [main] INFO org.flywaydb.core.internal.command.DbMigrate -- Migrating schema "flyway" to version "24 - ordered history reaction details"
16:29:20.707 [main] INFO org.flywaydb.core.internal.command.DbMigrate -- Migrating schema "flyway" to version "25 - safe legacy account presentation"
16:29:20.787 [main] INFO org.flywaydb.core.internal.command.DbMigrate -- Migrating schema "flyway" to version "26 - independent projection verifier reads"
16:29:20.828 [main] INFO org.flywaydb.core.internal.command.DbMigrate -- Migrating schema "flyway" to version "27 - retained disabled platform period metrics"
16:29:20.890 [main] INFO org.flywaydb.core.internal.command.DbMigrate -- Migrating schema "flyway" to version "28 - identity command receipt verifier acl"
16:29:20.910 [main] INFO org.flywaydb.core.internal.command.DbMigrate -- Migrating schema "flyway" to version "29 - monotonic native identity transitions"
16:29:20.941 [main] INFO org.flywaydb.core.internal.command.DbMigrate -- Successfully applied 29 migrations to schema "flyway", now at version v29 (execution time 00:02.279s)
16:29:32.344 [main] INFO org.flywaydb.core.FlywayExecutor -- Database: jdbc:postgresql://127.0.0.1:54905/mranked_period_e2d672ab761a44b4801cde17e59ace01_it (PostgreSQL 18.6)
16:29:32.379 [main] INFO org.flywaydb.core.internal.database.base.Schema -- Creating schema "flyway" ...
16:29:32.386 [main] INFO org.flywaydb.core.internal.schemahistory.JdbcTableSchemaHistory -- Creating Schema History table "flyway"."flyway_schema_history" ...
16:29:32.451 [main] INFO org.flywaydb.core.internal.command.DbMigrate -- Current version of schema "flyway": null
16:29:32.476 [main] INFO org.flywaydb.core.internal.command.DbMigrate -- Migrating schema "flyway" to version "1 - target baseline"
16:29:33.015 [main] INFO org.flywaydb.core.internal.sqlscript.DefaultSqlScriptExecutor -- +--------------------------------------------+
| ensure_publication_metric_partition        |
+--------------------------------------------+
| ingest.publication_metric_snapshot_2026_06 |
| ingest.publication_metric_snapshot_2026_07 |
| ingest.publication_metric_snapshot_2026_08 |
| ingest.publication_metric_snapshot_2026_09 |
| ingest.publication_metric_snapshot_2026_10 |
| ingest.publication_metric_snapshot_2026_11 |
+--------------------------------------------+

16:29:33.108 [main] INFO org.flywaydb.core.internal.command.DbMigrate -- Migrating schema "flyway" to version "2 - rebuild core projections"
16:29:33.149 [main] INFO org.flywaydb.core.internal.command.DbMigrate -- Migrating schema "flyway" to version "3 - collector observation times and identity grants"
16:29:33.210 [main] INFO org.flywaydb.core.internal.command.DbMigrate -- Migrating schema "flyway" to version "4 - admin collection run status grants"
16:29:33.235 [main] INFO org.flywaydb.core.internal.command.DbMigrate -- Migrating schema "flyway" to version "5 - legacy activity period projection"
16:29:33.277 [main] INFO org.flywaydb.core.internal.command.DbMigrate -- Migrating schema "flyway" to version "6 - comparison valid observation hourly projection"
16:29:33.305 [main] INFO org.flywaydb.core.internal.command.DbMigrate -- Migrating schema "flyway" to version "7 - activity rating read grants"
16:29:33.348 [main] INFO org.flywaydb.core.internal.command.DbMigrate -- Migrating schema "flyway" to version "8 - legacy overview projection"
16:29:33.493 [main] INFO org.flywaydb.core.internal.command.DbMigrate -- Migrating schema "flyway" to version "9 - immutable observations quality archive fence"
16:29:33.728 [main] INFO org.flywaydb.core.internal.command.DbMigrate -- Migrating schema "flyway" to version "10 - consistent public queries and formula guards"
16:29:33.800 [main] INFO org.flywaydb.core.internal.command.DbMigrate -- Migrating schema "flyway" to version "11 - bridge identity lineage and reconciliation"
16:29:33.835 [main] INFO org.flywaydb.core.internal.command.DbMigrate -- Migrating schema "flyway" to version "12 - detail history projection"
16:29:33.865 [main] INFO org.flywaydb.core.internal.command.DbMigrate -- Migrating schema "flyway" to version "13 - immutable account identity history"
16:29:33.892 [main] INFO org.flywaydb.core.internal.command.DbMigrate -- Migrating schema "flyway" to version "14 - public archived publication text"
16:29:33.937 [main] INFO org.flywaydb.core.internal.command.DbMigrate -- Migrating schema "flyway" to version "15 - verified source preservation"
16:29:34.061 [main] INFO org.flywaydb.core.internal.command.DbMigrate -- Migrating schema "flyway" to version "16 - audited catalog commands"
16:29:34.256 [main] INFO org.flywaydb.core.internal.command.DbMigrate -- Migrating schema "flyway" to version "17 - legacy csv compatibility projection"
16:29:34.365 [main] INFO org.flywaydb.core.internal.command.DbMigrate -- Migrating schema "flyway" to version "18 - official rating commands"
16:29:34.416 [main] INFO org.flywaydb.core.internal.command.DbMigrate -- Migrating schema "flyway" to version "19 - safe health operational snapshot"
16:29:34.456 [main] INFO org.flywaydb.core.internal.command.DbMigrate -- Migrating schema "flyway" to version "20 - catalog url and version compatibility"
16:29:34.483 [main] INFO org.flywaydb.core.internal.command.DbMigrate -- Successfully applied 20 migrations to schema "flyway", now at version v20 (execution time 00:01.442s)
16:29:38.633 [main] INFO org.flywaydb.core.FlywayExecutor -- Database: jdbc:postgresql://127.0.0.1:54905/mranked_period_e2d672ab761a44b4801cde17e59ace01_it (PostgreSQL 18.6)
16:29:38.660 [main] INFO org.flywaydb.core.internal.command.DbValidate -- Successfully validated 30 migrations (execution time 00:00.013s)
16:29:38.686 [main] INFO org.flywaydb.core.internal.command.DbMigrate -- Current version of schema "flyway": 20
16:29:38.691 [main] INFO org.flywaydb.core.internal.command.DbMigrate -- Migrating schema "flyway" to version "21 - legacy period first observation policy"
16:29:38.979 [main] INFO org.flywaydb.core.internal.sqlscript.DefaultSqlScriptExecutor -- DB: schema "pg_temp" does not exist, skipping
16:29:38.980 [main] INFO org.flywaydb.core.internal.sqlscript.DefaultSqlScriptExecutor -- DB: table "mranked_csv_lexeme" does not exist, skipping
16:29:38.980 [main] INFO org.flywaydb.core.internal.sqlscript.DefaultSqlScriptExecutor -- DB: table "mranked_csv_publication" does not exist, skipping
16:29:38.980 [main] INFO org.flywaydb.core.internal.sqlscript.DefaultSqlScriptExecutor -- DB: table "mranked_csv_snapshot" does not exist, skipping
16:29:39.009 [main] INFO org.flywaydb.core.internal.command.DbMigrate -- Migrating schema "flyway" to version "22 - durable legacy csv archive facts"
16:29:39.073 [main] INFO org.flywaydb.core.internal.sqlscript.DefaultSqlScriptExecutor -- DB: table "mranked_csv_lexeme" does not exist, skipping
16:29:39.073 [main] INFO org.flywaydb.core.internal.sqlscript.DefaultSqlScriptExecutor -- DB: table "mranked_csv_publication" does not exist, skipping
16:29:39.073 [main] INFO org.flywaydb.core.internal.sqlscript.DefaultSqlScriptExecutor -- DB: table "mranked_csv_snapshot" does not exist, skipping
16:29:39.108 [main] INFO org.flywaydb.core.internal.command.DbMigrate -- Migrating schema "flyway" to version "23 - official rating entity context"
16:29:39.406 [main] INFO org.flywaydb.core.internal.sqlscript.DefaultSqlScriptExecutor -- DB: table "mranked_projection_snapshot" does not exist, skipping
16:29:39.406 [main] INFO org.flywaydb.core.internal.sqlscript.DefaultSqlScriptExecutor -- DB: table "mranked_csv_lexeme" does not exist, skipping
16:29:39.406 [main] INFO org.flywaydb.core.internal.sqlscript.DefaultSqlScriptExecutor -- DB: table "mranked_csv_publication" does not exist, skipping
16:29:39.406 [main] INFO org.flywaydb.core.internal.sqlscript.DefaultSqlScriptExecutor -- DB: table "mranked_csv_snapshot" does not exist, skipping
16:29:39.442 [main] INFO org.flywaydb.core.internal.command.DbMigrate -- Migrating schema "flyway" to version "24 - ordered history reaction details"
16:29:39.492 [main] INFO org.flywaydb.core.internal.command.DbMigrate -- Migrating schema "flyway" to version "25 - safe legacy account presentation"
16:29:39.505 [main] INFO org.flywaydb.core.internal.command.DbMigrate -- Migrating schema "flyway" to version "26 - independent projection verifier reads"
16:29:39.518 [main] INFO org.flywaydb.core.internal.command.DbMigrate -- Migrating schema "flyway" to version "27 - retained disabled platform period metrics"
16:29:39.811 [main] INFO org.flywaydb.core.internal.sqlscript.DefaultSqlScriptExecutor -- DB: table "mranked_projection_snapshot" does not exist, skipping
16:29:39.811 [main] INFO org.flywaydb.core.internal.sqlscript.DefaultSqlScriptExecutor -- DB: table "mranked_csv_lexeme" does not exist, skipping
16:29:39.811 [main] INFO org.flywaydb.core.internal.sqlscript.DefaultSqlScriptExecutor -- DB: table "mranked_csv_publication" does not exist, skipping
16:29:39.811 [main] INFO org.flywaydb.core.internal.sqlscript.DefaultSqlScriptExecutor -- DB: table "mranked_csv_snapshot" does not exist, skipping
16:29:39.834 [main] INFO org.flywaydb.core.internal.command.DbMigrate -- Migrating schema "flyway" to version "28 - identity command receipt verifier acl"
16:29:39.850 [main] INFO org.flywaydb.core.internal.command.DbMigrate -- Migrating schema "flyway" to version "29 - monotonic native identity transitions"
16:29:39.866 [main] INFO org.flywaydb.core.internal.command.DbMigrate -- Successfully applied 9 migrations to schema "flyway", now at version v29 (execution time 00:01.027s)
[INFO] Tests run: 2, Failures: 0, Errors: 0, Skipped: 0, Time elapsed: 24.34 s -- in org.mranked.query.infrastructure.LegacyPeriodOraclePostgresIntegrationTest
[INFO] Running org.mranked.query.infrastructure.LegacyGoldenProjectionIntegrationTest
16:29:41.696 [main] INFO org.flywaydb.core.FlywayExecutor -- Database: jdbc:postgresql://127.0.0.1:54905/golden_it (PostgreSQL 18.6)
16:29:41.819 [main] INFO org.flywaydb.core.internal.database.base.Schema -- Creating schema "flyway" ...
16:29:41.829 [main] INFO org.flywaydb.core.internal.schemahistory.JdbcTableSchemaHistory -- Creating Schema History table "flyway"."flyway_schema_history" ...
16:29:41.878 [main] INFO org.flywaydb.core.internal.command.DbMigrate -- Current version of schema "flyway": null
16:29:41.911 [main] INFO org.flywaydb.core.internal.command.DbMigrate -- Migrating schema "flyway" to version "1 - target baseline"
16:29:42.313 [main] INFO org.flywaydb.core.internal.sqlscript.DefaultSqlScriptExecutor -- +--------------------------------------------+
| ensure_publication_metric_partition        |
+--------------------------------------------+
| ingest.publication_metric_snapshot_2026_06 |
| ingest.publication_metric_snapshot_2026_07 |
| ingest.publication_metric_snapshot_2026_08 |
| ingest.publication_metric_snapshot_2026_09 |
| ingest.publication_metric_snapshot_2026_10 |
| ingest.publication_metric_snapshot_2026_11 |
+--------------------------------------------+

16:29:42.437 [main] INFO org.flywaydb.core.internal.command.DbMigrate -- Migrating schema "flyway" to version "2 - rebuild core projections"
16:29:42.475 [main] INFO org.flywaydb.core.internal.command.DbMigrate -- Migrating schema "flyway" to version "3 - collector observation times and identity grants"
16:29:42.542 [main] INFO org.flywaydb.core.internal.command.DbMigrate -- Migrating schema "flyway" to version "4 - admin collection run status grants"
16:29:42.563 [main] INFO org.flywaydb.core.internal.command.DbMigrate -- Migrating schema "flyway" to version "5 - legacy activity period projection"
16:29:42.589 [main] INFO org.flywaydb.core.internal.command.DbMigrate -- Migrating schema "flyway" to version "6 - comparison valid observation hourly projection"
16:29:42.641 [main] INFO org.flywaydb.core.internal.command.DbMigrate -- Migrating schema "flyway" to version "7 - activity rating read grants"
16:29:42.667 [main] INFO org.flywaydb.core.internal.command.DbMigrate -- Migrating schema "flyway" to version "8 - legacy overview projection"
16:29:42.769 [main] INFO org.flywaydb.core.internal.command.DbMigrate -- Migrating schema "flyway" to version "9 - immutable observations quality archive fence"
16:29:42.989 [main] INFO org.flywaydb.core.internal.command.DbMigrate -- Migrating schema "flyway" to version "10 - consistent public queries and formula guards"
16:29:43.081 [main] INFO org.flywaydb.core.internal.command.DbMigrate -- Migrating schema "flyway" to version "11 - bridge identity lineage and reconciliation"
16:29:43.118 [main] INFO org.flywaydb.core.internal.command.DbMigrate -- Migrating schema "flyway" to version "12 - detail history projection"
16:29:43.150 [main] INFO org.flywaydb.core.internal.command.DbMigrate -- Migrating schema "flyway" to version "13 - immutable account identity history"
16:29:43.163 [main] INFO org.flywaydb.core.internal.command.DbMigrate -- Migrating schema "flyway" to version "14 - public archived publication text"
16:29:43.203 [main] INFO org.flywaydb.core.internal.command.DbMigrate -- Migrating schema "flyway" to version "15 - verified source preservation"
16:29:43.257 [main] INFO org.flywaydb.core.internal.command.DbMigrate -- Migrating schema "flyway" to version "16 - audited catalog commands"
16:29:43.325 [main] INFO org.flywaydb.core.internal.command.DbMigrate -- Migrating schema "flyway" to version "17 - legacy csv compatibility projection"
16:29:43.381 [main] INFO org.flywaydb.core.internal.command.DbMigrate -- Migrating schema "flyway" to version "18 - official rating commands"
16:29:43.438 [main] INFO org.flywaydb.core.internal.command.DbMigrate -- Migrating schema "flyway" to version "19 - safe health operational snapshot"
16:29:43.465 [main] INFO org.flywaydb.core.internal.command.DbMigrate -- Migrating schema "flyway" to version "20 - catalog url and version compatibility"
16:29:43.492 [main] INFO org.flywaydb.core.internal.command.DbMigrate -- Migrating schema "flyway" to version "21 - legacy period first observation policy"
16:29:43.518 [main] INFO org.flywaydb.core.internal.command.DbMigrate -- Migrating schema "flyway" to version "22 - durable legacy csv archive facts"
16:29:43.564 [main] INFO org.flywaydb.core.internal.command.DbMigrate -- Migrating schema "flyway" to version "23 - official rating entity context"
16:29:43.585 [main] INFO org.flywaydb.core.internal.command.DbMigrate -- Migrating schema "flyway" to version "24 - ordered history reaction details"
16:29:43.611 [main] INFO org.flywaydb.core.internal.command.DbMigrate -- Migrating schema "flyway" to version "25 - safe legacy account presentation"
16:29:43.629 [main] INFO org.flywaydb.core.internal.command.DbMigrate -- Migrating schema "flyway" to version "26 - independent projection verifier reads"
16:29:43.642 [main] INFO org.flywaydb.core.internal.command.DbMigrate -- Migrating schema "flyway" to version "27 - retained disabled platform period metrics"
16:29:43.662 [main] INFO org.flywaydb.core.internal.command.DbMigrate -- Migrating schema "flyway" to version "28 - identity command receipt verifier acl"
16:29:43.686 [main] INFO org.flywaydb.core.internal.command.DbMigrate -- Migrating schema "flyway" to version "29 - monotonic native identity transitions"
16:29:43.705 [main] INFO org.flywaydb.core.internal.command.DbMigrate -- Successfully applied 29 migrations to schema "flyway", now at version v29 (execution time 00:01.311s)
[INFO] Tests run: 2, Failures: 0, Errors: 0, Skipped: 0, Time elapsed: 2.910 s -- in org.mranked.query.infrastructure.LegacyGoldenProjectionIntegrationTest
[INFO] Running org.mranked.query.infrastructure.ActivityRatingGrantMigrationTest
[INFO] Tests run: 1, Failures: 0, Errors: 0, Skipped: 0, Time elapsed: 0.001 s -- in org.mranked.query.infrastructure.ActivityRatingGrantMigrationTest
[INFO] Running org.mranked.query.domain.OverviewQueryTest
[INFO] Tests run: 3, Failures: 0, Errors: 0, Skipped: 0, Time elapsed: 0.016 s -- in org.mranked.query.domain.OverviewQueryTest
[INFO] Running org.mranked.query.domain.ComparisonSeriesTest
[INFO] Tests run: 2, Failures: 0, Errors: 0, Skipped: 0, Time elapsed: 0.006 s -- in org.mranked.query.domain.ComparisonSeriesTest
[INFO] Running org.mranked.query.domain.ComparisonSelectionTest
[INFO] Tests run: 3, Failures: 0, Errors: 0, Skipped: 0, Time elapsed: 0.010 s -- in org.mranked.query.domain.ComparisonSelectionTest
[INFO] Running org.mranked.query.domain.ActivityRatingQueryTest
[INFO] Tests run: 3, Failures: 0, Errors: 0, Skipped: 0, Time elapsed: 0.003 s -- in org.mranked.query.domain.ActivityRatingQueryTest
[INFO] Running org.mranked.legacyexport.application.LegacyCsvServiceTest
[INFO] Tests run: 4, Failures: 0, Errors: 0, Skipped: 0, Time elapsed: 3.081 s -- in org.mranked.legacyexport.application.LegacyCsvServiceTest
[INFO] Running org.mranked.legacyexport.infrastructure.LegacyCsvPostgresIntegrationTest
16:29:47.810 [main] INFO org.flywaydb.core.FlywayExecutor -- Database: jdbc:postgresql://127.0.0.1:54905/mranked_csv_70d4f0b94e6643278c40c7576f465292_it (PostgreSQL 18.6)
16:29:47.835 [main] INFO org.flywaydb.core.internal.database.base.Schema -- Creating schema "flyway" ...
16:29:47.842 [main] INFO org.flywaydb.core.internal.schemahistory.JdbcTableSchemaHistory -- Creating Schema History table "flyway"."flyway_schema_history" ...
16:29:47.906 [main] INFO org.flywaydb.core.internal.command.DbMigrate -- Current version of schema "flyway": null
16:29:47.934 [main] INFO org.flywaydb.core.internal.command.DbMigrate -- Migrating schema "flyway" to version "1 - target baseline"
16:29:48.507 [main] INFO org.flywaydb.core.internal.sqlscript.DefaultSqlScriptExecutor -- +--------------------------------------------+
| ensure_publication_metric_partition        |
+--------------------------------------------+
| ingest.publication_metric_snapshot_2026_06 |
| ingest.publication_metric_snapshot_2026_07 |
| ingest.publication_metric_snapshot_2026_08 |
| ingest.publication_metric_snapshot_2026_09 |
| ingest.publication_metric_snapshot_2026_10 |
| ingest.publication_metric_snapshot_2026_11 |
+--------------------------------------------+

16:29:48.682 [main] INFO org.flywaydb.core.internal.command.DbMigrate -- Migrating schema "flyway" to version "2 - rebuild core projections"
16:29:48.726 [main] INFO org.flywaydb.core.internal.command.DbMigrate -- Migrating schema "flyway" to version "3 - collector observation times and identity grants"
16:29:48.828 [main] INFO org.flywaydb.core.internal.command.DbMigrate -- Migrating schema "flyway" to version "4 - admin collection run status grants"
16:29:48.868 [main] INFO org.flywaydb.core.internal.command.DbMigrate -- Migrating schema "flyway" to version "5 - legacy activity period projection"
16:29:48.930 [main] INFO org.flywaydb.core.internal.command.DbMigrate -- Migrating schema "flyway" to version "6 - comparison valid observation hourly projection"
16:29:48.996 [main] INFO org.flywaydb.core.internal.command.DbMigrate -- Migrating schema "flyway" to version "7 - activity rating read grants"
16:29:49.056 [main] INFO org.flywaydb.core.internal.command.DbMigrate -- Migrating schema "flyway" to version "8 - legacy overview projection"
16:29:49.223 [main] INFO org.flywaydb.core.internal.command.DbMigrate -- Migrating schema "flyway" to version "9 - immutable observations quality archive fence"
16:29:49.427 [main] INFO org.flywaydb.core.internal.command.DbMigrate -- Migrating schema "flyway" to version "10 - consistent public queries and formula guards"
16:29:49.473 [main] INFO org.flywaydb.core.internal.command.DbMigrate -- Migrating schema "flyway" to version "11 - bridge identity lineage and reconciliation"
16:29:49.512 [main] INFO org.flywaydb.core.internal.command.DbMigrate -- Migrating schema "flyway" to version "12 - detail history projection"
16:29:49.543 [main] INFO org.flywaydb.core.internal.command.DbMigrate -- Migrating schema "flyway" to version "13 - immutable account identity history"
16:29:49.583 [main] INFO org.flywaydb.core.internal.command.DbMigrate -- Migrating schema "flyway" to version "14 - public archived publication text"
16:29:49.611 [main] INFO org.flywaydb.core.internal.command.DbMigrate -- Migrating schema "flyway" to version "15 - verified source preservation"
16:29:49.657 [main] INFO org.flywaydb.core.internal.command.DbMigrate -- Migrating schema "flyway" to version "16 - audited catalog commands"
16:29:49.709 [main] INFO org.flywaydb.core.internal.command.DbMigrate -- Migrating schema "flyway" to version "17 - legacy csv compatibility projection"
16:29:49.773 [main] INFO org.flywaydb.core.internal.command.DbMigrate -- Migrating schema "flyway" to version "18 - official rating commands"
16:29:49.817 [main] INFO org.flywaydb.core.internal.command.DbMigrate -- Migrating schema "flyway" to version "19 - safe health operational snapshot"
16:29:49.842 [main] INFO org.flywaydb.core.internal.command.DbMigrate -- Migrating schema "flyway" to version "20 - catalog url and version compatibility"
16:29:49.869 [main] INFO org.flywaydb.core.internal.command.DbMigrate -- Migrating schema "flyway" to version "21 - legacy period first observation policy"
16:29:49.907 [main] INFO org.flywaydb.core.internal.command.DbMigrate -- Migrating schema "flyway" to version "22 - durable legacy csv archive facts"
16:29:49.999 [main] INFO org.flywaydb.core.internal.command.DbMigrate -- Migrating schema "flyway" to version "23 - official rating entity context"
16:29:50.086 [main] INFO org.flywaydb.core.internal.command.DbMigrate -- Migrating schema "flyway" to version "24 - ordered history reaction details"
16:29:50.124 [main] INFO org.flywaydb.core.internal.command.DbMigrate -- Migrating schema "flyway" to version "25 - safe legacy account presentation"
16:29:50.159 [main] INFO org.flywaydb.core.internal.command.DbMigrate -- Migrating schema "flyway" to version "26 - independent projection verifier reads"
16:29:50.180 [main] INFO org.flywaydb.core.internal.command.DbMigrate -- Migrating schema "flyway" to version "27 - retained disabled platform period metrics"
16:29:50.199 [main] INFO org.flywaydb.core.internal.command.DbMigrate -- Migrating schema "flyway" to version "28 - identity command receipt verifier acl"
16:29:50.221 [main] INFO org.flywaydb.core.internal.command.DbMigrate -- Migrating schema "flyway" to version "29 - monotonic native identity transitions"
16:29:50.237 [main] INFO org.flywaydb.core.internal.command.DbMigrate -- Successfully applied 29 migrations to schema "flyway", now at version v29 (execution time 00:01.680s)
16:29:54.121 [main] INFO org.springframework.mock.web.MockServletContext -- Initializing Spring TestDispatcherServlet ''
16:29:54.122 [main] INFO org.springframework.test.web.servlet.TestDispatcherServlet -- Initializing Servlet ''
16:29:54.122 [main] INFO org.springframework.test.web.servlet.TestDispatcherServlet -- Completed initialization in 0 ms
16:30:00.259 [main] INFO org.springframework.mock.web.MockServletContext -- Initializing Spring TestDispatcherServlet ''
16:30:00.259 [main] INFO org.springframework.test.web.servlet.TestDispatcherServlet -- Initializing Servlet ''
16:30:00.259 [main] INFO org.springframework.test.web.servlet.TestDispatcherServlet -- Completed initialization in 0 ms
[INFO] Tests run: 1, Failures: 0, Errors: 0, Skipped: 0, Time elapsed: 13.63 s -- in org.mranked.legacyexport.infrastructure.LegacyCsvPostgresIntegrationTest
[INFO] Running org.mranked.legacyexport.infrastructure.LegacyCsvArchivePostgresIntegrationTest
16:30:01.333 [main] INFO org.flywaydb.core.FlywayExecutor -- Database: jdbc:postgresql://127.0.0.1:54905/mranked_csv_archive_16d380b9fe35483691a9e526fc1de7c2_it (PostgreSQL 18.6)
16:30:01.346 [main] INFO org.flywaydb.core.internal.database.base.Schema -- Creating schema "flyway" ...
16:30:01.349 [main] INFO org.flywaydb.core.internal.schemahistory.JdbcTableSchemaHistory -- Creating Schema History table "flyway"."flyway_schema_history" ...
16:30:01.386 [main] INFO org.flywaydb.core.internal.command.DbMigrate -- Current version of schema "flyway": null
16:30:01.398 [main] INFO org.flywaydb.core.internal.command.DbMigrate -- Migrating schema "flyway" to version "1 - target baseline"
16:30:01.585 [main] INFO org.flywaydb.core.internal.sqlscript.DefaultSqlScriptExecutor -- +--------------------------------------------+
| ensure_publication_metric_partition        |
+--------------------------------------------+
| ingest.publication_metric_snapshot_2026_06 |
| ingest.publication_metric_snapshot_2026_07 |
| ingest.publication_metric_snapshot_2026_08 |
| ingest.publication_metric_snapshot_2026_09 |
| ingest.publication_metric_snapshot_2026_10 |
| ingest.publication_metric_snapshot_2026_11 |
+--------------------------------------------+

16:30:01.639 [main] INFO org.flywaydb.core.internal.command.DbMigrate -- Migrating schema "flyway" to version "2 - rebuild core projections"
16:30:01.656 [main] INFO org.flywaydb.core.internal.command.DbMigrate -- Migrating schema "flyway" to version "3 - collector observation times and identity grants"
16:30:01.688 [main] INFO org.flywaydb.core.internal.command.DbMigrate -- Migrating schema "flyway" to version "4 - admin collection run status grants"
16:30:01.701 [main] INFO org.flywaydb.core.internal.command.DbMigrate -- Migrating schema "flyway" to version "5 - legacy activity period projection"
16:30:01.726 [main] INFO org.flywaydb.core.internal.command.DbMigrate -- Migrating schema "flyway" to version "6 - comparison valid observation hourly projection"
16:30:01.752 [main] INFO org.flywaydb.core.internal.command.DbMigrate -- Migrating schema "flyway" to version "7 - activity rating read grants"
16:30:01.769 [main] INFO org.flywaydb.core.internal.command.DbMigrate -- Migrating schema "flyway" to version "8 - legacy overview projection"
16:30:01.820 [main] INFO org.flywaydb.core.internal.command.DbMigrate -- Migrating schema "flyway" to version "9 - immutable observations quality archive fence"
16:30:01.909 [main] INFO org.flywaydb.core.internal.command.DbMigrate -- Migrating schema "flyway" to version "10 - consistent public queries and formula guards"
16:30:01.962 [main] INFO org.flywaydb.core.internal.command.DbMigrate -- Migrating schema "flyway" to version "11 - bridge identity lineage and reconciliation"
16:30:01.988 [main] INFO org.flywaydb.core.internal.command.DbMigrate -- Migrating schema "flyway" to version "12 - detail history projection"
16:30:02.010 [main] INFO org.flywaydb.core.internal.command.DbMigrate -- Migrating schema "flyway" to version "13 - immutable account identity history"
16:30:02.025 [main] INFO org.flywaydb.core.internal.command.DbMigrate -- Migrating schema "flyway" to version "14 - public archived publication text"
16:30:02.045 [main] INFO org.flywaydb.core.internal.command.DbMigrate -- Migrating schema "flyway" to version "15 - verified source preservation"
16:30:02.063 [main] INFO org.flywaydb.core.internal.command.DbMigrate -- Migrating schema "flyway" to version "16 - audited catalog commands"
16:30:02.100 [main] INFO org.flywaydb.core.internal.command.DbMigrate -- Migrating schema "flyway" to version "17 - legacy csv compatibility projection"
16:30:02.148 [main] INFO org.flywaydb.core.internal.command.DbMigrate -- Migrating schema "flyway" to version "18 - official rating commands"
16:30:02.187 [main] INFO org.flywaydb.core.internal.command.DbMigrate -- Migrating schema "flyway" to version "19 - safe health operational snapshot"
16:30:02.201 [main] INFO org.flywaydb.core.internal.command.DbMigrate -- Migrating schema "flyway" to version "20 - catalog url and version compatibility"
16:30:02.219 [main] INFO org.flywaydb.core.internal.command.DbMigrate -- Migrating schema "flyway" to version "21 - legacy period first observation policy"
16:30:02.257 [main] INFO org.flywaydb.core.internal.command.DbMigrate -- Migrating schema "flyway" to version "22 - durable legacy csv archive facts"
16:30:02.310 [main] INFO org.flywaydb.core.internal.command.DbMigrate -- Migrating schema "flyway" to version "23 - official rating entity context"
16:30:02.332 [main] INFO org.flywaydb.core.internal.command.DbMigrate -- Migrating schema "flyway" to version "24 - ordered history reaction details"
16:30:02.351 [main] INFO org.flywaydb.core.internal.command.DbMigrate -- Migrating schema "flyway" to version "25 - safe legacy account presentation"
16:30:02.364 [main] INFO org.flywaydb.core.internal.command.DbMigrate -- Migrating schema "flyway" to version "26 - independent projection verifier reads"
16:30:02.374 [main] INFO org.flywaydb.core.internal.command.DbMigrate -- Migrating schema "flyway" to version "27 - retained disabled platform period metrics"
16:30:02.389 [main] INFO org.flywaydb.core.internal.command.DbMigrate -- Migrating schema "flyway" to version "28 - identity command receipt verifier acl"
16:30:02.398 [main] INFO org.flywaydb.core.internal.command.DbMigrate -- Migrating schema "flyway" to version "29 - monotonic native identity transitions"
16:30:02.408 [main] INFO org.flywaydb.core.internal.command.DbMigrate -- Successfully applied 29 migrations to schema "flyway", now at version v29 (execution time 00:00.698s)
16:30:06.235 [main] INFO org.springframework.mock.web.MockServletContext -- Initializing Spring TestDispatcherServlet ''
16:30:06.235 [main] INFO org.springframework.test.web.servlet.TestDispatcherServlet -- Initializing Servlet ''
16:30:06.235 [main] INFO org.springframework.test.web.servlet.TestDispatcherServlet -- Completed initialization in 0 ms
16:30:07.310 [main] INFO org.springframework.mock.web.MockServletContext -- Initializing Spring TestDispatcherServlet ''
16:30:07.310 [main] INFO org.springframework.test.web.servlet.TestDispatcherServlet -- Initializing Servlet ''
16:30:07.311 [main] INFO org.springframework.test.web.servlet.TestDispatcherServlet -- Completed initialization in 1 ms
16:30:07.728 [main] INFO org.flywaydb.core.FlywayExecutor -- Database: jdbc:postgresql://127.0.0.1:54905/mranked_csv_archive_b25ed1bc6a3149c281c2941bc36a56b4_it (PostgreSQL 18.6)
16:30:07.739 [main] INFO org.flywaydb.core.internal.database.base.Schema -- Creating schema "flyway" ...
16:30:07.743 [main] INFO org.flywaydb.core.internal.schemahistory.JdbcTableSchemaHistory -- Creating Schema History table "flyway"."flyway_schema_history" ...
16:30:07.777 [main] INFO org.flywaydb.core.internal.command.DbMigrate -- Current version of schema "flyway": null
16:30:07.791 [main] INFO org.flywaydb.core.internal.command.DbMigrate -- Migrating schema "flyway" to version "1 - target baseline"
16:30:08.165 [main] INFO org.flywaydb.core.internal.sqlscript.DefaultSqlScriptExecutor -- +--------------------------------------------+
| ensure_publication_metric_partition        |
+--------------------------------------------+
| ingest.publication_metric_snapshot_2026_06 |
| ingest.publication_metric_snapshot_2026_07 |
| ingest.publication_metric_snapshot_2026_08 |
| ingest.publication_metric_snapshot_2026_09 |
| ingest.publication_metric_snapshot_2026_10 |
| ingest.publication_metric_snapshot_2026_11 |
+--------------------------------------------+

16:30:08.232 [main] INFO org.flywaydb.core.internal.command.DbMigrate -- Migrating schema "flyway" to version "2 - rebuild core projections"
16:30:08.259 [main] INFO org.flywaydb.core.internal.command.DbMigrate -- Migrating schema "flyway" to version "3 - collector observation times and identity grants"
16:30:08.293 [main] INFO org.flywaydb.core.internal.command.DbMigrate -- Migrating schema "flyway" to version "4 - admin collection run status grants"
16:30:08.307 [main] INFO org.flywaydb.core.internal.command.DbMigrate -- Migrating schema "flyway" to version "5 - legacy activity period projection"
16:30:08.325 [main] INFO org.flywaydb.core.internal.command.DbMigrate -- Migrating schema "flyway" to version "6 - comparison valid observation hourly projection"
16:30:08.353 [main] INFO org.flywaydb.core.internal.command.DbMigrate -- Migrating schema "flyway" to version "7 - activity rating read grants"
16:30:08.383 [main] INFO org.flywaydb.core.internal.command.DbMigrate -- Migrating schema "flyway" to version "8 - legacy overview projection"
16:30:08.440 [main] INFO org.flywaydb.core.internal.command.DbMigrate -- Migrating schema "flyway" to version "9 - immutable observations quality archive fence"
16:30:08.552 [main] INFO org.flywaydb.core.internal.command.DbMigrate -- Migrating schema "flyway" to version "10 - consistent public queries and formula guards"
16:30:08.588 [main] INFO org.flywaydb.core.internal.command.DbMigrate -- Migrating schema "flyway" to version "11 - bridge identity lineage and reconciliation"
16:30:08.616 [main] INFO org.flywaydb.core.internal.command.DbMigrate -- Migrating schema "flyway" to version "12 - detail history projection"
16:30:08.637 [main] INFO org.flywaydb.core.internal.command.DbMigrate -- Migrating schema "flyway" to version "13 - immutable account identity history"
16:30:08.648 [main] INFO org.flywaydb.core.internal.command.DbMigrate -- Migrating schema "flyway" to version "14 - public archived publication text"
16:30:08.666 [main] INFO org.flywaydb.core.internal.command.DbMigrate -- Migrating schema "flyway" to version "15 - verified source preservation"
16:30:08.685 [main] INFO org.flywaydb.core.internal.command.DbMigrate -- Migrating schema "flyway" to version "16 - audited catalog commands"
16:30:08.729 [main] INFO org.flywaydb.core.internal.command.DbMigrate -- Migrating schema "flyway" to version "17 - legacy csv compatibility projection"
16:30:08.770 [main] INFO org.flywaydb.core.internal.command.DbMigrate -- Migrating schema "flyway" to version "18 - official rating commands"
16:30:08.798 [main] INFO org.flywaydb.core.internal.command.DbMigrate -- Migrating schema "flyway" to version "19 - safe health operational snapshot"
16:30:08.815 [main] INFO org.flywaydb.core.internal.command.DbMigrate -- Migrating schema "flyway" to version "20 - catalog url and version compatibility"
16:30:08.833 [main] INFO org.flywaydb.core.internal.command.DbMigrate -- Migrating schema "flyway" to version "21 - legacy period first observation policy"
16:30:08.867 [main] INFO org.flywaydb.core.internal.command.DbMigrate -- Migrating schema "flyway" to version "22 - durable legacy csv archive facts"
16:30:08.923 [main] INFO org.flywaydb.core.internal.command.DbMigrate -- Migrating schema "flyway" to version "23 - official rating entity context"
16:30:08.947 [main] INFO org.flywaydb.core.internal.command.DbMigrate -- Migrating schema "flyway" to version "24 - ordered history reaction details"
16:30:08.974 [main] INFO org.flywaydb.core.internal.command.DbMigrate -- Migrating schema "flyway" to version "25 - safe legacy account presentation"
16:30:09.001 [main] INFO org.flywaydb.core.internal.command.DbMigrate -- Migrating schema "flyway" to version "26 - independent projection verifier reads"
16:30:09.013 [main] INFO org.flywaydb.core.internal.command.DbMigrate -- Migrating schema "flyway" to version "27 - retained disabled platform period metrics"
16:30:09.030 [main] INFO org.flywaydb.core.internal.command.DbMigrate -- Migrating schema "flyway" to version "28 - identity command receipt verifier acl"
16:30:09.041 [main] INFO org.flywaydb.core.internal.command.DbMigrate -- Migrating schema "flyway" to version "29 - monotonic native identity transitions"
16:30:09.053 [main] INFO org.flywaydb.core.internal.command.DbMigrate -- Successfully applied 29 migrations to schema "flyway", now at version v29 (execution time 00:00.902s)
16:30:16.247 [main] INFO org.springframework.mock.web.MockServletContext -- Initializing Spring TestDispatcherServlet ''
16:30:16.247 [main] INFO org.springframework.test.web.servlet.TestDispatcherServlet -- Initializing Servlet ''
16:30:16.247 [main] INFO org.springframework.test.web.servlet.TestDispatcherServlet -- Completed initialization in 0 ms
16:30:17.249 [main] INFO org.springframework.mock.web.MockServletContext -- Initializing Spring TestDispatcherServlet ''
16:30:17.249 [main] INFO org.springframework.test.web.servlet.TestDispatcherServlet -- Initializing Servlet ''
16:30:17.249 [main] INFO org.springframework.test.web.servlet.TestDispatcherServlet -- Completed initialization in 0 ms
16:30:17.639 [main] INFO org.flywaydb.core.FlywayExecutor -- Database: jdbc:postgresql://127.0.0.1:54905/mranked_csv_archive_a00d44f524f74cafaa9c033a18f45cfc_it (PostgreSQL 18.6)
16:30:17.653 [main] INFO org.flywaydb.core.internal.database.base.Schema -- Creating schema "flyway" ...
16:30:17.657 [main] INFO org.flywaydb.core.internal.schemahistory.JdbcTableSchemaHistory -- Creating Schema History table "flyway"."flyway_schema_history" ...
16:30:17.691 [main] INFO org.flywaydb.core.internal.command.DbMigrate -- Current version of schema "flyway": null
16:30:17.706 [main] INFO org.flywaydb.core.internal.command.DbMigrate -- Migrating schema "flyway" to version "1 - target baseline"
16:30:18.049 [main] INFO org.flywaydb.core.internal.sqlscript.DefaultSqlScriptExecutor -- +--------------------------------------------+
| ensure_publication_metric_partition        |
+--------------------------------------------+
| ingest.publication_metric_snapshot_2026_06 |
| ingest.publication_metric_snapshot_2026_07 |
| ingest.publication_metric_snapshot_2026_08 |
| ingest.publication_metric_snapshot_2026_09 |
| ingest.publication_metric_snapshot_2026_10 |
| ingest.publication_metric_snapshot_2026_11 |
+--------------------------------------------+

16:30:18.131 [main] INFO org.flywaydb.core.internal.command.DbMigrate -- Migrating schema "flyway" to version "2 - rebuild core projections"
16:30:18.168 [main] INFO org.flywaydb.core.internal.command.DbMigrate -- Migrating schema "flyway" to version "3 - collector observation times and identity grants"
16:30:18.253 [main] INFO org.flywaydb.core.internal.command.DbMigrate -- Migrating schema "flyway" to version "4 - admin collection run status grants"
16:30:18.292 [main] INFO org.flywaydb.core.internal.command.DbMigrate -- Migrating schema "flyway" to version "5 - legacy activity period projection"
16:30:18.322 [main] INFO org.flywaydb.core.internal.command.DbMigrate -- Migrating schema "flyway" to version "6 - comparison valid observation hourly projection"
16:30:18.351 [main] INFO org.flywaydb.core.internal.command.DbMigrate -- Migrating schema "flyway" to version "7 - activity rating read grants"
16:30:18.379 [main] INFO org.flywaydb.core.internal.command.DbMigrate -- Migrating schema "flyway" to version "8 - legacy overview projection"
16:30:18.443 [main] INFO org.flywaydb.core.internal.command.DbMigrate -- Migrating schema "flyway" to version "9 - immutable observations quality archive fence"
16:30:18.608 [main] INFO org.flywaydb.core.internal.command.DbMigrate -- Migrating schema "flyway" to version "10 - consistent public queries and formula guards"
16:30:18.648 [main] INFO org.flywaydb.core.internal.command.DbMigrate -- Migrating schema "flyway" to version "11 - bridge identity lineage and reconciliation"
16:30:18.671 [main] INFO org.flywaydb.core.internal.command.DbMigrate -- Migrating schema "flyway" to version "12 - detail history projection"
16:30:18.691 [main] INFO org.flywaydb.core.internal.command.DbMigrate -- Migrating schema "flyway" to version "13 - immutable account identity history"
16:30:18.710 [main] INFO org.flywaydb.core.internal.command.DbMigrate -- Migrating schema "flyway" to version "14 - public archived publication text"
16:30:18.735 [main] INFO org.flywaydb.core.internal.command.DbMigrate -- Migrating schema "flyway" to version "15 - verified source preservation"
16:30:18.766 [main] INFO org.flywaydb.core.internal.command.DbMigrate -- Migrating schema "flyway" to version "16 - audited catalog commands"
16:30:18.817 [main] INFO org.flywaydb.core.internal.command.DbMigrate -- Migrating schema "flyway" to version "17 - legacy csv compatibility projection"
16:30:18.857 [main] INFO org.flywaydb.core.internal.command.DbMigrate -- Migrating schema "flyway" to version "18 - official rating commands"
16:30:18.883 [main] INFO org.flywaydb.core.internal.command.DbMigrate -- Migrating schema "flyway" to version "19 - safe health operational snapshot"
16:30:18.900 [main] INFO org.flywaydb.core.internal.command.DbMigrate -- Migrating schema "flyway" to version "20 - catalog url and version compatibility"
16:30:18.919 [main] INFO org.flywaydb.core.internal.command.DbMigrate -- Migrating schema "flyway" to version "21 - legacy period first observation policy"
16:30:18.948 [main] INFO org.flywaydb.core.internal.command.DbMigrate -- Successfully applied 21 migrations to schema "flyway", now at version v21 (execution time 00:00.912s)
16:30:22.560 [main] INFO org.springframework.mock.web.MockServletContext -- Initializing Spring TestDispatcherServlet ''
16:30:22.561 [main] INFO org.springframework.test.web.servlet.TestDispatcherServlet -- Initializing Servlet ''
16:30:22.561 [main] INFO org.springframework.test.web.servlet.TestDispatcherServlet -- Completed initialization in 0 ms
16:30:23.378 [main] INFO org.flywaydb.core.FlywayExecutor -- Database: jdbc:postgresql://127.0.0.1:54905/mranked_csv_archive_a00d44f524f74cafaa9c033a18f45cfc_it (PostgreSQL 18.6)
16:30:23.397 [main] INFO org.flywaydb.core.internal.command.DbValidate -- Successfully validated 30 migrations (execution time 00:00.009s)
16:30:23.410 [main] INFO org.flywaydb.core.internal.command.DbMigrate -- Current version of schema "flyway": 21
16:30:23.414 [main] INFO org.flywaydb.core.internal.command.DbMigrate -- Migrating schema "flyway" to version "22 - durable legacy csv archive facts"
16:30:23.459 [main] INFO org.flywaydb.core.internal.sqlscript.DefaultSqlScriptExecutor -- DB: schema "pg_temp" does not exist, skipping
16:30:23.459 [main] INFO org.flywaydb.core.internal.sqlscript.DefaultSqlScriptExecutor -- DB: table "mranked_csv_publication" does not exist, skipping
16:30:23.459 [main] INFO org.flywaydb.core.internal.sqlscript.DefaultSqlScriptExecutor -- DB: table "mranked_csv_snapshot" does not exist, skipping
16:30:23.472 [main] INFO org.flywaydb.core.internal.command.DbMigrate -- Migrating schema "flyway" to version "23 - official rating entity context"
16:30:23.536 [main] INFO org.flywaydb.core.internal.sqlscript.DefaultSqlScriptExecutor -- DB: table "mranked_projection_snapshot" does not exist, skipping
16:30:23.536 [main] INFO org.flywaydb.core.internal.sqlscript.DefaultSqlScriptExecutor -- DB: table "mranked_csv_lexeme" does not exist, skipping
16:30:23.536 [main] INFO org.flywaydb.core.internal.sqlscript.DefaultSqlScriptExecutor -- DB: table "mranked_csv_publication" does not exist, skipping
16:30:23.536 [main] INFO org.flywaydb.core.internal.sqlscript.DefaultSqlScriptExecutor -- DB: table "mranked_csv_snapshot" does not exist, skipping
16:30:23.554 [main] INFO org.flywaydb.core.internal.command.DbMigrate -- Migrating schema "flyway" to version "24 - ordered history reaction details"
16:30:23.578 [main] INFO org.flywaydb.core.internal.command.DbMigrate -- Migrating schema "flyway" to version "25 - safe legacy account presentation"
16:30:23.596 [main] INFO org.flywaydb.core.internal.command.DbMigrate -- Migrating schema "flyway" to version "26 - independent projection verifier reads"
16:30:23.607 [main] INFO org.flywaydb.core.internal.command.DbMigrate -- Migrating schema "flyway" to version "27 - retained disabled platform period metrics"
16:30:23.653 [main] INFO org.flywaydb.core.internal.sqlscript.DefaultSqlScriptExecutor -- DB: table "mranked_projection_snapshot" does not exist, skipping
16:30:23.653 [main] INFO org.flywaydb.core.internal.sqlscript.DefaultSqlScriptExecutor -- DB: table "mranked_csv_lexeme" does not exist, skipping
16:30:23.653 [main] INFO org.flywaydb.core.internal.sqlscript.DefaultSqlScriptExecutor -- DB: table "mranked_csv_publication" does not exist, skipping
16:30:23.653 [main] INFO org.flywaydb.core.internal.sqlscript.DefaultSqlScriptExecutor -- DB: table "mranked_csv_snapshot" does not exist, skipping
16:30:23.664 [main] INFO org.flywaydb.core.internal.command.DbMigrate -- Migrating schema "flyway" to version "28 - identity command receipt verifier acl"
16:30:23.676 [main] INFO org.flywaydb.core.internal.command.DbMigrate -- Migrating schema "flyway" to version "29 - monotonic native identity transitions"
16:30:23.689 [main] INFO org.flywaydb.core.internal.command.DbMigrate -- Successfully applied 8 migrations to schema "flyway", now at version v29 (execution time 00:00.195s)
16:30:23.698 [main] INFO org.springframework.mock.web.MockServletContext -- Initializing Spring TestDispatcherServlet ''
16:30:23.698 [main] INFO org.springframework.test.web.servlet.TestDispatcherServlet -- Initializing Servlet ''
16:30:23.698 [main] INFO org.springframework.test.web.servlet.TestDispatcherServlet -- Completed initialization in 0 ms
16:30:24.196 [main] INFO org.springframework.mock.web.MockServletContext -- Initializing Spring TestDispatcherServlet ''
16:30:24.196 [main] INFO org.springframework.test.web.servlet.TestDispatcherServlet -- Initializing Servlet ''
16:30:24.197 [main] INFO org.springframework.test.web.servlet.TestDispatcherServlet -- Completed initialization in 1 ms
[INFO] Tests run: 3, Failures: 0, Errors: 0, Skipped: 0, Time elapsed: 23.23 s -- in org.mranked.legacyexport.infrastructure.LegacyCsvArchivePostgresIntegrationTest
[INFO] Running org.mranked.ArchitectureTest
16:30:24.486 [main] INFO com.tngtech.archunit.core.PluginLoader -- Detected Java version 21
[INFO] Tests run: 5, Failures: 0, Errors: 0, Skipped: 0, Time elapsed: 2.700 s -- in org.mranked.ArchitectureTest
[INFO] 
[INFO] Results:
[INFO] 
[INFO] Tests run: 216, Failures: 0, Errors: 0, Skipped: 4
[INFO] 
[INFO] ------------------------------------------------------------------------
[INFO] BUILD SUCCESS
[INFO] ------------------------------------------------------------------------
[INFO] Total time:  05:25 min
[INFO] Finished at: 2026-09-06T16:30:27+03:00
[INFO] ------------------------------------------------------------------------
